reference_id,table,canonical_id,operation,field,before,after
en-6b8ea434ff3c,catalog.sets,2fa71113-d1fe-4498-a69f-581cfdfc2f9e,update,native_name,Best of game,Best of Game
en-6b8ea434ff3c,catalog.sets,2fa71113-d1fe-4498-a69f-581cfdfc2f9e,update,english_display_name,Best of game,Best of Game
en-9fae739d1b50,catalog.sets,64aef6f8-1d6a-4279-9d48-b6540462f892,update,native_name,Ruby & Sapphire,EX Ruby & Sapphire
en-9fae739d1b50,catalog.sets,64aef6f8-1d6a-4279-9d48-b6540462f892,update,english_display_name,Ruby & Sapphire,EX Ruby & Sapphire
en-9fae739d1b50,catalog.sets,64aef6f8-1d6a-4279-9d48-b6540462f892,update,release_date,2003-07-01,2003-07-18
en-2c8548f403ec,catalog.sets,a13f0885-b15c-4ad1-94b5-9902581273cb,update,native_name,Sandstorm,EX Sandstorm
en-2c8548f403ec,catalog.sets,a13f0885-b15c-4ad1-94b5-9902581273cb,update,english_display_name,Sandstorm,EX Sandstorm
en-4136e90acfc5,catalog.sets,30914b3d-b822-4a86-98a7-64f043e4c3bf,update,native_name,Dragon,EX Dragon
en-4136e90acfc5,catalog.sets,30914b3d-b822-4a86-98a7-64f043e4c3bf,update,english_display_name,Dragon,EX Dragon
en-2716fcc13469,catalog.sets,5ec7db1f-74f3-4ad0-8e80-24a1712c1730,update,native_name,Team Magma vs Team Aqua,EX Team Magma vs Team Aqua
en-2716fcc13469,catalog.sets,5ec7db1f-74f3-4ad0-8e80-24a1712c1730,update,english_display_name,Team Magma vs Team Aqua,EX Team Magma vs Team Aqua
en-2716fcc13469,catalog.sets,5ec7db1f-74f3-4ad0-8e80-24a1712c1730,update,release_date,2004-03-01,2004-03-15
en-8b591b123a2d,catalog.sets,d6412e14-45a5-48ed-81e0-70e09c56b9a3,update,native_name,Hidden Legends,EX Hidden Legends
en-8b591b123a2d,catalog.sets,d6412e14-45a5-48ed-81e0-70e09c56b9a3,update,english_display_name,Hidden Legends,EX Hidden Legends
en-8b591b123a2d,catalog.sets,d6412e14-45a5-48ed-81e0-70e09c56b9a3,update,release_date,2004-06-01,2004-06-14
en-f5ccf3069644,catalog.sets,1f4123e5-329b-4d39-9d85-7a079593fbcf,update,native_name,FireRed & LeafGreen,EX FireRed & LeafGreen
en-f5ccf3069644,catalog.sets,1f4123e5-329b-4d39-9d85-7a079593fbcf,update,english_display_name,FireRed & LeafGreen,EX FireRed & LeafGreen
en-f5ccf3069644,catalog.sets,1f4123e5-329b-4d39-9d85-7a079593fbcf,update,release_date,2004-09-01,2004-08-30
en-afe4a95f06f0,catalog.sets,b80b1e71-5fdf-4c7b-b08e-2970af16c6f6,update,native_name,Team Rocket Returns,EX Team Rocket Returns
en-afe4a95f06f0,catalog.sets,b80b1e71-5fdf-4c7b-b08e-2970af16c6f6,update,english_display_name,Team Rocket Returns,EX Team Rocket Returns
en-afe4a95f06f0,catalog.sets,b80b1e71-5fdf-4c7b-b08e-2970af16c6f6,update,release_date,2004-11-01,2004-11-08
en-c9757869c465,catalog.sets,3ef9a5ac-ff56-41e3-9c03-008368a5d58b,update,native_name,Deoxys,EX Deoxys
en-c9757869c465,catalog.sets,3ef9a5ac-ff56-41e3-9c03-008368a5d58b,update,english_display_name,Deoxys,EX Deoxys
en-c9757869c465,catalog.sets,3ef9a5ac-ff56-41e3-9c03-008368a5d58b,update,release_date,2005-02-01,2005-02-14
en-63dd78545f6b,catalog.sets,3c2cf854-99c6-4986-ae3f-92d7b64ca691,update,native_name,Emerald,EX Emerald
en-63dd78545f6b,catalog.sets,3c2cf854-99c6-4986-ae3f-92d7b64ca691,update,english_display_name,Emerald,EX Emerald
en-d8fc5898f167,catalog.sets,e29e51ac-ff0a-493a-9065-7e6705c6b044,update,native_name,Unseen Forces,EX Unseen Forces
en-d8fc5898f167,catalog.sets,e29e51ac-ff0a-493a-9065-7e6705c6b044,update,english_display_name,Unseen Forces,EX Unseen Forces
en-54098c178e15,catalog.sets,99249942-0d40-4681-89ef-ed4575e16313,update,native_name,Delta Species,EX Delta Species
en-54098c178e15,catalog.sets,99249942-0d40-4681-89ef-ed4575e16313,update,english_display_name,Delta Species,EX Delta Species
en-9cb8c9f6e536,catalog.sets,bf4f4e5f-7f84-4c74-aba4-7a72e11a17b2,update,native_name,Legend Maker,EX Legend Maker
en-9cb8c9f6e536,catalog.sets,bf4f4e5f-7f84-4c74-aba4-7a72e11a17b2,update,english_display_name,Legend Maker,EX Legend Maker
en-5b979908423c,catalog.sets,eadfaa16-b109-40b9-bdc9-e39bd7a81172,update,native_name,Holon Phantoms,EX Holon Phantoms
en-5b979908423c,catalog.sets,eadfaa16-b109-40b9-bdc9-e39bd7a81172,update,english_display_name,Holon Phantoms,EX Holon Phantoms
en-8e43e04c94fc,catalog.sets,17936dba-7b9a-4737-90a9-a0464d7a4919,update,native_name,Crystal Guardians,EX Crystal Guardians
en-8e43e04c94fc,catalog.sets,17936dba-7b9a-4737-90a9-a0464d7a4919,update,english_display_name,Crystal Guardians,EX Crystal Guardians
en-aaf4b3441b4d,catalog.sets,22af0c58-645c-42b6-a7d8-3e77e6b1e032,update,native_name,Dragon Frontiers,EX Dragon Frontiers
en-aaf4b3441b4d,catalog.sets,22af0c58-645c-42b6-a7d8-3e77e6b1e032,update,english_display_name,Dragon Frontiers,EX Dragon Frontiers
en-77949d1b2f91,catalog.sets,9703f44c-e45a-4bfb-952c-4e747357bd4e,update,native_name,Power Keepers,EX Power Keepers
en-77949d1b2f91,catalog.sets,9703f44c-e45a-4bfb-952c-4e747357bd4e,update,english_display_name,Power Keepers,EX Power Keepers
en-77949d1b2f91,catalog.sets,9703f44c-e45a-4bfb-952c-4e747357bd4e,update,release_date,2007-02-17,2007-02-14
en-c73b95bc6054,catalog.sets,8ebfab70-e7bb-48d8-98e7-dd8b948d12e8,update,release_date,2007-05-01,2007-05-23
en-8f4b9726b034,catalog.sets,986caaf1-1f2b-4525-ae93-4d455cfee8c5,update,release_date,2007-08-01,2007-08-22
en-16dc73b3bf13,catalog.sets,a9b641af-03cb-4a40-8b15-8a3b6ad01e48,update,release_date,2007-11-01,2007-11-07
en-c000628be18c,catalog.sets,d05cc70e-4db4-45cb-a831-1b74780b9772,update,release_date,2008-02-01,2008-02-13
en-e15ea065516f,catalog.sets,a0dc1218-59f9-45f7-841b-9e93ccfc3aea,update,release_date,2008-05-01,2008-05-21
en-70298cb313b5,catalog.sets,3f0f07ff-6f30-4034-98db-02bf9182ab78,update,release_date,2008-08-01,2008-08-20
en-3494d0cab367,catalog.sets,4b1e9001-6612-42bc-94ac-427b346006ee,update,release_date,2008-11-01,2008-11-05
en-570eb4a7ff82,catalog.sets,15cacaa9-5700-4067-b731-ca2bc452d5b7,update,native_name,HeartGold SoulSilver,HeartGold & SoulSilver
en-570eb4a7ff82,catalog.sets,15cacaa9-5700-4067-b731-ca2bc452d5b7,update,english_display_name,HeartGold SoulSilver,HeartGold & SoulSilver
en-fdf7f2c10a8c,catalog.sets,3be0e25e-8dbf-4edd-a75c-aae48dd673a8,update,native_name,Unleashed,HS—Unleashed
en-fdf7f2c10a8c,catalog.sets,3be0e25e-8dbf-4edd-a75c-aae48dd673a8,update,english_display_name,Unleashed,HS—Unleashed
en-2c6142e8a65e,catalog.sets,d48bebfe-e9a9-4b0c-adc9-cec8e109d93c,update,native_name,Undaunted,HS—Undaunted
en-2c6142e8a65e,catalog.sets,d48bebfe-e9a9-4b0c-adc9-cec8e109d93c,update,english_display_name,Undaunted,HS—Undaunted
en-8391c36c39f9,catalog.sets,623e0960-fbbf-4803-af40-960f3e0bbf9d,update,native_name,Triumphant,HS—Triumphant
en-8391c36c39f9,catalog.sets,623e0960-fbbf-4803-af40-960f3e0bbf9d,update,english_display_name,Triumphant,HS—Triumphant
en-153f1e2973ab,catalog.sets,ba16466a-a048-4563-acf2-5507fa211b96,update,printed_total,101,99
en-153f1e2973ab,catalog.sets,ba16466a-a048-4563-acf2-5507fa211b96,update,total,101,99
en-de9597f8f5f1,catalog.sets,603fd3a2-e829-4ca3-bb6d-3c235cde5373,update,total,216,211
en-3cb54e9ce33e,catalog.sets,cc6cdd14-13e7-5e11-82ce-c8a5151994d8,insert,id,,cc6cdd14-13e7-5e11-82ce-c8a5151994d8
en-3cb54e9ce33e,catalog.sets,cc6cdd14-13e7-5e11-82ce-c8a5151994d8,insert,game_code,,pokemon
en-3cb54e9ce33e,catalog.sets,cc6cdd14-13e7-5e11-82ce-c8a5151994d8,insert,language_code,,en
en-3cb54e9ce33e,catalog.sets,cc6cdd14-13e7-5e11-82ce-c8a5151994d8,insert,set_code,,M13
en-3cb54e9ce33e,catalog.sets,cc6cdd14-13e7-5e11-82ce-c8a5151994d8,insert,provider_set_code,,
en-3cb54e9ce33e,catalog.sets,cc6cdd14-13e7-5e11-82ce-c8a5151994d8,insert,release_date,,2013-10-13
en-3cb54e9ce33e,catalog.sets,cc6cdd14-13e7-5e11-82ce-c8a5151994d8,insert,printed_total,,12
en-3cb54e9ce33e,catalog.sets,cc6cdd14-13e7-5e11-82ce-c8a5151994d8,insert,total,,12
en-3cb54e9ce33e,catalog.sets,cc6cdd14-13e7-5e11-82ce-c8a5151994d8,insert,native_name,,McDonald's Collection 2013
en-3cb54e9ce33e,catalog.sets,cc6cdd14-13e7-5e11-82ce-c8a5151994d8,insert,english_display_name,,McDonald's Collection 2013
en-a430ca13ab89,catalog.sets,cbfa835f-4cc7-466f-8945-91e25831a94e,update,total,110,109
en-07be2898ea37,catalog.sets,2924aa8a-c471-4c3a-a98a-031ae26a8e1d,update,total,114,113
en-2d7a46bf4f40,catalog.sets,f382341d-5f76-40fe-8fe7-42e798790dc2,update,total,124,122
en-816bacadc3d6,catalog.sets,7bb54d57-5eef-43b5-a632-ad4242cb2784,update,total,112,110
en-94a46f468993,catalog.sets,fedab5a7-4bc0-4a45-8423-3d3054cece6e,update,total,101,100
en-e7aad6d1fbb0,catalog.sets,f7706a1b-61bc-4ff9-900c-5841034a5be6,update,release_date,2015-11-27,2015-10-14
en-02f878472b36,catalog.sets,85bda8bb-6ecf-444d-858b-1c2946a0427b,update,total,165,164
en-62bf8ccf548c,catalog.sets,2ba4eb07-8ffa-4e73-b9f3-78f8bd53d9e9,update,total,126,123
en-b287631747bd,catalog.sets,e40d96fe-ebdb-4c92-9259-6d5086d079bb,update,total,129,125
en-c6947a8b9b91,catalog.sets,9722bbd8-e6d1-49ac-b080-ff9be30589bc,update,release_date,2016-08-20,2016-08-19
en-8b72f8c8ec1f,catalog.sets,ad42d9fa-77e8-4ea4-a591-0591acd4e853,update,total,172,163
en-2fbc7c4dc4aa,catalog.sets,cc5b8c70-db14-4fa9-af42-4c43a1bedbd0,update,total,125,124
en-b873bbf63462,catalog.sets,c770d934-a953-4923-a411-4a17b422bb96,update,release_date,2018-10-19,2018-10-16
en-b58c098ade79,catalog.sets,67484037-191a-4fd6-bf2e-8e2dbf46e36b,update,release_date,2019-01-31,2019-02-01
en-ebcb2fa528a3,catalog.sets,106ceeb1-5af7-4d5d-99ba-d37af82193e8,update,native_name,Pokémon Futsal 2020,Pokémon Futsal
en-ebcb2fa528a3,catalog.sets,106ceeb1-5af7-4d5d-99ba-d37af82193e8,update,english_display_name,Pokémon Futsal 2020,Pokémon Futsal
en-3f3767d11463,catalog.sets,88ddd26c-c12a-54d9-9e50-440446ce3d1f,insert,id,,88ddd26c-c12a-54d9-9e50-440446ce3d1f
en-3f3767d11463,catalog.sets,88ddd26c-c12a-54d9-9e50-440446ce3d1f,insert,game_code,,pokemon
en-3f3767d11463,catalog.sets,88ddd26c-c12a-54d9-9e50-440446ce3d1f,insert,language_code,,en
en-3f3767d11463,catalog.sets,88ddd26c-c12a-54d9-9e50-440446ce3d1f,insert,set_code,,TT22
en-3f3767d11463,catalog.sets,88ddd26c-c12a-54d9-9e50-440446ce3d1f,insert,provider_set_code,,
en-3f3767d11463,catalog.sets,88ddd26c-c12a-54d9-9e50-440446ce3d1f,insert,release_date,,2022-09-01
en-3f3767d11463,catalog.sets,88ddd26c-c12a-54d9-9e50-440446ce3d1f,insert,printed_total,,30
en-3f3767d11463,catalog.sets,88ddd26c-c12a-54d9-9e50-440446ce3d1f,insert,total,,30
en-3f3767d11463,catalog.sets,88ddd26c-c12a-54d9-9e50-440446ce3d1f,insert,native_name,,Trick or Trade 2022
en-3f3767d11463,catalog.sets,88ddd26c-c12a-54d9-9e50-440446ce3d1f,insert,english_display_name,,Trick or Trade 2022
en-e10b0a22e149,catalog.sets,591184af-c1c9-5eb2-bf8f-43b2f7c5e08c,insert,id,,591184af-c1c9-5eb2-bf8f-43b2f7c5e08c
en-e10b0a22e149,catalog.sets,591184af-c1c9-5eb2-bf8f-43b2f7c5e08c,insert,game_code,,pokemon
en-e10b0a22e149,catalog.sets,591184af-c1c9-5eb2-bf8f-43b2f7c5e08c,insert,language_code,,en
en-e10b0a22e149,catalog.sets,591184af-c1c9-5eb2-bf8f-43b2f7c5e08c,insert,set_code,,PPS1
en-e10b0a22e149,catalog.sets,591184af-c1c9-5eb2-bf8f-43b2f7c5e08c,insert,provider_set_code,,
en-e10b0a22e149,catalog.sets,591184af-c1c9-5eb2-bf8f-43b2f7c5e08c,insert,release_date,,2022-11-09
en-e10b0a22e149,catalog.sets,591184af-c1c9-5eb2-bf8f-43b2f7c5e08c,insert,printed_total,,170
en-e10b0a22e149,catalog.sets,591184af-c1c9-5eb2-bf8f-43b2f7c5e08c,insert,total,,170
en-e10b0a22e149,catalog.sets,591184af-c1c9-5eb2-bf8f-43b2f7c5e08c,insert,native_name,,Play! Pokémon Prize Pack Series One
en-e10b0a22e149,catalog.sets,591184af-c1c9-5eb2-bf8f-43b2f7c5e08c,insert,english_display_name,,Play! Pokémon Prize Pack Series One
en-c42442301001,catalog.sets,22991ce9-13bc-5c62-b4b1-69ce2c3a3001,insert,id,,22991ce9-13bc-5c62-b4b1-69ce2c3a3001
en-c42442301001,catalog.sets,22991ce9-13bc-5c62-b4b1-69ce2c3a3001,insert,game_code,,pokemon
en-c42442301001,catalog.sets,22991ce9-13bc-5c62-b4b1-69ce2c3a3001,insert,language_code,,en
en-c42442301001,catalog.sets,22991ce9-13bc-5c62-b4b1-69ce2c3a3001,insert,set_code,,PPS2
en-c42442301001,catalog.sets,22991ce9-13bc-5c62-b4b1-69ce2c3a3001,insert,provider_set_code,,
en-c42442301001,catalog.sets,22991ce9-13bc-5c62-b4b1-69ce2c3a3001,insert,release_date,,2023-01-19
en-c42442301001,catalog.sets,22991ce9-13bc-5c62-b4b1-69ce2c3a3001,insert,printed_total,,154
en-c42442301001,catalog.sets,22991ce9-13bc-5c62-b4b1-69ce2c3a3001,insert,total,,154
en-c42442301001,catalog.sets,22991ce9-13bc-5c62-b4b1-69ce2c3a3001,insert,native_name,,Play! Pokémon Prize Pack Series Two
en-c42442301001,catalog.sets,22991ce9-13bc-5c62-b4b1-69ce2c3a3001,insert,english_display_name,,Play! Pokémon Prize Pack Series Two
en-44b8071286c1,catalog.sets,dba20c6b-1ded-41d5-b44e-ad70bbf94ac8,update,native_name,Scarlet & Violet Energy,SVE Basic Energies
en-44b8071286c1,catalog.sets,dba20c6b-1ded-41d5-b44e-ad70bbf94ac8,update,english_display_name,Scarlet & Violet Energy,SVE Basic Energies
en-0a95a524f39c,catalog.sets,fc4d1c92-a354-42c1-b4d0-031e4ff6cccc,update,release_date,2023-08-01,2023-07-27
en-83f78934a517,catalog.sets,ec707b38-9549-5a8f-af44-58f6887c509b,insert,id,,ec707b38-9549-5a8f-af44-58f6887c509b
en-83f78934a517,catalog.sets,ec707b38-9549-5a8f-af44-58f6887c509b,insert,game_code,,pokemon
en-83f78934a517,catalog.sets,ec707b38-9549-5a8f-af44-58f6887c509b,insert,language_code,,en
en-83f78934a517,catalog.sets,ec707b38-9549-5a8f-af44-58f6887c509b,insert,set_code,,PPS3
en-83f78934a517,catalog.sets,ec707b38-9549-5a8f-af44-58f6887c509b,insert,provider_set_code,,
en-83f78934a517,catalog.sets,ec707b38-9549-5a8f-af44-58f6887c509b,insert,release_date,,2023-08-14
en-83f78934a517,catalog.sets,ec707b38-9549-5a8f-af44-58f6887c509b,insert,printed_total,,163
en-83f78934a517,catalog.sets,ec707b38-9549-5a8f-af44-58f6887c509b,insert,total,,163
en-83f78934a517,catalog.sets,ec707b38-9549-5a8f-af44-58f6887c509b,insert,native_name,,Play! Pokémon Prize Pack Series Three
en-83f78934a517,catalog.sets,ec707b38-9549-5a8f-af44-58f6887c509b,insert,english_display_name,,Play! Pokémon Prize Pack Series Three
en-2ce37163524d,catalog.sets,eb3cb1c6-b52b-5877-b84c-d03d335f4f80,insert,id,,eb3cb1c6-b52b-5877-b84c-d03d335f4f80
en-2ce37163524d,catalog.sets,eb3cb1c6-b52b-5877-b84c-d03d335f4f80,insert,game_code,,pokemon
en-2ce37163524d,catalog.sets,eb3cb1c6-b52b-5877-b84c-d03d335f4f80,insert,language_code,,en
en-2ce37163524d,catalog.sets,eb3cb1c6-b52b-5877-b84c-d03d335f4f80,insert,set_code,,TT23
en-2ce37163524d,catalog.sets,eb3cb1c6-b52b-5877-b84c-d03d335f4f80,insert,provider_set_code,,
en-2ce37163524d,catalog.sets,eb3cb1c6-b52b-5877-b84c-d03d335f4f80,insert,release_date,,2023-09-01
en-2ce37163524d,catalog.sets,eb3cb1c6-b52b-5877-b84c-d03d335f4f80,insert,printed_total,,30
en-2ce37163524d,catalog.sets,eb3cb1c6-b52b-5877-b84c-d03d335f4f80,insert,total,,30
en-2ce37163524d,catalog.sets,eb3cb1c6-b52b-5877-b84c-d03d335f4f80,insert,native_name,,Trick or Trade 2023
en-2ce37163524d,catalog.sets,eb3cb1c6-b52b-5877-b84c-d03d335f4f80,insert,english_display_name,,Trick or Trade 2023
en-479847d5d9d5,catalog.sets,168249e2-376e-575b-8358-9dd8a517c71d,insert,id,,168249e2-376e-575b-8358-9dd8a517c71d
en-479847d5d9d5,catalog.sets,168249e2-376e-575b-8358-9dd8a517c71d,insert,game_code,,pokemon
en-479847d5d9d5,catalog.sets,168249e2-376e-575b-8358-9dd8a517c71d,insert,language_code,,en
en-479847d5d9d5,catalog.sets,168249e2-376e-575b-8358-9dd8a517c71d,insert,set_code,,PTCGC
en-479847d5d9d5,catalog.sets,168249e2-376e-575b-8358-9dd8a517c71d,insert,provider_set_code,,
en-479847d5d9d5,catalog.sets,168249e2-376e-575b-8358-9dd8a517c71d,insert,release_date,,2023-11-17
en-479847d5d9d5,catalog.sets,168249e2-376e-575b-8358-9dd8a517c71d,insert,printed_total,,102
en-479847d5d9d5,catalog.sets,168249e2-376e-575b-8358-9dd8a517c71d,insert,total,,102
en-479847d5d9d5,catalog.sets,168249e2-376e-575b-8358-9dd8a517c71d,insert,native_name,,Pokémon Trading Card Game Classic
en-479847d5d9d5,catalog.sets,168249e2-376e-575b-8358-9dd8a517c71d,insert,english_display_name,,Pokémon Trading Card Game Classic
en-2b8243fd6d64,catalog.sets,a464543c-f676-5f0e-ba4a-47247220d345,insert,id,,a464543c-f676-5f0e-ba4a-47247220d345
en-2b8243fd6d64,catalog.sets,a464543c-f676-5f0e-ba4a-47247220d345,insert,game_code,,pokemon
en-2b8243fd6d64,catalog.sets,a464543c-f676-5f0e-ba4a-47247220d345,insert,language_code,,en
en-2b8243fd6d64,catalog.sets,a464543c-f676-5f0e-ba4a-47247220d345,insert,set_code,,PPS4
en-2b8243fd6d64,catalog.sets,a464543c-f676-5f0e-ba4a-47247220d345,insert,provider_set_code,,
en-2b8243fd6d64,catalog.sets,a464543c-f676-5f0e-ba4a-47247220d345,insert,release_date,,2024-02-14
en-2b8243fd6d64,catalog.sets,a464543c-f676-5f0e-ba4a-47247220d345,insert,printed_total,,86
en-2b8243fd6d64,catalog.sets,a464543c-f676-5f0e-ba4a-47247220d345,insert,total,,86
en-2b8243fd6d64,catalog.sets,a464543c-f676-5f0e-ba4a-47247220d345,insert,native_name,,Play! Pokémon Prize Pack Series Four
en-2b8243fd6d64,catalog.sets,a464543c-f676-5f0e-ba4a-47247220d345,insert,english_display_name,,Play! Pokémon Prize Pack Series Four
en-a1202513aacb,catalog.sets,3811078a-933c-5dec-9834-8ca0bbf7ee0d,insert,id,,3811078a-933c-5dec-9834-8ca0bbf7ee0d
en-a1202513aacb,catalog.sets,3811078a-933c-5dec-9834-8ca0bbf7ee0d,insert,game_code,,pokemon
en-a1202513aacb,catalog.sets,3811078a-933c-5dec-9834-8ca0bbf7ee0d,insert,language_code,,en
en-a1202513aacb,catalog.sets,3811078a-933c-5dec-9834-8ca0bbf7ee0d,insert,set_code,,PPS5
en-a1202513aacb,catalog.sets,3811078a-933c-5dec-9834-8ca0bbf7ee0d,insert,provider_set_code,,
en-a1202513aacb,catalog.sets,3811078a-933c-5dec-9834-8ca0bbf7ee0d,insert,release_date,,2024-08-14
en-a1202513aacb,catalog.sets,3811078a-933c-5dec-9834-8ca0bbf7ee0d,insert,printed_total,,86
en-a1202513aacb,catalog.sets,3811078a-933c-5dec-9834-8ca0bbf7ee0d,insert,total,,86
en-a1202513aacb,catalog.sets,3811078a-933c-5dec-9834-8ca0bbf7ee0d,insert,native_name,,Play! Pokémon Prize Pack Series Five
en-a1202513aacb,catalog.sets,3811078a-933c-5dec-9834-8ca0bbf7ee0d,insert,english_display_name,,Play! Pokémon Prize Pack Series Five
en-df740e99a92d,catalog.sets,f854068d-7eaf-5e9a-8239-0305b672ed22,insert,id,,f854068d-7eaf-5e9a-8239-0305b672ed22
en-df740e99a92d,catalog.sets,f854068d-7eaf-5e9a-8239-0305b672ed22,insert,game_code,,pokemon
en-df740e99a92d,catalog.sets,f854068d-7eaf-5e9a-8239-0305b672ed22,insert,language_code,,en
en-df740e99a92d,catalog.sets,f854068d-7eaf-5e9a-8239-0305b672ed22,insert,set_code,,TT24
en-df740e99a92d,catalog.sets,f854068d-7eaf-5e9a-8239-0305b672ed22,insert,provider_set_code,,
en-df740e99a92d,catalog.sets,f854068d-7eaf-5e9a-8239-0305b672ed22,insert,release_date,,2024-08-30
en-df740e99a92d,catalog.sets,f854068d-7eaf-5e9a-8239-0305b672ed22,insert,printed_total,,30
en-df740e99a92d,catalog.sets,f854068d-7eaf-5e9a-8239-0305b672ed22,insert,total,,30
en-df740e99a92d,catalog.sets,f854068d-7eaf-5e9a-8239-0305b672ed22,insert,native_name,,Trick or Trade 2024
en-df740e99a92d,catalog.sets,f854068d-7eaf-5e9a-8239-0305b672ed22,insert,english_display_name,,Trick or Trade 2024
en-dd51e73f9842,catalog.sets,ef91e43c-206b-51b0-b485-f18662cb5379,insert,id,,ef91e43c-206b-51b0-b485-f18662cb5379
en-dd51e73f9842,catalog.sets,ef91e43c-206b-51b0-b485-f18662cb5379,insert,game_code,,pokemon
en-dd51e73f9842,catalog.sets,ef91e43c-206b-51b0-b485-f18662cb5379,insert,language_code,,en
en-dd51e73f9842,catalog.sets,ef91e43c-206b-51b0-b485-f18662cb5379,insert,set_code,,PPS6
en-dd51e73f9842,catalog.sets,ef91e43c-206b-51b0-b485-f18662cb5379,insert,provider_set_code,,
en-dd51e73f9842,catalog.sets,ef91e43c-206b-51b0-b485-f18662cb5379,insert,release_date,,2025-02-14
en-dd51e73f9842,catalog.sets,ef91e43c-206b-51b0-b485-f18662cb5379,insert,printed_total,,94
en-dd51e73f9842,catalog.sets,ef91e43c-206b-51b0-b485-f18662cb5379,insert,total,,94
en-dd51e73f9842,catalog.sets,ef91e43c-206b-51b0-b485-f18662cb5379,insert,native_name,,Play! Pokémon Prize Pack Series Six
en-dd51e73f9842,catalog.sets,ef91e43c-206b-51b0-b485-f18662cb5379,insert,english_display_name,,Play! Pokémon Prize Pack Series Six
en-a459d84fe9e3,catalog.sets,ba4fbfd1-901d-4a00-b27f-a30eb8946bb2,update,release_date,2025-07-17,2025-07-18
en-a76544a31544,catalog.sets,e7196d4a-f97d-466a-853c-87c58d6456cd,update,release_date,2025-07-17,2025-07-18
en-f900154f1156,catalog.sets,8145a640-299d-5090-816c-5e707352e2c9,insert,id,,8145a640-299d-5090-816c-5e707352e2c9
en-f900154f1156,catalog.sets,8145a640-299d-5090-816c-5e707352e2c9,insert,game_code,,pokemon
en-f900154f1156,catalog.sets,8145a640-299d-5090-816c-5e707352e2c9,insert,language_code,,en
en-f900154f1156,catalog.sets,8145a640-299d-5090-816c-5e707352e2c9,insert,set_code,,PPS7
en-f900154f1156,catalog.sets,8145a640-299d-5090-816c-5e707352e2c9,insert,provider_set_code,,
en-f900154f1156,catalog.sets,8145a640-299d-5090-816c-5e707352e2c9,insert,release_date,,2025-08-14
en-f900154f1156,catalog.sets,8145a640-299d-5090-816c-5e707352e2c9,insert,printed_total,,96
en-f900154f1156,catalog.sets,8145a640-299d-5090-816c-5e707352e2c9,insert,total,,96
en-f900154f1156,catalog.sets,8145a640-299d-5090-816c-5e707352e2c9,insert,native_name,,Play! Pokémon Prize Pack Series Seven
en-f900154f1156,catalog.sets,8145a640-299d-5090-816c-5e707352e2c9,insert,english_display_name,,Play! Pokémon Prize Pack Series Seven
en-4cea9dd34e60,catalog.sets,6f4ff21c-f7e5-42bd-9ac1-ce0212ae1061,update,native_name,Mega Evolution Energy,MEE Basic Energies
en-4cea9dd34e60,catalog.sets,6f4ff21c-f7e5-42bd-9ac1-ce0212ae1061,update,english_display_name,Mega Evolution Energy,MEE Basic Energies
en-4cea9dd34e60,catalog.sets,6f4ff21c-f7e5-42bd-9ac1-ce0212ae1061,update,release_date,2025-09-25,2025-09-26
en-4cea9dd34e60,catalog.sets,6f4ff21c-f7e5-42bd-9ac1-ce0212ae1061,update,printed_total,8,16
en-4cea9dd34e60,catalog.sets,6f4ff21c-f7e5-42bd-9ac1-ce0212ae1061,update,total,8,16
en-737b1e423c62,catalog.sets,9a693e90-88fc-58ee-9f67-1ce7994c90c3,insert,id,,9a693e90-88fc-58ee-9f67-1ce7994c90c3
en-737b1e423c62,catalog.sets,9a693e90-88fc-58ee-9f67-1ce7994c90c3,insert,game_code,,pokemon
en-737b1e423c62,catalog.sets,9a693e90-88fc-58ee-9f67-1ce7994c90c3,insert,language_code,,en
en-737b1e423c62,catalog.sets,9a693e90-88fc-58ee-9f67-1ce7994c90c3,insert,set_code,,PPS8
en-737b1e423c62,catalog.sets,9a693e90-88fc-58ee-9f67-1ce7994c90c3,insert,provider_set_code,,
en-737b1e423c62,catalog.sets,9a693e90-88fc-58ee-9f67-1ce7994c90c3,insert,release_date,,2026-01-01
en-737b1e423c62,catalog.sets,9a693e90-88fc-58ee-9f67-1ce7994c90c3,insert,printed_total,,91
en-737b1e423c62,catalog.sets,9a693e90-88fc-58ee-9f67-1ce7994c90c3,insert,total,,91
en-737b1e423c62,catalog.sets,9a693e90-88fc-58ee-9f67-1ce7994c90c3,insert,native_name,,Play! Pokémon Prize Pack Series Eight
en-737b1e423c62,catalog.sets,9a693e90-88fc-58ee-9f67-1ce7994c90c3,insert,english_display_name,,Play! Pokémon Prize Pack Series Eight
en-1d7b80eb920d,catalog.sets,84e70726-12db-5f91-bf56-be47f233444f,insert,id,,84e70726-12db-5f91-bf56-be47f233444f
en-1d7b80eb920d,catalog.sets,84e70726-12db-5f91-bf56-be47f233444f,insert,game_code,,pokemon
en-1d7b80eb920d,catalog.sets,84e70726-12db-5f91-bf56-be47f233444f,insert,language_code,,en
en-1d7b80eb920d,catalog.sets,84e70726-12db-5f91-bf56-be47f233444f,insert,set_code,,PPS9
en-1d7b80eb920d,catalog.sets,84e70726-12db-5f91-bf56-be47f233444f,insert,provider_set_code,,
en-1d7b80eb920d,catalog.sets,84e70726-12db-5f91-bf56-be47f233444f,insert,release_date,,2026-07-01
en-1d7b80eb920d,catalog.sets,84e70726-12db-5f91-bf56-be47f233444f,insert,printed_total,,80
en-1d7b80eb920d,catalog.sets,84e70726-12db-5f91-bf56-be47f233444f,insert,total,,80
en-1d7b80eb920d,catalog.sets,84e70726-12db-5f91-bf56-be47f233444f,insert,native_name,,Play! Pokémon Prize Pack Series Nine
en-1d7b80eb920d,catalog.sets,84e70726-12db-5f91-bf56-be47f233444f,insert,english_display_name,,Play! Pokémon Prize Pack Series Nine
en-ceccb90187e4,catalog.sets,258cb8e5-c769-540d-9e3c-40d4ed4dafdb,insert,id,,258cb8e5-c769-540d-9e3c-40d4ed4dafdb
en-ceccb90187e4,catalog.sets,258cb8e5-c769-540d-9e3c-40d4ed4dafdb,insert,game_code,,pokemon
en-ceccb90187e4,catalog.sets,258cb8e5-c769-540d-9e3c-40d4ed4dafdb,insert,language_code,,en
en-ceccb90187e4,catalog.sets,258cb8e5-c769-540d-9e3c-40d4ed4dafdb,insert,set_code,,30C
en-ceccb90187e4,catalog.sets,258cb8e5-c769-540d-9e3c-40d4ed4dafdb,insert,provider_set_code,,
en-ceccb90187e4,catalog.sets,258cb8e5-c769-540d-9e3c-40d4ed4dafdb,insert,release_date,,2026-09-16
en-ceccb90187e4,catalog.sets,258cb8e5-c769-540d-9e3c-40d4ed4dafdb,insert,printed_total,,128
en-ceccb90187e4,catalog.sets,258cb8e5-c769-540d-9e3c-40d4ed4dafdb,insert,total,,
en-ceccb90187e4,catalog.sets,258cb8e5-c769-540d-9e3c-40d4ed4dafdb,insert,native_name,,30th Celebration
en-ceccb90187e4,catalog.sets,258cb8e5-c769-540d-9e3c-40d4ed4dafdb,insert,english_display_name,,30th Celebration
en-c2a4826cab63,catalog.sets,a1bde625-6996-5451-bcda-fb80fe5b428b,insert,id,,a1bde625-6996-5451-bcda-fb80fe5b428b
en-c2a4826cab63,catalog.sets,a1bde625-6996-5451-bcda-fb80fe5b428b,insert,game_code,,pokemon
en-c2a4826cab63,catalog.sets,a1bde625-6996-5451-bcda-fb80fe5b428b,insert,language_code,,en
en-c2a4826cab63,catalog.sets,a1bde625-6996-5451-bcda-fb80fe5b428b,insert,set_code,,DLR
en-c2a4826cab63,catalog.sets,a1bde625-6996-5451-bcda-fb80fe5b428b,insert,provider_set_code,,
en-c2a4826cab63,catalog.sets,a1bde625-6996-5451-bcda-fb80fe5b428b,insert,release_date,,2026-11-06
en-c2a4826cab63,catalog.sets,a1bde625-6996-5451-bcda-fb80fe5b428b,insert,printed_total,,103
en-c2a4826cab63,catalog.sets,a1bde625-6996-5451-bcda-fb80fe5b428b,insert,total,,
en-c2a4826cab63,catalog.sets,a1bde625-6996-5451-bcda-fb80fe5b428b,insert,native_name,,Delta Reign
en-c2a4826cab63,catalog.sets,a1bde625-6996-5451-bcda-fb80fe5b428b,insert,english_display_name,,Delta Reign
en-21b02872eb20,catalog.sealed_products,e1093de3-e259-5e84-9044-00a1ae64f827,insert,id,,e1093de3-e259-5e84-9044-00a1ae64f827
en-21b02872eb20,catalog.sealed_products,e1093de3-e259-5e84-9044-00a1ae64f827,insert,game_code,,pokemon
en-21b02872eb20,catalog.sealed_products,e1093de3-e259-5e84-9044-00a1ae64f827,insert,language_code,,en
en-21b02872eb20,catalog.sealed_products,e1093de3-e259-5e84-9044-00a1ae64f827,insert,set_id,,
en-21b02872eb20,catalog.sealed_products,e1093de3-e259-5e84-9044-00a1ae64f827,insert,product_type,,other
en-21b02872eb20,catalog.sealed_products,e1093de3-e259-5e84-9044-00a1ae64f827,insert,native_name,,Black & White Trainer Kit
en-21b02872eb20,catalog.sealed_products,e1093de3-e259-5e84-9044-00a1ae64f827,insert,english_display_name,,Black & White Trainer Kit
en-21b02872eb20,catalog.sealed_products,e1093de3-e259-5e84-9044-00a1ae64f827,insert,product_code,,TK5
en-21b02872eb20,catalog.sealed_products,e1093de3-e259-5e84-9044-00a1ae64f827,insert,release_date,,
en-6f8abbba436c,catalog.sealed_products,ae9b8687-c143-532f-bb93-7e74605daea8,insert,id,,ae9b8687-c143-532f-bb93-7e74605daea8
en-6f8abbba436c,catalog.sealed_products,ae9b8687-c143-532f-bb93-7e74605daea8,insert,game_code,,pokemon
en-6f8abbba436c,catalog.sealed_products,ae9b8687-c143-532f-bb93-7e74605daea8,insert,language_code,,en
en-6f8abbba436c,catalog.sealed_products,ae9b8687-c143-532f-bb93-7e74605daea8,insert,set_id,,
en-6f8abbba436c,catalog.sealed_products,ae9b8687-c143-532f-bb93-7e74605daea8,insert,product_type,,other
en-6f8abbba436c,catalog.sealed_products,ae9b8687-c143-532f-bb93-7e74605daea8,insert,native_name,,Diamond & Pearl Trainer Kit
en-6f8abbba436c,catalog.sealed_products,ae9b8687-c143-532f-bb93-7e74605daea8,insert,english_display_name,,Diamond & Pearl Trainer Kit
en-6f8abbba436c,catalog.sealed_products,ae9b8687-c143-532f-bb93-7e74605daea8,insert,product_code,,DP-TK
en-6f8abbba436c,catalog.sealed_products,ae9b8687-c143-532f-bb93-7e74605daea8,insert,release_date,,
en-e2138469cc4d,catalog.sealed_products,0b0ee451-67ea-5577-ac71-80e8396be7df,insert,id,,0b0ee451-67ea-5577-ac71-80e8396be7df
en-e2138469cc4d,catalog.sealed_products,0b0ee451-67ea-5577-ac71-80e8396be7df,insert,game_code,,pokemon
en-e2138469cc4d,catalog.sealed_products,0b0ee451-67ea-5577-ac71-80e8396be7df,insert,language_code,,en
en-e2138469cc4d,catalog.sealed_products,0b0ee451-67ea-5577-ac71-80e8396be7df,insert,set_id,,
en-e2138469cc4d,catalog.sealed_products,0b0ee451-67ea-5577-ac71-80e8396be7df,insert,product_type,,other
en-e2138469cc4d,catalog.sealed_products,0b0ee451-67ea-5577-ac71-80e8396be7df,insert,native_name,,EX Trainer Kit
en-e2138469cc4d,catalog.sealed_products,0b0ee451-67ea-5577-ac71-80e8396be7df,insert,english_display_name,,EX Trainer Kit
en-e2138469cc4d,catalog.sealed_products,0b0ee451-67ea-5577-ac71-80e8396be7df,insert,product_code,,EX-TK
en-e2138469cc4d,catalog.sealed_products,0b0ee451-67ea-5577-ac71-80e8396be7df,insert,release_date,,
en-f5c65c7b0a45,catalog.sealed_products,1a827193-7f30-5f3a-91c9-fc5cb1862c28,insert,id,,1a827193-7f30-5f3a-91c9-fc5cb1862c28
en-f5c65c7b0a45,catalog.sealed_products,1a827193-7f30-5f3a-91c9-fc5cb1862c28,insert,game_code,,pokemon
en-f5c65c7b0a45,catalog.sealed_products,1a827193-7f30-5f3a-91c9-fc5cb1862c28,insert,language_code,,en
en-f5c65c7b0a45,catalog.sealed_products,1a827193-7f30-5f3a-91c9-fc5cb1862c28,insert,set_id,,
en-f5c65c7b0a45,catalog.sealed_products,1a827193-7f30-5f3a-91c9-fc5cb1862c28,insert,product_type,,other
en-f5c65c7b0a45,catalog.sealed_products,1a827193-7f30-5f3a-91c9-fc5cb1862c28,insert,native_name,,EX Trainer Kit 2
en-f5c65c7b0a45,catalog.sealed_products,1a827193-7f30-5f3a-91c9-fc5cb1862c28,insert,english_display_name,,EX Trainer Kit 2
en-f5c65c7b0a45,catalog.sealed_products,1a827193-7f30-5f3a-91c9-fc5cb1862c28,insert,product_code,,EX-TK2
en-f5c65c7b0a45,catalog.sealed_products,1a827193-7f30-5f3a-91c9-fc5cb1862c28,insert,release_date,,
en-3b501faa2faf,catalog.sealed_products,4feb2ca7-2463-53b9-8838-5786489161eb,insert,id,,4feb2ca7-2463-53b9-8838-5786489161eb
en-3b501faa2faf,catalog.sealed_products,4feb2ca7-2463-53b9-8838-5786489161eb,insert,game_code,,pokemon
en-3b501faa2faf,catalog.sealed_products,4feb2ca7-2463-53b9-8838-5786489161eb,insert,language_code,,en
en-3b501faa2faf,catalog.sealed_products,4feb2ca7-2463-53b9-8838-5786489161eb,insert,set_id,,
en-3b501faa2faf,catalog.sealed_products,4feb2ca7-2463-53b9-8838-5786489161eb,insert,product_type,,other
en-3b501faa2faf,catalog.sealed_products,4feb2ca7-2463-53b9-8838-5786489161eb,insert,native_name,,HS Trainer Kit
en-3b501faa2faf,catalog.sealed_products,4feb2ca7-2463-53b9-8838-5786489161eb,insert,english_display_name,,HS Trainer Kit
en-3b501faa2faf,catalog.sealed_products,4feb2ca7-2463-53b9-8838-5786489161eb,insert,product_code,,HS-TK
en-3b501faa2faf,catalog.sealed_products,4feb2ca7-2463-53b9-8838-5786489161eb,insert,release_date,,2010-05-12
en-ecc3b9bb3ca7,catalog.sealed_products,10d63ccd-632f-5118-8f95-5dfddf09ec88,insert,id,,10d63ccd-632f-5118-8f95-5dfddf09ec88
en-ecc3b9bb3ca7,catalog.sealed_products,10d63ccd-632f-5118-8f95-5dfddf09ec88,insert,game_code,,pokemon
en-ecc3b9bb3ca7,catalog.sealed_products,10d63ccd-632f-5118-8f95-5dfddf09ec88,insert,language_code,,en
en-ecc3b9bb3ca7,catalog.sealed_products,10d63ccd-632f-5118-8f95-5dfddf09ec88,insert,set_id,,
en-ecc3b9bb3ca7,catalog.sealed_products,10d63ccd-632f-5118-8f95-5dfddf09ec88,insert,product_type,,other
en-ecc3b9bb3ca7,catalog.sealed_products,10d63ccd-632f-5118-8f95-5dfddf09ec88,insert,native_name,,Sun & Moon Trainer Kit: Lycanroc & Alolan Raichu
en-ecc3b9bb3ca7,catalog.sealed_products,10d63ccd-632f-5118-8f95-5dfddf09ec88,insert,english_display_name,,Sun & Moon Trainer Kit: Lycanroc & Alolan Raichu
en-ecc3b9bb3ca7,catalog.sealed_products,10d63ccd-632f-5118-8f95-5dfddf09ec88,insert,product_code,,SM-TK
en-ecc3b9bb3ca7,catalog.sealed_products,10d63ccd-632f-5118-8f95-5dfddf09ec88,insert,release_date,,2017-04-21
en-07817e7127e4,catalog.sealed_products,fe589e4b-c6ce-50fe-8c3d-2df4e2e29406,insert,id,,fe589e4b-c6ce-50fe-8c3d-2df4e2e29406
en-07817e7127e4,catalog.sealed_products,fe589e4b-c6ce-50fe-8c3d-2df4e2e29406,insert,game_code,,pokemon
en-07817e7127e4,catalog.sealed_products,fe589e4b-c6ce-50fe-8c3d-2df4e2e29406,insert,language_code,,en
en-07817e7127e4,catalog.sealed_products,fe589e4b-c6ce-50fe-8c3d-2df4e2e29406,insert,set_id,,
en-07817e7127e4,catalog.sealed_products,fe589e4b-c6ce-50fe-8c3d-2df4e2e29406,insert,product_type,,other
en-07817e7127e4,catalog.sealed_products,fe589e4b-c6ce-50fe-8c3d-2df4e2e29406,insert,native_name,,XY Trainer Kit: Bisharp & Wigglytuff
en-07817e7127e4,catalog.sealed_products,fe589e4b-c6ce-50fe-8c3d-2df4e2e29406,insert,english_display_name,,XY Trainer Kit: Bisharp & Wigglytuff
en-07817e7127e4,catalog.sealed_products,fe589e4b-c6ce-50fe-8c3d-2df4e2e29406,insert,product_code,,TK7
en-07817e7127e4,catalog.sealed_products,fe589e4b-c6ce-50fe-8c3d-2df4e2e29406,insert,release_date,,
en-302071e0cf37,catalog.sealed_products,f1c90fe3-2174-55c8-9c9b-1a5928d7623f,insert,id,,f1c90fe3-2174-55c8-9c9b-1a5928d7623f
en-302071e0cf37,catalog.sealed_products,f1c90fe3-2174-55c8-9c9b-1a5928d7623f,insert,game_code,,pokemon
en-302071e0cf37,catalog.sealed_products,f1c90fe3-2174-55c8-9c9b-1a5928d7623f,insert,language_code,,en
en-302071e0cf37,catalog.sealed_products,f1c90fe3-2174-55c8-9c9b-1a5928d7623f,insert,set_id,,
en-302071e0cf37,catalog.sealed_products,f1c90fe3-2174-55c8-9c9b-1a5928d7623f,insert,product_type,,other
en-302071e0cf37,catalog.sealed_products,f1c90fe3-2174-55c8-9c9b-1a5928d7623f,insert,native_name,,XY Trainer Kit: Pikachu Libre & Suicune
en-302071e0cf37,catalog.sealed_products,f1c90fe3-2174-55c8-9c9b-1a5928d7623f,insert,english_display_name,,XY Trainer Kit: Pikachu Libre & Suicune
en-302071e0cf37,catalog.sealed_products,f1c90fe3-2174-55c8-9c9b-1a5928d7623f,insert,product_code,,TK8
en-302071e0cf37,catalog.sealed_products,f1c90fe3-2174-55c8-9c9b-1a5928d7623f,insert,release_date,,2016-04-27
en-6acc5b28480e,catalog.sealed_products,45b52f53-471a-5ac5-9484-b0c00d7c5bd5,insert,id,,45b52f53-471a-5ac5-9484-b0c00d7c5bd5
en-6acc5b28480e,catalog.sealed_products,45b52f53-471a-5ac5-9484-b0c00d7c5bd5,insert,game_code,,pokemon
en-6acc5b28480e,catalog.sealed_products,45b52f53-471a-5ac5-9484-b0c00d7c5bd5,insert,language_code,,en
en-6acc5b28480e,catalog.sealed_products,45b52f53-471a-5ac5-9484-b0c00d7c5bd5,insert,set_id,,
en-6acc5b28480e,catalog.sealed_products,45b52f53-471a-5ac5-9484-b0c00d7c5bd5,insert,product_type,,other
en-6acc5b28480e,catalog.sealed_products,45b52f53-471a-5ac5-9484-b0c00d7c5bd5,insert,native_name,,XY Trainer Kit: Sylveon & Noivern
en-6acc5b28480e,catalog.sealed_products,45b52f53-471a-5ac5-9484-b0c00d7c5bd5,insert,english_display_name,,XY Trainer Kit: Sylveon & Noivern
en-6acc5b28480e,catalog.sealed_products,45b52f53-471a-5ac5-9484-b0c00d7c5bd5,insert,product_code,,TK6
en-6acc5b28480e,catalog.sealed_products,45b52f53-471a-5ac5-9484-b0c00d7c5bd5,insert,release_date,,2014-03-12
ja-d722650df667,catalog.sets,46c7cd20-9ca5-4128-a244-9a04f9a4c9f7,update,english_display_name,拡張パック,Expansion Pack
ja-e7895419dae9,catalog.sets,241c45d9-b649-4243-8c3d-4524b4e9c74c,update,english_display_name,ポケモンジャングル,Pokémon Jungle
ja-96cbc157b1b7,catalog.sets,b53b7df1-df06-44dd-a931-b287efc9aec6,update,english_display_name,化石の秘密,Mystery of the Fossils
ja-f556d02e1e51,catalog.sets,e00ac7f7-8690-407d-a011-5bc5ced0ffca,update,english_display_name,ロケット団,Rocket Gang
ja-67f6283ec86c,catalog.sets,e8d5883b-f316-5d4c-8c5f-aad78fa79901,insert,id,,e8d5883b-f316-5d4c-8c5f-aad78fa79901
ja-67f6283ec86c,catalog.sets,e8d5883b-f316-5d4c-8c5f-aad78fa79901,insert,game_code,,pokemon
ja-67f6283ec86c,catalog.sets,e8d5883b-f316-5d4c-8c5f-aad78fa79901,insert,language_code,,ja
ja-67f6283ec86c,catalog.sets,e8d5883b-f316-5d4c-8c5f-aad78fa79901,insert,set_code,,Vending1
ja-67f6283ec86c,catalog.sets,e8d5883b-f316-5d4c-8c5f-aad78fa79901,insert,provider_set_code,,
ja-67f6283ec86c,catalog.sets,e8d5883b-f316-5d4c-8c5f-aad78fa79901,insert,release_date,,1998-03-23
ja-67f6283ec86c,catalog.sets,e8d5883b-f316-5d4c-8c5f-aad78fa79901,insert,printed_total,,36
ja-67f6283ec86c,catalog.sets,e8d5883b-f316-5d4c-8c5f-aad78fa79901,insert,total,,36
ja-67f6283ec86c,catalog.sets,e8d5883b-f316-5d4c-8c5f-aad78fa79901,insert,native_name,,拡張シート 第1弾
ja-67f6283ec86c,catalog.sets,e8d5883b-f316-5d4c-8c5f-aad78fa79901,insert,english_display_name,,Expansion Sheet: Vending Series 1 (Blue)
ja-9bd76242f73f,catalog.sets,62edac7d-61c9-5e00-a9c0-559da144ac55,insert,id,,62edac7d-61c9-5e00-a9c0-559da144ac55
ja-9bd76242f73f,catalog.sets,62edac7d-61c9-5e00-a9c0-559da144ac55,insert,game_code,,pokemon
ja-9bd76242f73f,catalog.sets,62edac7d-61c9-5e00-a9c0-559da144ac55,insert,language_code,,ja
ja-9bd76242f73f,catalog.sets,62edac7d-61c9-5e00-a9c0-559da144ac55,insert,set_code,,Vending2
ja-9bd76242f73f,catalog.sets,62edac7d-61c9-5e00-a9c0-559da144ac55,insert,provider_set_code,,
ja-9bd76242f73f,catalog.sets,62edac7d-61c9-5e00-a9c0-559da144ac55,insert,release_date,,1998-06-17
ja-9bd76242f73f,catalog.sets,62edac7d-61c9-5e00-a9c0-559da144ac55,insert,printed_total,,36
ja-9bd76242f73f,catalog.sets,62edac7d-61c9-5e00-a9c0-559da144ac55,insert,total,,36
ja-9bd76242f73f,catalog.sets,62edac7d-61c9-5e00-a9c0-559da144ac55,insert,native_name,,拡張シート 第2弾
ja-9bd76242f73f,catalog.sets,62edac7d-61c9-5e00-a9c0-559da144ac55,insert,english_display_name,,Expansion Sheet: Vending Series 2 (Red)
ja-f18120dbfa37,catalog.sets,c24a6f11-2b12-4dbd-8d50-61f17e8e6a4f,update,english_display_name,リーダーズスタジアム,Leaders' Stadium
ja-5bdb5008be38,catalog.sets,9fb9dbe6-6b2f-5c25-b1e1-25bd8eef09f6,insert,id,,9fb9dbe6-6b2f-5c25-b1e1-25bd8eef09f6
ja-5bdb5008be38,catalog.sets,9fb9dbe6-6b2f-5c25-b1e1-25bd8eef09f6,insert,game_code,,pokemon
ja-5bdb5008be38,catalog.sets,9fb9dbe6-6b2f-5c25-b1e1-25bd8eef09f6,insert,language_code,,ja
ja-5bdb5008be38,catalog.sets,9fb9dbe6-6b2f-5c25-b1e1-25bd8eef09f6,insert,set_code,,Vending3
ja-5bdb5008be38,catalog.sets,9fb9dbe6-6b2f-5c25-b1e1-25bd8eef09f6,insert,provider_set_code,,
ja-5bdb5008be38,catalog.sets,9fb9dbe6-6b2f-5c25-b1e1-25bd8eef09f6,insert,release_date,,1998-11-24
ja-5bdb5008be38,catalog.sets,9fb9dbe6-6b2f-5c25-b1e1-25bd8eef09f6,insert,printed_total,,36
ja-5bdb5008be38,catalog.sets,9fb9dbe6-6b2f-5c25-b1e1-25bd8eef09f6,insert,total,,36
ja-5bdb5008be38,catalog.sets,9fb9dbe6-6b2f-5c25-b1e1-25bd8eef09f6,insert,native_name,,拡張シート 第3弾
ja-5bdb5008be38,catalog.sets,9fb9dbe6-6b2f-5c25-b1e1-25bd8eef09f6,insert,english_display_name,,Expansion Sheet: Vending Series 3 (Green)
ja-f204abc8bf9b,catalog.sets,b6e7c253-6790-49e5-8d54-34e6eb288e68,update,english_display_name,闇からの挑戦,Challenge from the Darkness
ja-c8ebd015e6c7,catalog.sets,304609ad-aac7-52e4-b4cc-7a8b3a374698,insert,id,,304609ad-aac7-52e4-b4cc-7a8b3a374698
ja-c8ebd015e6c7,catalog.sets,304609ad-aac7-52e4-b4cc-7a8b3a374698,insert,game_code,,pokemon
ja-c8ebd015e6c7,catalog.sets,304609ad-aac7-52e4-b4cc-7a8b3a374698,insert,language_code,,ja
ja-c8ebd015e6c7,catalog.sets,304609ad-aac7-52e4-b4cc-7a8b3a374698,insert,set_code,,JA-SI
ja-c8ebd015e6c7,catalog.sets,304609ad-aac7-52e4-b4cc-7a8b3a374698,insert,provider_set_code,,
ja-c8ebd015e6c7,catalog.sets,304609ad-aac7-52e4-b4cc-7a8b3a374698,insert,release_date,,1999-07-17
ja-c8ebd015e6c7,catalog.sets,304609ad-aac7-52e4-b4cc-7a8b3a374698,insert,printed_total,,18
ja-c8ebd015e6c7,catalog.sets,304609ad-aac7-52e4-b4cc-7a8b3a374698,insert,total,,18
ja-c8ebd015e6c7,catalog.sets,304609ad-aac7-52e4-b4cc-7a8b3a374698,insert,native_name,,サザンアイランド
ja-c8ebd015e6c7,catalog.sets,304609ad-aac7-52e4-b4cc-7a8b3a374698,insert,english_display_name,,Southern Islands
ja-a532d3dde077,catalog.sets,769fa22e-e603-41a8-b62b-920a4abc660b,update,english_display_name,金、銀、新世界へ...,"Gold, Silver, to a New World..."
ja-a532d3dde077,catalog.sets,769fa22e-e603-41a8-b62b-920a4abc660b,update,release_date,2000-12-16,2000-02-04
ja-4c0b4b1b444a,catalog.sets,e60f305b-5ad6-4964-b6c6-636788481ca5,update,english_display_name,遺跡をこえて...,Crossing the Ruins...
ja-4c0b4b1b444a,catalog.sets,e60f305b-5ad6-4964-b6c6-636788481ca5,update,release_date,2001-06-01,2000-07-07
ja-4c0b4b1b444a,catalog.sets,e60f305b-5ad6-4964-b6c6-636788481ca5,update,total,57,56
ja-14ecd336f6c4,catalog.sets,a15481a7-410b-4a98-8695-3bba0db9d226,update,english_display_name,めざめる伝説,Awakening Legends
ja-14ecd336f6c4,catalog.sets,a15481a7-410b-4a98-8695-3bba0db9d226,update,release_date,2001-09-21,2000-11-23
ja-1ab5b2841927,catalog.sets,cdaacf04-0a7c-452d-acb0-e02ca3907106,update,english_display_name,闇、そして光へ...,"Darkness, and to Light..."
ja-1ab5b2841927,catalog.sets,cdaacf04-0a7c-452d-acb0-e02ca3907106,update,release_date,2002-02-28,2001-04-20
ja-694d6a421da5,catalog.sets,eadcc81a-f721-50d0-97aa-48aec299c4d2,insert,id,,eadcc81a-f721-50d0-97aa-48aec299c4d2
ja-694d6a421da5,catalog.sets,eadcc81a-f721-50d0-97aa-48aec299c4d2,insert,game_code,,pokemon
ja-694d6a421da5,catalog.sets,eadcc81a-f721-50d0-97aa-48aec299c4d2,insert,language_code,,ja
ja-694d6a421da5,catalog.sets,eadcc81a-f721-50d0-97aa-48aec299c4d2,insert,set_code,,P
ja-694d6a421da5,catalog.sets,eadcc81a-f721-50d0-97aa-48aec299c4d2,insert,provider_set_code,,
ja-694d6a421da5,catalog.sets,eadcc81a-f721-50d0-97aa-48aec299c4d2,insert,release_date,,
ja-694d6a421da5,catalog.sets,eadcc81a-f721-50d0-97aa-48aec299c4d2,insert,printed_total,,47
ja-694d6a421da5,catalog.sets,eadcc81a-f721-50d0-97aa-48aec299c4d2,insert,total,,47
ja-694d6a421da5,catalog.sets,eadcc81a-f721-50d0-97aa-48aec299c4d2,insert,native_name,,Pプロモカード
ja-694d6a421da5,catalog.sets,eadcc81a-f721-50d0-97aa-48aec299c4d2,insert,english_display_name,,P Promotional cards
ja-6e4fae6e522b,catalog.sets,f1b5f7cb-2472-496b-8587-1ceab0233632,update,english_display_name,ポケモンカード★VS,Pokémon Card★VS
ja-6e4fae6e522b,catalog.sets,f1b5f7cb-2472-496b-8587-1ceab0233632,update,total,143,142
ja-ddb55a1b97e2,catalog.sets,ca805a66-9a17-55a6-94e4-797b971e1b6e,insert,id,,ca805a66-9a17-55a6-94e4-797b971e1b6e
ja-ddb55a1b97e2,catalog.sets,ca805a66-9a17-55a6-94e4-797b971e1b6e,insert,game_code,,pokemon
ja-ddb55a1b97e2,catalog.sets,ca805a66-9a17-55a6-94e4-797b971e1b6e,insert,language_code,,ja
ja-ddb55a1b97e2,catalog.sets,ca805a66-9a17-55a6-94e4-797b971e1b6e,insert,set_code,,J
ja-ddb55a1b97e2,catalog.sets,ca805a66-9a17-55a6-94e4-797b971e1b6e,insert,provider_set_code,,
ja-ddb55a1b97e2,catalog.sets,ca805a66-9a17-55a6-94e4-797b971e1b6e,insert,release_date,,
ja-ddb55a1b97e2,catalog.sets,ca805a66-9a17-55a6-94e4-797b971e1b6e,insert,printed_total,,2
ja-ddb55a1b97e2,catalog.sets,ca805a66-9a17-55a6-94e4-797b971e1b6e,insert,total,,2
ja-ddb55a1b97e2,catalog.sets,ca805a66-9a17-55a6-94e4-797b971e1b6e,insert,native_name,,Jプロモカード
ja-ddb55a1b97e2,catalog.sets,ca805a66-9a17-55a6-94e4-797b971e1b6e,insert,english_display_name,,J Promotional cards
ja-bd87aa858368,catalog.sets,cdb922a5-eaec-4696-ae6f-3ad4d263c66b,update,english_display_name,ポケモンカード★web,Pokémon Card★web
ja-bd87aa858368,catalog.sets,cdb922a5-eaec-4696-ae6f-3ad4d263c66b,update,release_date,2001-10-19,2001-10-20
ja-19b0125d0ef2,catalog.sets,2d5f077d-14bb-4fb5-b565-1f4e10c078c9,update,english_display_name,基本拡張パック,Base Expansion Pack
ja-50f9d368a5bd,catalog.sets,5983fbc3-fc89-5078-a5c5-be3bf73b59b7,insert,id,,5983fbc3-fc89-5078-a5c5-be3bf73b59b7
ja-50f9d368a5bd,catalog.sets,5983fbc3-fc89-5078-a5c5-be3bf73b59b7,insert,game_code,,pokemon
ja-50f9d368a5bd,catalog.sets,5983fbc3-fc89-5078-a5c5-be3bf73b59b7,insert,language_code,,ja
ja-50f9d368a5bd,catalog.sets,5983fbc3-fc89-5078-a5c5-be3bf73b59b7,insert,set_code,,T
ja-50f9d368a5bd,catalog.sets,5983fbc3-fc89-5078-a5c5-be3bf73b59b7,insert,provider_set_code,,
ja-50f9d368a5bd,catalog.sets,5983fbc3-fc89-5078-a5c5-be3bf73b59b7,insert,release_date,,
ja-50f9d368a5bd,catalog.sets,5983fbc3-fc89-5078-a5c5-be3bf73b59b7,insert,printed_total,,24
ja-50f9d368a5bd,catalog.sets,5983fbc3-fc89-5078-a5c5-be3bf73b59b7,insert,total,,24
ja-50f9d368a5bd,catalog.sets,5983fbc3-fc89-5078-a5c5-be3bf73b59b7,insert,native_name,,Tプロモカード
ja-50f9d368a5bd,catalog.sets,5983fbc3-fc89-5078-a5c5-be3bf73b59b7,insert,english_display_name,,T Promotional cards
ja-91f917868d08,catalog.sets,056f5967-f391-5f94-9ed0-5e8f2c6d93c5,insert,id,,056f5967-f391-5f94-9ed0-5e8f2c6d93c5
ja-91f917868d08,catalog.sets,056f5967-f391-5f94-9ed0-5e8f2c6d93c5,insert,game_code,,pokemon
ja-91f917868d08,catalog.sets,056f5967-f391-5f94-9ed0-5e8f2c6d93c5,insert,language_code,,ja
ja-91f917868d08,catalog.sets,056f5967-f391-5f94-9ed0-5e8f2c6d93c5,insert,set_code,,MCD02
ja-91f917868d08,catalog.sets,056f5967-f391-5f94-9ed0-5e8f2c6d93c5,insert,provider_set_code,,
ja-91f917868d08,catalog.sets,056f5967-f391-5f94-9ed0-5e8f2c6d93c5,insert,release_date,,2002-01-26
ja-91f917868d08,catalog.sets,056f5967-f391-5f94-9ed0-5e8f2c6d93c5,insert,printed_total,,30
ja-91f917868d08,catalog.sets,056f5967-f391-5f94-9ed0-5e8f2c6d93c5,insert,total,,30
ja-91f917868d08,catalog.sets,056f5967-f391-5f94-9ed0-5e8f2c6d93c5,insert,native_name,,マクドナルドオリジナル ミニマム★パック
ja-91f917868d08,catalog.sets,056f5967-f391-5f94-9ed0-5e8f2c6d93c5,insert,english_display_name,,McDonald's Original Minimum★Pack
ja-1b38a138c59c,catalog.sets,c6c46c29-2f36-4586-b18f-af1269e684d2,update,english_display_name,地図にない町,The Town on No Map
ja-61b293a47b88,catalog.sets,82510bd3-e42d-40ca-b7a1-a4a384ab42fa,update,english_display_name,海からの風,Wind from the Sea
ja-6a862845aa36,catalog.sets,0ec33578-645f-4711-a3fe-8ea66090781e,update,english_display_name,裂けた大地,Split Earth
ja-e4c00d42f6bb,catalog.sets,af405f2b-1a20-4234-a6f1-ad71711eb116,update,english_display_name,神秘なる山,Mysterious Mountains
ja-41afcbcca321,catalog.sets,ed31ad69-fd9c-5138-bbe0-5498b6429a46,insert,id,,ed31ad69-fd9c-5138-bbe0-5498b6429a46
ja-41afcbcca321,catalog.sets,ed31ad69-fd9c-5138-bbe0-5498b6429a46,insert,game_code,,pokemon
ja-41afcbcca321,catalog.sets,ed31ad69-fd9c-5138-bbe0-5498b6429a46,insert,language_code,,ja
ja-41afcbcca321,catalog.sets,ed31ad69-fd9c-5138-bbe0-5498b6429a46,insert,set_code,,ADV-P
ja-41afcbcca321,catalog.sets,ed31ad69-fd9c-5138-bbe0-5498b6429a46,insert,provider_set_code,,
ja-41afcbcca321,catalog.sets,ed31ad69-fd9c-5138-bbe0-5498b6429a46,insert,release_date,,
ja-41afcbcca321,catalog.sets,ed31ad69-fd9c-5138-bbe0-5498b6429a46,insert,printed_total,,63
ja-41afcbcca321,catalog.sets,ed31ad69-fd9c-5138-bbe0-5498b6429a46,insert,total,,63
ja-41afcbcca321,catalog.sets,ed31ad69-fd9c-5138-bbe0-5498b6429a46,insert,native_name,,ADV-Pプロモカード
ja-41afcbcca321,catalog.sets,ed31ad69-fd9c-5138-bbe0-5498b6429a46,insert,english_display_name,,ADV-P Promotional cards
ja-d25bf55a9cb2,catalog.sets,0887772f-ed1b-50ac-ae83-6bb6282ca177,insert,id,,0887772f-ed1b-50ac-ae83-6bb6282ca177
ja-d25bf55a9cb2,catalog.sets,0887772f-ed1b-50ac-ae83-6bb6282ca177,insert,game_code,,pokemon
ja-d25bf55a9cb2,catalog.sets,0887772f-ed1b-50ac-ae83-6bb6282ca177,insert,language_code,,ja
ja-d25bf55a9cb2,catalog.sets,0887772f-ed1b-50ac-ae83-6bb6282ca177,insert,set_code,,PLAY
ja-d25bf55a9cb2,catalog.sets,0887772f-ed1b-50ac-ae83-6bb6282ca177,insert,provider_set_code,,
ja-d25bf55a9cb2,catalog.sets,0887772f-ed1b-50ac-ae83-6bb6282ca177,insert,release_date,,
ja-d25bf55a9cb2,catalog.sets,0887772f-ed1b-50ac-ae83-6bb6282ca177,insert,printed_total,,32
ja-d25bf55a9cb2,catalog.sets,0887772f-ed1b-50ac-ae83-6bb6282ca177,insert,total,,32
ja-d25bf55a9cb2,catalog.sets,0887772f-ed1b-50ac-ae83-6bb6282ca177,insert,native_name,,PLAYプロモカード
ja-d25bf55a9cb2,catalog.sets,0887772f-ed1b-50ac-ae83-6bb6282ca177,insert,english_display_name,,PLAY Promotional cards
ja-d5664388d43a,catalog.sets,13ff8457-ce34-492d-b8a0-292fd59be9a7,update,english_display_name,拡張パック,ADV Expansion Pack
ja-b1f20b82870a,catalog.sets,e75e6a35-beb5-4ced-a2c9-d146f471a3fd,update,english_display_name,砂漠のきせき,Miracle of the Desert
ja-65c3523196a0,catalog.sets,3ff19dd1-048a-49b1-ad15-6a07c7351a46,update,english_display_name,天空の覇者,Rulers of the Heavens
ja-ac97c5a93e93,catalog.sets,ab5b47d9-7548-4f9f-96fe-30a12f041d78,update,native_name,強化拡張パックex1マグマVSアクア ふたつの野望,マグマVSアクア ふたつの野望
ja-ac97c5a93e93,catalog.sets,ab5b47d9-7548-4f9f-96fe-30a12f041d78,update,english_display_name,強化拡張パックex1マグマVSアクア ふたつの野望,Magma VS Aqua: Two Ambitions
ja-c2fcd6909311,catalog.sets,2e6d5f2e-8528-439f-9506-e4c84df8f2dd,update,english_display_name,とかれた封印,Undone Seal
ja-69e99c848c8f,catalog.sets,520b115f-4894-50d1-b6e8-5310288c2449,insert,id,,520b115f-4894-50d1-b6e8-5310288c2449
ja-69e99c848c8f,catalog.sets,520b115f-4894-50d1-b6e8-5310288c2449,insert,game_code,,pokemon
ja-69e99c848c8f,catalog.sets,520b115f-4894-50d1-b6e8-5310288c2449,insert,language_code,,ja
ja-69e99c848c8f,catalog.sets,520b115f-4894-50d1-b6e8-5310288c2449,insert,set_code,,PCG-P
ja-69e99c848c8f,catalog.sets,520b115f-4894-50d1-b6e8-5310288c2449,insert,provider_set_code,,
ja-69e99c848c8f,catalog.sets,520b115f-4894-50d1-b6e8-5310288c2449,insert,release_date,,
ja-69e99c848c8f,catalog.sets,520b115f-4894-50d1-b6e8-5310288c2449,insert,printed_total,,154
ja-69e99c848c8f,catalog.sets,520b115f-4894-50d1-b6e8-5310288c2449,insert,total,,154
ja-69e99c848c8f,catalog.sets,520b115f-4894-50d1-b6e8-5310288c2449,insert,native_name,,PCG-Pプロモカード
ja-69e99c848c8f,catalog.sets,520b115f-4894-50d1-b6e8-5310288c2449,insert,english_display_name,,PCG-P Promotional cards
ja-f4ad1a5de8de,catalog.sets,8063eabc-362a-4f15-a4ec-4ed73824252d,update,english_display_name,伝説の飛翔,Flight of Legends
ja-fbdbd21d3497,catalog.sets,9fa08d47-d2cd-4829-85b6-819692a6850a,update,english_display_name,蒼空の激突,Clash of the Blue Sky
ja-ad3e200bd99c,catalog.sets,12f2bb10-ec15-4783-bc9b-c946546a1abc,update,english_display_name,ロケット団の逆襲,Rocket Gang Strikes Back
ja-9dd6c248531c,catalog.sets,af6617ed-ed99-445f-8869-5a330740efc2,update,english_display_name,金の空、銀の海,"Golden Sky, Silvery Ocean"
ja-9b8346044725,catalog.sets,f8cb8c30-41dc-42a3-977a-23baba96fa69,update,english_display_name,まぼろしの森,Mirage Forest
ja-575fbe513ad9,catalog.sets,8fdf462f-ca9c-47e7-a92d-1936b082a12d,update,english_display_name,ホロンの研究塔,Holon Research Tower
ja-ee699b245332,catalog.sets,421a8323-4094-4c7f-8622-fb6af390becc,update,english_display_name,ホロンの幻影,Holon Phantom
ja-18798a4981e5,catalog.sets,d832f428-8d51-4ac0-a3cf-a5d38bddb88d,update,english_display_name,きせきの結晶,Miracle Crystal
ja-8052362cd40f,catalog.sets,b5ef438a-ddcb-4093-8c9b-572639565af5,update,english_display_name,さいはての攻防,Offense and Defense of the Furthest Ends
ja-ac539985be33,catalog.sets,6a3122a8-9233-5488-94ea-a2c538451251,insert,id,,6a3122a8-9233-5488-94ea-a2c538451251
ja-ac539985be33,catalog.sets,6a3122a8-9233-5488-94ea-a2c538451251,insert,game_code,,pokemon
ja-ac539985be33,catalog.sets,6a3122a8-9233-5488-94ea-a2c538451251,insert,language_code,,ja
ja-ac539985be33,catalog.sets,6a3122a8-9233-5488-94ea-a2c538451251,insert,set_code,,DP1-D
ja-ac539985be33,catalog.sets,6a3122a8-9233-5488-94ea-a2c538451251,insert,provider_set_code,,
ja-ac539985be33,catalog.sets,6a3122a8-9233-5488-94ea-a2c538451251,insert,release_date,,2006-11-30
ja-ac539985be33,catalog.sets,6a3122a8-9233-5488-94ea-a2c538451251,insert,printed_total,,117
ja-ac539985be33,catalog.sets,6a3122a8-9233-5488-94ea-a2c538451251,insert,total,,117
ja-ac539985be33,catalog.sets,6a3122a8-9233-5488-94ea-a2c538451251,insert,native_name,,時空の創造: ダイヤモンドコレクション
ja-ac539985be33,catalog.sets,6a3122a8-9233-5488-94ea-a2c538451251,insert,english_display_name,,Space-Time Creation: Diamond Collection
ja-88bfb2a6b618,catalog.sets,e360da33-32f4-5148-86d6-5a296132d4ab,insert,id,,e360da33-32f4-5148-86d6-5a296132d4ab
ja-88bfb2a6b618,catalog.sets,e360da33-32f4-5148-86d6-5a296132d4ab,insert,game_code,,pokemon
ja-88bfb2a6b618,catalog.sets,e360da33-32f4-5148-86d6-5a296132d4ab,insert,language_code,,ja
ja-88bfb2a6b618,catalog.sets,e360da33-32f4-5148-86d6-5a296132d4ab,insert,set_code,,DP1-P
ja-88bfb2a6b618,catalog.sets,e360da33-32f4-5148-86d6-5a296132d4ab,insert,provider_set_code,,
ja-88bfb2a6b618,catalog.sets,e360da33-32f4-5148-86d6-5a296132d4ab,insert,release_date,,2006-11-30
ja-88bfb2a6b618,catalog.sets,e360da33-32f4-5148-86d6-5a296132d4ab,insert,printed_total,,119
ja-88bfb2a6b618,catalog.sets,e360da33-32f4-5148-86d6-5a296132d4ab,insert,total,,119
ja-88bfb2a6b618,catalog.sets,e360da33-32f4-5148-86d6-5a296132d4ab,insert,native_name,,時空の創造: パールコレクション
ja-88bfb2a6b618,catalog.sets,e360da33-32f4-5148-86d6-5a296132d4ab,insert,english_display_name,,Space-Time Creation: Pearl Collection
ja-4f36e9f81e8a,catalog.sets,9e5ea94d-e9a1-5237-8d50-ce6d0be6ec91,insert,id,,9e5ea94d-e9a1-5237-8d50-ce6d0be6ec91
ja-4f36e9f81e8a,catalog.sets,9e5ea94d-e9a1-5237-8d50-ce6d0be6ec91,insert,game_code,,pokemon
ja-4f36e9f81e8a,catalog.sets,9e5ea94d-e9a1-5237-8d50-ce6d0be6ec91,insert,language_code,,ja
ja-4f36e9f81e8a,catalog.sets,9e5ea94d-e9a1-5237-8d50-ce6d0be6ec91,insert,set_code,,DP-P
ja-4f36e9f81e8a,catalog.sets,9e5ea94d-e9a1-5237-8d50-ce6d0be6ec91,insert,provider_set_code,,
ja-4f36e9f81e8a,catalog.sets,9e5ea94d-e9a1-5237-8d50-ce6d0be6ec91,insert,release_date,,
ja-4f36e9f81e8a,catalog.sets,9e5ea94d-e9a1-5237-8d50-ce6d0be6ec91,insert,printed_total,,127
ja-4f36e9f81e8a,catalog.sets,9e5ea94d-e9a1-5237-8d50-ce6d0be6ec91,insert,total,,127
ja-4f36e9f81e8a,catalog.sets,9e5ea94d-e9a1-5237-8d50-ce6d0be6ec91,insert,native_name,,DP-Pプロモカード
ja-4f36e9f81e8a,catalog.sets,9e5ea94d-e9a1-5237-8d50-ce6d0be6ec91,insert,english_display_name,,DP-P Promotional cards
ja-e5de102d35c9,catalog.sets,528e17b5-e457-5b1f-a6dd-9842ddb85681,insert,id,,528e17b5-e457-5b1f-a6dd-9842ddb85681
ja-e5de102d35c9,catalog.sets,528e17b5-e457-5b1f-a6dd-9842ddb85681,insert,game_code,,pokemon
ja-e5de102d35c9,catalog.sets,528e17b5-e457-5b1f-a6dd-9842ddb85681,insert,language_code,,ja
ja-e5de102d35c9,catalog.sets,528e17b5-e457-5b1f-a6dd-9842ddb85681,insert,set_code,,DP2
ja-e5de102d35c9,catalog.sets,528e17b5-e457-5b1f-a6dd-9842ddb85681,insert,provider_set_code,,
ja-e5de102d35c9,catalog.sets,528e17b5-e457-5b1f-a6dd-9842ddb85681,insert,release_date,,2007-03-02
ja-e5de102d35c9,catalog.sets,528e17b5-e457-5b1f-a6dd-9842ddb85681,insert,printed_total,,123
ja-e5de102d35c9,catalog.sets,528e17b5-e457-5b1f-a6dd-9842ddb85681,insert,total,,123
ja-e5de102d35c9,catalog.sets,528e17b5-e457-5b1f-a6dd-9842ddb85681,insert,native_name,,湖の秘密
ja-e5de102d35c9,catalog.sets,528e17b5-e457-5b1f-a6dd-9842ddb85681,insert,english_display_name,,Secret of the Lakes
ja-8b06d2da9b06,catalog.sets,1b15ebcf-80ed-50e9-8b6a-292ac2ffa19b,insert,id,,1b15ebcf-80ed-50e9-8b6a-292ac2ffa19b
ja-8b06d2da9b06,catalog.sets,1b15ebcf-80ed-50e9-8b6a-292ac2ffa19b,insert,game_code,,pokemon
ja-8b06d2da9b06,catalog.sets,1b15ebcf-80ed-50e9-8b6a-292ac2ffa19b,insert,language_code,,ja
ja-8b06d2da9b06,catalog.sets,1b15ebcf-80ed-50e9-8b6a-292ac2ffa19b,insert,set_code,,PPP
ja-8b06d2da9b06,catalog.sets,1b15ebcf-80ed-50e9-8b6a-292ac2ffa19b,insert,provider_set_code,,
ja-8b06d2da9b06,catalog.sets,1b15ebcf-80ed-50e9-8b6a-292ac2ffa19b,insert,release_date,,
ja-8b06d2da9b06,catalog.sets,1b15ebcf-80ed-50e9-8b6a-292ac2ffa19b,insert,printed_total,,7
ja-8b06d2da9b06,catalog.sets,1b15ebcf-80ed-50e9-8b6a-292ac2ffa19b,insert,total,,7
ja-8b06d2da9b06,catalog.sets,1b15ebcf-80ed-50e9-8b6a-292ac2ffa19b,insert,native_name,,PPPプロモカード
ja-8b06d2da9b06,catalog.sets,1b15ebcf-80ed-50e9-8b6a-292ac2ffa19b,insert,english_display_name,,PPP Promotional cards
ja-9f086f3cb6b7,catalog.sets,cff4f0ae-5a54-5169-b2ef-a90ca807096a,insert,id,,cff4f0ae-5a54-5169-b2ef-a90ca807096a
ja-9f086f3cb6b7,catalog.sets,cff4f0ae-5a54-5169-b2ef-a90ca807096a,insert,game_code,,pokemon
ja-9f086f3cb6b7,catalog.sets,cff4f0ae-5a54-5169-b2ef-a90ca807096a,insert,language_code,,ja
ja-9f086f3cb6b7,catalog.sets,cff4f0ae-5a54-5169-b2ef-a90ca807096a,insert,set_code,,DP3
ja-9f086f3cb6b7,catalog.sets,cff4f0ae-5a54-5169-b2ef-a90ca807096a,insert,provider_set_code,,
ja-9f086f3cb6b7,catalog.sets,cff4f0ae-5a54-5169-b2ef-a90ca807096a,insert,release_date,,2007-07-05
ja-9f086f3cb6b7,catalog.sets,cff4f0ae-5a54-5169-b2ef-a90ca807096a,insert,printed_total,,119
ja-9f086f3cb6b7,catalog.sets,cff4f0ae-5a54-5169-b2ef-a90ca807096a,insert,total,,119
ja-9f086f3cb6b7,catalog.sets,cff4f0ae-5a54-5169-b2ef-a90ca807096a,insert,native_name,,ひかる闇
ja-9f086f3cb6b7,catalog.sets,cff4f0ae-5a54-5169-b2ef-a90ca807096a,insert,english_display_name,,Shining Darkness
ja-99455347bdc0,catalog.sets,10679a32-808f-5e0e-be7c-f41d93be702c,insert,id,,10679a32-808f-5e0e-be7c-f41d93be702c
ja-99455347bdc0,catalog.sets,10679a32-808f-5e0e-be7c-f41d93be702c,insert,game_code,,pokemon
ja-99455347bdc0,catalog.sets,10679a32-808f-5e0e-be7c-f41d93be702c,insert,language_code,,ja
ja-99455347bdc0,catalog.sets,10679a32-808f-5e0e-be7c-f41d93be702c,insert,set_code,,MOV10
ja-99455347bdc0,catalog.sets,10679a32-808f-5e0e-be7c-f41d93be702c,insert,provider_set_code,,
ja-99455347bdc0,catalog.sets,10679a32-808f-5e0e-be7c-f41d93be702c,insert,release_date,,2007-07-14
ja-99455347bdc0,catalog.sets,10679a32-808f-5e0e-be7c-f41d93be702c,insert,printed_total,,11
ja-99455347bdc0,catalog.sets,10679a32-808f-5e0e-be7c-f41d93be702c,insert,total,,11
ja-99455347bdc0,catalog.sets,10679a32-808f-5e0e-be7c-f41d93be702c,insert,native_name,,映画10周年記念 プレミアムシート
ja-99455347bdc0,catalog.sets,10679a32-808f-5e0e-be7c-f41d93be702c,insert,english_display_name,,Movie 10th Anniversary Premium Sheet
ja-55740d850232,catalog.sets,f6ee83e1-e346-516a-833b-3ca5c3c6aa21,insert,id,,f6ee83e1-e346-516a-833b-3ca5c3c6aa21
ja-55740d850232,catalog.sets,f6ee83e1-e346-516a-833b-3ca5c3c6aa21,insert,game_code,,pokemon
ja-55740d850232,catalog.sets,f6ee83e1-e346-516a-833b-3ca5c3c6aa21,insert,language_code,,ja
ja-55740d850232,catalog.sets,f6ee83e1-e346-516a-833b-3ca5c3c6aa21,insert,set_code,,DP4-Dawn
ja-55740d850232,catalog.sets,f6ee83e1-e346-516a-833b-3ca5c3c6aa21,insert,provider_set_code,,
ja-55740d850232,catalog.sets,f6ee83e1-e346-516a-833b-3ca5c3c6aa21,insert,release_date,,2007-10-26
ja-55740d850232,catalog.sets,f6ee83e1-e346-516a-833b-3ca5c3c6aa21,insert,printed_total,,70
ja-55740d850232,catalog.sets,f6ee83e1-e346-516a-833b-3ca5c3c6aa21,insert,total,,70
ja-55740d850232,catalog.sets,f6ee83e1-e346-516a-833b-3ca5c3c6aa21,insert,native_name,,夜明けの疾走
ja-55740d850232,catalog.sets,f6ee83e1-e346-516a-833b-3ca5c3c6aa21,insert,english_display_name,,Dawn Dash
ja-366d4a2e5f45,catalog.sets,04730c29-ba77-589f-9e42-16bbc2a6595f,insert,id,,04730c29-ba77-589f-9e42-16bbc2a6595f
ja-366d4a2e5f45,catalog.sets,04730c29-ba77-589f-9e42-16bbc2a6595f,insert,game_code,,pokemon
ja-366d4a2e5f45,catalog.sets,04730c29-ba77-589f-9e42-16bbc2a6595f,insert,language_code,,ja
ja-366d4a2e5f45,catalog.sets,04730c29-ba77-589f-9e42-16bbc2a6595f,insert,set_code,,DP4-Moon
ja-366d4a2e5f45,catalog.sets,04730c29-ba77-589f-9e42-16bbc2a6595f,insert,provider_set_code,,
ja-366d4a2e5f45,catalog.sets,04730c29-ba77-589f-9e42-16bbc2a6595f,insert,release_date,,2007-10-26
ja-366d4a2e5f45,catalog.sets,04730c29-ba77-589f-9e42-16bbc2a6595f,insert,printed_total,,70
ja-366d4a2e5f45,catalog.sets,04730c29-ba77-589f-9e42-16bbc2a6595f,insert,total,,70
ja-366d4a2e5f45,catalog.sets,04730c29-ba77-589f-9e42-16bbc2a6595f,insert,native_name,,月光の追跡
ja-366d4a2e5f45,catalog.sets,04730c29-ba77-589f-9e42-16bbc2a6595f,insert,english_display_name,,Moonlit Pursuit
ja-f2ff12dfa982,catalog.sets,2724955d-fd5a-5a3e-a343-cf47446c4f73,insert,id,,2724955d-fd5a-5a3e-a343-cf47446c4f73
ja-f2ff12dfa982,catalog.sets,2724955d-fd5a-5a3e-a343-cf47446c4f73,insert,game_code,,pokemon
ja-f2ff12dfa982,catalog.sets,2724955d-fd5a-5a3e-a343-cf47446c4f73,insert,language_code,,ja
ja-f2ff12dfa982,catalog.sets,2724955d-fd5a-5a3e-a343-cf47446c4f73,insert,set_code,,DP5-Cry
ja-f2ff12dfa982,catalog.sets,2724955d-fd5a-5a3e-a343-cf47446c4f73,insert,provider_set_code,,
ja-f2ff12dfa982,catalog.sets,2724955d-fd5a-5a3e-a343-cf47446c4f73,insert,release_date,,2008-03-14
ja-f2ff12dfa982,catalog.sets,2724955d-fd5a-5a3e-a343-cf47446c4f73,insert,printed_total,,65
ja-f2ff12dfa982,catalog.sets,2724955d-fd5a-5a3e-a343-cf47446c4f73,insert,total,,65
ja-f2ff12dfa982,catalog.sets,2724955d-fd5a-5a3e-a343-cf47446c4f73,insert,native_name,,秘境の叫び
ja-f2ff12dfa982,catalog.sets,2724955d-fd5a-5a3e-a343-cf47446c4f73,insert,english_display_name,,Cry from the Mysterious
ja-c285050d1f0d,catalog.sets,527e912a-0e90-5e78-96e9-79c02bb4c0c2,insert,id,,527e912a-0e90-5e78-96e9-79c02bb4c0c2
ja-c285050d1f0d,catalog.sets,527e912a-0e90-5e78-96e9-79c02bb4c0c2,insert,game_code,,pokemon
ja-c285050d1f0d,catalog.sets,527e912a-0e90-5e78-96e9-79c02bb4c0c2,insert,language_code,,ja
ja-c285050d1f0d,catalog.sets,527e912a-0e90-5e78-96e9-79c02bb4c0c2,insert,set_code,,DP5-Temple
ja-c285050d1f0d,catalog.sets,527e912a-0e90-5e78-96e9-79c02bb4c0c2,insert,provider_set_code,,
ja-c285050d1f0d,catalog.sets,527e912a-0e90-5e78-96e9-79c02bb4c0c2,insert,release_date,,2008-03-14
ja-c285050d1f0d,catalog.sets,527e912a-0e90-5e78-96e9-79c02bb4c0c2,insert,printed_total,,65
ja-c285050d1f0d,catalog.sets,527e912a-0e90-5e78-96e9-79c02bb4c0c2,insert,total,,65
ja-c285050d1f0d,catalog.sets,527e912a-0e90-5e78-96e9-79c02bb4c0c2,insert,native_name,,怒りの神殿
ja-c285050d1f0d,catalog.sets,527e912a-0e90-5e78-96e9-79c02bb4c0c2,insert,english_display_name,,Temple of Anger
ja-36bd2d9bbb54,catalog.sets,83a27342-71ac-51e7-a5ed-406a2c313f01,insert,id,,83a27342-71ac-51e7-a5ed-406a2c313f01
ja-36bd2d9bbb54,catalog.sets,83a27342-71ac-51e7-a5ed-406a2c313f01,insert,game_code,,pokemon
ja-36bd2d9bbb54,catalog.sets,83a27342-71ac-51e7-a5ed-406a2c313f01,insert,language_code,,ja
ja-36bd2d9bbb54,catalog.sets,83a27342-71ac-51e7-a5ed-406a2c313f01,insert,set_code,,DP6
ja-36bd2d9bbb54,catalog.sets,83a27342-71ac-51e7-a5ed-406a2c313f01,insert,provider_set_code,,
ja-36bd2d9bbb54,catalog.sets,83a27342-71ac-51e7-a5ed-406a2c313f01,insert,release_date,,2008-07-10
ja-36bd2d9bbb54,catalog.sets,83a27342-71ac-51e7-a5ed-406a2c313f01,insert,printed_total,,92
ja-36bd2d9bbb54,catalog.sets,83a27342-71ac-51e7-a5ed-406a2c313f01,insert,total,,92
ja-36bd2d9bbb54,catalog.sets,83a27342-71ac-51e7-a5ed-406a2c313f01,insert,native_name,,破空の激闘
ja-36bd2d9bbb54,catalog.sets,83a27342-71ac-51e7-a5ed-406a2c313f01,insert,english_display_name,,Intense Fight in the Destroyed Sky
ja-6522461d7ad2,catalog.sets,3724b8b6-7cb6-54d8-a034-2262e1d25dfd,insert,id,,3724b8b6-7cb6-54d8-a034-2262e1d25dfd
ja-6522461d7ad2,catalog.sets,3724b8b6-7cb6-54d8-a034-2262e1d25dfd,insert,game_code,,pokemon
ja-6522461d7ad2,catalog.sets,3724b8b6-7cb6-54d8-a034-2262e1d25dfd,insert,language_code,,ja
ja-6522461d7ad2,catalog.sets,3724b8b6-7cb6-54d8-a034-2262e1d25dfd,insert,set_code,,MOV11
ja-6522461d7ad2,catalog.sets,3724b8b6-7cb6-54d8-a034-2262e1d25dfd,insert,provider_set_code,,
ja-6522461d7ad2,catalog.sets,3724b8b6-7cb6-54d8-a034-2262e1d25dfd,insert,release_date,,2008-07-19
ja-6522461d7ad2,catalog.sets,3724b8b6-7cb6-54d8-a034-2262e1d25dfd,insert,printed_total,,9
ja-6522461d7ad2,catalog.sets,3724b8b6-7cb6-54d8-a034-2262e1d25dfd,insert,total,,9
ja-6522461d7ad2,catalog.sets,3724b8b6-7cb6-54d8-a034-2262e1d25dfd,insert,native_name,,映画公開記念 プレミアムシート
ja-6522461d7ad2,catalog.sets,3724b8b6-7cb6-54d8-a034-2262e1d25dfd,insert,english_display_name,,Movie Commemoration Premium Sheet
ja-7509d3f988ca,catalog.sets,d471f3eb-dcff-5c6c-ad14-bb8c9b0876a8,insert,id,,d471f3eb-dcff-5c6c-ad14-bb8c9b0876a8
ja-7509d3f988ca,catalog.sets,d471f3eb-dcff-5c6c-ad14-bb8c9b0876a8,insert,game_code,,pokemon
ja-7509d3f988ca,catalog.sets,d471f3eb-dcff-5c6c-ad14-bb8c9b0876a8,insert,language_code,,ja
ja-7509d3f988ca,catalog.sets,d471f3eb-dcff-5c6c-ad14-bb8c9b0876a8,insert,set_code,,DPt-P
ja-7509d3f988ca,catalog.sets,d471f3eb-dcff-5c6c-ad14-bb8c9b0876a8,insert,provider_set_code,,
ja-7509d3f988ca,catalog.sets,d471f3eb-dcff-5c6c-ad14-bb8c9b0876a8,insert,release_date,,
ja-7509d3f988ca,catalog.sets,d471f3eb-dcff-5c6c-ad14-bb8c9b0876a8,insert,printed_total,,51
ja-7509d3f988ca,catalog.sets,d471f3eb-dcff-5c6c-ad14-bb8c9b0876a8,insert,total,,51
ja-7509d3f988ca,catalog.sets,d471f3eb-dcff-5c6c-ad14-bb8c9b0876a8,insert,native_name,,DPt-Pプロモカード
ja-7509d3f988ca,catalog.sets,d471f3eb-dcff-5c6c-ad14-bb8c9b0876a8,insert,english_display_name,,DPt-P Promotional cards
ja-cd5d6efb8f68,catalog.sets,b364d4ca-e272-58ea-bd2c-c4bd554e95b5,insert,id,,b364d4ca-e272-58ea-bd2c-c4bd554e95b5
ja-cd5d6efb8f68,catalog.sets,b364d4ca-e272-58ea-bd2c-c4bd554e95b5,insert,game_code,,pokemon
ja-cd5d6efb8f68,catalog.sets,b364d4ca-e272-58ea-bd2c-c4bd554e95b5,insert,language_code,,ja
ja-cd5d6efb8f68,catalog.sets,b364d4ca-e272-58ea-bd2c-c4bd554e95b5,insert,set_code,,DPt1
ja-cd5d6efb8f68,catalog.sets,b364d4ca-e272-58ea-bd2c-c4bd554e95b5,insert,provider_set_code,,
ja-cd5d6efb8f68,catalog.sets,b364d4ca-e272-58ea-bd2c-c4bd554e95b5,insert,release_date,,2008-10-10
ja-cd5d6efb8f68,catalog.sets,b364d4ca-e272-58ea-bd2c-c4bd554e95b5,insert,printed_total,,96
ja-cd5d6efb8f68,catalog.sets,b364d4ca-e272-58ea-bd2c-c4bd554e95b5,insert,total,,96
ja-cd5d6efb8f68,catalog.sets,b364d4ca-e272-58ea-bd2c-c4bd554e95b5,insert,native_name,,ギンガの覇道
ja-cd5d6efb8f68,catalog.sets,b364d4ca-e272-58ea-bd2c-c4bd554e95b5,insert,english_display_name,,Galactic's Conquest
ja-2305f796724b,catalog.sets,14a8842a-2bcf-5f53-b280-b6cb95a46108,insert,id,,14a8842a-2bcf-5f53-b280-b6cb95a46108
ja-2305f796724b,catalog.sets,14a8842a-2bcf-5f53-b280-b6cb95a46108,insert,game_code,,pokemon
ja-2305f796724b,catalog.sets,14a8842a-2bcf-5f53-b280-b6cb95a46108,insert,language_code,,ja
ja-2305f796724b,catalog.sets,14a8842a-2bcf-5f53-b280-b6cb95a46108,insert,set_code,,DPt2
ja-2305f796724b,catalog.sets,14a8842a-2bcf-5f53-b280-b6cb95a46108,insert,provider_set_code,,
ja-2305f796724b,catalog.sets,14a8842a-2bcf-5f53-b280-b6cb95a46108,insert,release_date,,2008-12-26
ja-2305f796724b,catalog.sets,14a8842a-2bcf-5f53-b280-b6cb95a46108,insert,printed_total,,90
ja-2305f796724b,catalog.sets,14a8842a-2bcf-5f53-b280-b6cb95a46108,insert,total,,90
ja-2305f796724b,catalog.sets,14a8842a-2bcf-5f53-b280-b6cb95a46108,insert,native_name,,時の果ての絆
ja-2305f796724b,catalog.sets,14a8842a-2bcf-5f53-b280-b6cb95a46108,insert,english_display_name,,Bonds to the End of Time
ja-1848e7ac2f76,catalog.sets,ea3514b6-7bec-59c4-94a1-a4e28d48aad7,insert,id,,ea3514b6-7bec-59c4-94a1-a4e28d48aad7
ja-1848e7ac2f76,catalog.sets,ea3514b6-7bec-59c4-94a1-a4e28d48aad7,insert,game_code,,pokemon
ja-1848e7ac2f76,catalog.sets,ea3514b6-7bec-59c4-94a1-a4e28d48aad7,insert,language_code,,ja
ja-1848e7ac2f76,catalog.sets,ea3514b6-7bec-59c4-94a1-a4e28d48aad7,insert,set_code,,DPt3
ja-1848e7ac2f76,catalog.sets,ea3514b6-7bec-59c4-94a1-a4e28d48aad7,insert,provider_set_code,,
ja-1848e7ac2f76,catalog.sets,ea3514b6-7bec-59c4-94a1-a4e28d48aad7,insert,release_date,,2009-03-06
ja-1848e7ac2f76,catalog.sets,ea3514b6-7bec-59c4-94a1-a4e28d48aad7,insert,printed_total,,100
ja-1848e7ac2f76,catalog.sets,ea3514b6-7bec-59c4-94a1-a4e28d48aad7,insert,total,,100
ja-1848e7ac2f76,catalog.sets,ea3514b6-7bec-59c4-94a1-a4e28d48aad7,insert,native_name,,フロンティアの鼓動
ja-1848e7ac2f76,catalog.sets,ea3514b6-7bec-59c4-94a1-a4e28d48aad7,insert,english_display_name,,Beat of the Frontier
ja-0b3474b08955,catalog.sets,baf775b5-329b-534c-9c2c-9897687747e6,insert,id,,baf775b5-329b-534c-9c2c-9897687747e6
ja-0b3474b08955,catalog.sets,baf775b5-329b-534c-9c2c-9897687747e6,insert,game_code,,pokemon
ja-0b3474b08955,catalog.sets,baf775b5-329b-534c-9c2c-9897687747e6,insert,language_code,,ja
ja-0b3474b08955,catalog.sets,baf775b5-329b-534c-9c2c-9897687747e6,insert,set_code,,DPt4
ja-0b3474b08955,catalog.sets,baf775b5-329b-534c-9c2c-9897687747e6,insert,provider_set_code,,
ja-0b3474b08955,catalog.sets,baf775b5-329b-534c-9c2c-9897687747e6,insert,release_date,,2009-07-08
ja-0b3474b08955,catalog.sets,baf775b5-329b-534c-9c2c-9897687747e6,insert,printed_total,,90
ja-0b3474b08955,catalog.sets,baf775b5-329b-534c-9c2c-9897687747e6,insert,total,,90
ja-0b3474b08955,catalog.sets,baf775b5-329b-534c-9c2c-9897687747e6,insert,native_name,,アルセウス光臨
ja-0b3474b08955,catalog.sets,baf775b5-329b-534c-9c2c-9897687747e6,insert,english_display_name,,Advent of Arceus
ja-6a0876b64cf1,catalog.sets,cf0ca597-b60c-5940-94d9-2a9282c7efb0,insert,id,,cf0ca597-b60c-5940-94d9-2a9282c7efb0
ja-6a0876b64cf1,catalog.sets,cf0ca597-b60c-5940-94d9-2a9282c7efb0,insert,game_code,,pokemon
ja-6a0876b64cf1,catalog.sets,cf0ca597-b60c-5940-94d9-2a9282c7efb0,insert,language_code,,ja
ja-6a0876b64cf1,catalog.sets,cf0ca597-b60c-5940-94d9-2a9282c7efb0,insert,set_code,,L-P
ja-6a0876b64cf1,catalog.sets,cf0ca597-b60c-5940-94d9-2a9282c7efb0,insert,provider_set_code,,
ja-6a0876b64cf1,catalog.sets,cf0ca597-b60c-5940-94d9-2a9282c7efb0,insert,release_date,,
ja-6a0876b64cf1,catalog.sets,cf0ca597-b60c-5940-94d9-2a9282c7efb0,insert,printed_total,,79
ja-6a0876b64cf1,catalog.sets,cf0ca597-b60c-5940-94d9-2a9282c7efb0,insert,total,,79
ja-6a0876b64cf1,catalog.sets,cf0ca597-b60c-5940-94d9-2a9282c7efb0,insert,native_name,,L-Pプロモカード
ja-6a0876b64cf1,catalog.sets,cf0ca597-b60c-5940-94d9-2a9282c7efb0,insert,english_display_name,,L-P Promotional cards
ja-47b20ad63664,catalog.sets,fa59f8a0-dac4-4de7-aad9-2c6efead8ed6,update,english_display_name,ハートゴールドコレクション,HeartGold Collection
ja-47b20ad63664,catalog.sets,fa59f8a0-dac4-4de7-aad9-2c6efead8ed6,update,total,70,71
ja-d1b8743147a9,catalog.sets,e8e16a23-fc7a-4ec8-abfe-b74448fa5f27,update,english_display_name,ソウルシルバーコレクション,SoulSilver Collection
ja-d1b8743147a9,catalog.sets,e8e16a23-fc7a-4ec8-abfe-b74448fa5f27,update,total,70,71
ja-14fe79e19ee3,catalog.sets,5801c250-0aca-4282-bfce-28ecbe3b5ee0,update,english_display_name,よみがえる伝説,Reviving Legends
ja-14fe79e19ee3,catalog.sets,5801c250-0aca-4282-bfce-28ecbe3b5ee0,update,printed_total,70,80
ja-14fe79e19ee3,catalog.sets,5801c250-0aca-4282-bfce-28ecbe3b5ee0,update,total,70,81
ja-0fdbb9b7ff7c,catalog.sets,7dbeff79-cfb7-4ac8-8a4f-d7c73a523349,update,native_name,強化パック ロストリンク,ロストリンク
ja-0fdbb9b7ff7c,catalog.sets,7dbeff79-cfb7-4ac8-8a4f-d7c73a523349,update,english_display_name,強化パック ロストリンク,Lost Link
ja-6b4a3e2ee98a,catalog.sets,2f857613-7720-426d-be33-d2b71d6304e2,update,english_display_name,頂上大激突,Clash at the Summit
ja-6b4a3e2ee98a,catalog.sets,2f857613-7720-426d-be33-d2b71d6304e2,update,printed_total,70,80
ja-6b4a3e2ee98a,catalog.sets,2f857613-7720-426d-be33-d2b71d6304e2,update,total,70,81
ja-7f31002fd758,catalog.sets,2658c9dd-c602-5bdf-9659-fd83793f8ee9,insert,id,,2658c9dd-c602-5bdf-9659-fd83793f8ee9
ja-7f31002fd758,catalog.sets,2658c9dd-c602-5bdf-9659-fd83793f8ee9,insert,game_code,,pokemon
ja-7f31002fd758,catalog.sets,2658c9dd-c602-5bdf-9659-fd83793f8ee9,insert,language_code,,ja
ja-7f31002fd758,catalog.sets,2658c9dd-c602-5bdf-9659-fd83793f8ee9,insert,set_code,,WC10
ja-7f31002fd758,catalog.sets,2658c9dd-c602-5bdf-9659-fd83793f8ee9,insert,provider_set_code,,
ja-7f31002fd758,catalog.sets,2658c9dd-c602-5bdf-9659-fd83793f8ee9,insert,release_date,,2010-07-08
ja-7f31002fd758,catalog.sets,2658c9dd-c602-5bdf-9659-fd83793f8ee9,insert,printed_total,,10
ja-7f31002fd758,catalog.sets,2658c9dd-c602-5bdf-9659-fd83793f8ee9,insert,total,,10
ja-7f31002fd758,catalog.sets,2658c9dd-c602-5bdf-9659-fd83793f8ee9,insert,native_name,,ピカチュウ ワールド
ja-7f31002fd758,catalog.sets,2658c9dd-c602-5bdf-9659-fd83793f8ee9,insert,english_display_name,,World Collection
ja-375d68f5afb5,catalog.sets,5bd77301-aaa1-5193-9b26-a9d73bc6b93e,insert,id,,5bd77301-aaa1-5193-9b26-a9d73bc6b93e
ja-375d68f5afb5,catalog.sets,5bd77301-aaa1-5193-9b26-a9d73bc6b93e,insert,game_code,,pokemon
ja-375d68f5afb5,catalog.sets,5bd77301-aaa1-5193-9b26-a9d73bc6b93e,insert,language_code,,ja
ja-375d68f5afb5,catalog.sets,5bd77301-aaa1-5193-9b26-a9d73bc6b93e,insert,set_code,,CS1
ja-375d68f5afb5,catalog.sets,5bd77301-aaa1-5193-9b26-a9d73bc6b93e,insert,provider_set_code,,
ja-375d68f5afb5,catalog.sets,5bd77301-aaa1-5193-9b26-a9d73bc6b93e,insert,release_date,,2010-09-18
ja-375d68f5afb5,catalog.sets,5bd77301-aaa1-5193-9b26-a9d73bc6b93e,insert,printed_total,,9
ja-375d68f5afb5,catalog.sets,5bd77301-aaa1-5193-9b26-a9d73bc6b93e,insert,total,,9
ja-375d68f5afb5,catalog.sets,5bd77301-aaa1-5193-9b26-a9d73bc6b93e,insert,native_name,,コレクションシート 旅立ちの仲間
ja-375d68f5afb5,catalog.sets,5bd77301-aaa1-5193-9b26-a9d73bc6b93e,insert,english_display_name,,Collection Sheet Journey Partners
ja-55ccb6ad65f9,catalog.sets,e611cdb3-ac1d-5b54-a81a-102b16b344e5,insert,id,,e611cdb3-ac1d-5b54-a81a-102b16b344e5
ja-55ccb6ad65f9,catalog.sets,e611cdb3-ac1d-5b54-a81a-102b16b344e5,insert,game_code,,pokemon
ja-55ccb6ad65f9,catalog.sets,e611cdb3-ac1d-5b54-a81a-102b16b344e5,insert,language_code,,ja
ja-55ccb6ad65f9,catalog.sets,e611cdb3-ac1d-5b54-a81a-102b16b344e5,insert,set_code,,BW-P
ja-55ccb6ad65f9,catalog.sets,e611cdb3-ac1d-5b54-a81a-102b16b344e5,insert,provider_set_code,,
ja-55ccb6ad65f9,catalog.sets,e611cdb3-ac1d-5b54-a81a-102b16b344e5,insert,release_date,,
ja-55ccb6ad65f9,catalog.sets,e611cdb3-ac1d-5b54-a81a-102b16b344e5,insert,printed_total,,229
ja-55ccb6ad65f9,catalog.sets,e611cdb3-ac1d-5b54-a81a-102b16b344e5,insert,total,,229
ja-55ccb6ad65f9,catalog.sets,e611cdb3-ac1d-5b54-a81a-102b16b344e5,insert,native_name,,BW-Pプロモカード
ja-55ccb6ad65f9,catalog.sets,e611cdb3-ac1d-5b54-a81a-102b16b344e5,insert,english_display_name,,BW-P Promotional cards
ja-0792c3a06e5e,catalog.sets,9302cd52-ff03-5e93-bc91-59c1ece923d2,insert,id,,9302cd52-ff03-5e93-bc91-59c1ece923d2
ja-0792c3a06e5e,catalog.sets,9302cd52-ff03-5e93-bc91-59c1ece923d2,insert,game_code,,pokemon
ja-0792c3a06e5e,catalog.sets,9302cd52-ff03-5e93-bc91-59c1ece923d2,insert,language_code,,ja
ja-0792c3a06e5e,catalog.sets,9302cd52-ff03-5e93-bc91-59c1ece923d2,insert,set_code,,BW1-Black
ja-0792c3a06e5e,catalog.sets,9302cd52-ff03-5e93-bc91-59c1ece923d2,insert,provider_set_code,,
ja-0792c3a06e5e,catalog.sets,9302cd52-ff03-5e93-bc91-59c1ece923d2,insert,release_date,,2010-12-17
ja-0792c3a06e5e,catalog.sets,9302cd52-ff03-5e93-bc91-59c1ece923d2,insert,printed_total,,53
ja-0792c3a06e5e,catalog.sets,9302cd52-ff03-5e93-bc91-59c1ece923d2,insert,total,,56
ja-0792c3a06e5e,catalog.sets,9302cd52-ff03-5e93-bc91-59c1ece923d2,insert,native_name,,ブラックコレクション
ja-0792c3a06e5e,catalog.sets,9302cd52-ff03-5e93-bc91-59c1ece923d2,insert,english_display_name,,Black Collection
ja-343ee8958d6b,catalog.sets,bab270a7-c0c1-5af0-a6d7-7fd044bb5883,insert,id,,bab270a7-c0c1-5af0-a6d7-7fd044bb5883
ja-343ee8958d6b,catalog.sets,bab270a7-c0c1-5af0-a6d7-7fd044bb5883,insert,game_code,,pokemon
ja-343ee8958d6b,catalog.sets,bab270a7-c0c1-5af0-a6d7-7fd044bb5883,insert,language_code,,ja
ja-343ee8958d6b,catalog.sets,bab270a7-c0c1-5af0-a6d7-7fd044bb5883,insert,set_code,,BW1-White
ja-343ee8958d6b,catalog.sets,bab270a7-c0c1-5af0-a6d7-7fd044bb5883,insert,provider_set_code,,
ja-343ee8958d6b,catalog.sets,bab270a7-c0c1-5af0-a6d7-7fd044bb5883,insert,release_date,,2010-12-17
ja-343ee8958d6b,catalog.sets,bab270a7-c0c1-5af0-a6d7-7fd044bb5883,insert,printed_total,,53
ja-343ee8958d6b,catalog.sets,bab270a7-c0c1-5af0-a6d7-7fd044bb5883,insert,total,,56
ja-343ee8958d6b,catalog.sets,bab270a7-c0c1-5af0-a6d7-7fd044bb5883,insert,native_name,,ホワイトコレクション
ja-343ee8958d6b,catalog.sets,bab270a7-c0c1-5af0-a6d7-7fd044bb5883,insert,english_display_name,,White Collection
ja-ecb9396be7bc,catalog.sets,99461540-5406-54c4-960d-cfb9d169e7a2,insert,id,,99461540-5406-54c4-960d-cfb9d169e7a2
ja-ecb9396be7bc,catalog.sets,99461540-5406-54c4-960d-cfb9d169e7a2,insert,game_code,,pokemon
ja-ecb9396be7bc,catalog.sets,99461540-5406-54c4-960d-cfb9d169e7a2,insert,language_code,,ja
ja-ecb9396be7bc,catalog.sets,99461540-5406-54c4-960d-cfb9d169e7a2,insert,set_code,,BW2
ja-ecb9396be7bc,catalog.sets,99461540-5406-54c4-960d-cfb9d169e7a2,insert,provider_set_code,,
ja-ecb9396be7bc,catalog.sets,99461540-5406-54c4-960d-cfb9d169e7a2,insert,release_date,,2011-07-15
ja-ecb9396be7bc,catalog.sets,99461540-5406-54c4-960d-cfb9d169e7a2,insert,printed_total,,66
ja-ecb9396be7bc,catalog.sets,99461540-5406-54c4-960d-cfb9d169e7a2,insert,total,,72
ja-ecb9396be7bc,catalog.sets,99461540-5406-54c4-960d-cfb9d169e7a2,insert,native_name,,レッドコレクション
ja-ecb9396be7bc,catalog.sets,99461540-5406-54c4-960d-cfb9d169e7a2,insert,english_display_name,,Red Collection
ja-56563c34a89e,catalog.sets,9ac1c40a-55e0-52cb-9fd4-2915a6d1e4c7,insert,id,,9ac1c40a-55e0-52cb-9fd4-2915a6d1e4c7
ja-56563c34a89e,catalog.sets,9ac1c40a-55e0-52cb-9fd4-2915a6d1e4c7,insert,game_code,,pokemon
ja-56563c34a89e,catalog.sets,9ac1c40a-55e0-52cb-9fd4-2915a6d1e4c7,insert,language_code,,ja
ja-56563c34a89e,catalog.sets,9ac1c40a-55e0-52cb-9fd4-2915a6d1e4c7,insert,set_code,,BW3-Hail
ja-56563c34a89e,catalog.sets,9ac1c40a-55e0-52cb-9fd4-2915a6d1e4c7,insert,provider_set_code,,
ja-56563c34a89e,catalog.sets,9ac1c40a-55e0-52cb-9fd4-2915a6d1e4c7,insert,release_date,,2011-09-16
ja-56563c34a89e,catalog.sets,9ac1c40a-55e0-52cb-9fd4-2915a6d1e4c7,insert,printed_total,,52
ja-56563c34a89e,catalog.sets,9ac1c40a-55e0-52cb-9fd4-2915a6d1e4c7,insert,total,,57
ja-56563c34a89e,catalog.sets,9ac1c40a-55e0-52cb-9fd4-2915a6d1e4c7,insert,native_name,,ヘイルブリザード
ja-56563c34a89e,catalog.sets,9ac1c40a-55e0-52cb-9fd4-2915a6d1e4c7,insert,english_display_name,,Hail Blizzard
ja-aaca389707bd,catalog.sets,b407f0ce-3bc1-5c8a-a619-eb9e29c48931,insert,id,,b407f0ce-3bc1-5c8a-a619-eb9e29c48931
ja-aaca389707bd,catalog.sets,b407f0ce-3bc1-5c8a-a619-eb9e29c48931,insert,game_code,,pokemon
ja-aaca389707bd,catalog.sets,b407f0ce-3bc1-5c8a-a619-eb9e29c48931,insert,language_code,,ja
ja-aaca389707bd,catalog.sets,b407f0ce-3bc1-5c8a-a619-eb9e29c48931,insert,set_code,,BW3-Psycho
ja-aaca389707bd,catalog.sets,b407f0ce-3bc1-5c8a-a619-eb9e29c48931,insert,provider_set_code,,
ja-aaca389707bd,catalog.sets,b407f0ce-3bc1-5c8a-a619-eb9e29c48931,insert,release_date,,2011-09-16
ja-aaca389707bd,catalog.sets,b407f0ce-3bc1-5c8a-a619-eb9e29c48931,insert,printed_total,,52
ja-aaca389707bd,catalog.sets,b407f0ce-3bc1-5c8a-a619-eb9e29c48931,insert,total,,57
ja-aaca389707bd,catalog.sets,b407f0ce-3bc1-5c8a-a619-eb9e29c48931,insert,native_name,,サイコドライブ
ja-aaca389707bd,catalog.sets,b407f0ce-3bc1-5c8a-a619-eb9e29c48931,insert,english_display_name,,Psycho Drive
ja-96ef806e2324,catalog.sets,faa8fcf7-f84d-5661-818a-ed43511e35fd,insert,id,,faa8fcf7-f84d-5661-818a-ed43511e35fd
ja-96ef806e2324,catalog.sets,faa8fcf7-f84d-5661-818a-ed43511e35fd,insert,game_code,,pokemon
ja-96ef806e2324,catalog.sets,faa8fcf7-f84d-5661-818a-ed43511e35fd,insert,language_code,,ja
ja-96ef806e2324,catalog.sets,faa8fcf7-f84d-5661-818a-ed43511e35fd,insert,set_code,,BW4
ja-96ef806e2324,catalog.sets,faa8fcf7-f84d-5661-818a-ed43511e35fd,insert,provider_set_code,,
ja-96ef806e2324,catalog.sets,faa8fcf7-f84d-5661-818a-ed43511e35fd,insert,release_date,,2011-12-16
ja-96ef806e2324,catalog.sets,faa8fcf7-f84d-5661-818a-ed43511e35fd,insert,printed_total,,69
ja-96ef806e2324,catalog.sets,faa8fcf7-f84d-5661-818a-ed43511e35fd,insert,total,,76
ja-96ef806e2324,catalog.sets,faa8fcf7-f84d-5661-818a-ed43511e35fd,insert,native_name,,ダークラッシュ
ja-96ef806e2324,catalog.sets,faa8fcf7-f84d-5661-818a-ed43511e35fd,insert,english_display_name,,Dark Rush
ja-344bb24cd8c0,catalog.sets,9f3a8601-340c-55a4-b57a-bc4f361539ed,insert,id,,9f3a8601-340c-55a4-b57a-bc4f361539ed
ja-344bb24cd8c0,catalog.sets,9f3a8601-340c-55a4-b57a-bc4f361539ed,insert,game_code,,pokemon
ja-344bb24cd8c0,catalog.sets,9f3a8601-340c-55a4-b57a-bc4f361539ed,insert,language_code,,ja
ja-344bb24cd8c0,catalog.sets,9f3a8601-340c-55a4-b57a-bc4f361539ed,insert,set_code,,DS
ja-344bb24cd8c0,catalog.sets,9f3a8601-340c-55a4-b57a-bc4f361539ed,insert,provider_set_code,,
ja-344bb24cd8c0,catalog.sets,9f3a8601-340c-55a4-b57a-bc4f361539ed,insert,release_date,,2012-01-27
ja-344bb24cd8c0,catalog.sets,9f3a8601-340c-55a4-b57a-bc4f361539ed,insert,printed_total,,20
ja-344bb24cd8c0,catalog.sets,9f3a8601-340c-55a4-b57a-bc4f361539ed,insert,total,,20
ja-344bb24cd8c0,catalog.sets,9f3a8601-340c-55a4-b57a-bc4f361539ed,insert,native_name,,ドラゴンセレクション
ja-344bb24cd8c0,catalog.sets,9f3a8601-340c-55a4-b57a-bc4f361539ed,insert,english_display_name,,Dragon Selection
ja-38d355385584,catalog.sets,f4c76708-6cfc-5925-b771-470a221ac494,insert,id,,f4c76708-6cfc-5925-b771-470a221ac494
ja-38d355385584,catalog.sets,f4c76708-6cfc-5925-b771-470a221ac494,insert,game_code,,pokemon
ja-38d355385584,catalog.sets,f4c76708-6cfc-5925-b771-470a221ac494,insert,language_code,,ja
ja-38d355385584,catalog.sets,f4c76708-6cfc-5925-b771-470a221ac494,insert,set_code,,BW5-Blade
ja-38d355385584,catalog.sets,f4c76708-6cfc-5925-b771-470a221ac494,insert,provider_set_code,,
ja-38d355385584,catalog.sets,f4c76708-6cfc-5925-b771-470a221ac494,insert,release_date,,2012-03-16
ja-38d355385584,catalog.sets,f4c76708-6cfc-5925-b771-470a221ac494,insert,printed_total,,50
ja-38d355385584,catalog.sets,f4c76708-6cfc-5925-b771-470a221ac494,insert,total,,55
ja-38d355385584,catalog.sets,f4c76708-6cfc-5925-b771-470a221ac494,insert,native_name,,リューノブレード
ja-38d355385584,catalog.sets,f4c76708-6cfc-5925-b771-470a221ac494,insert,english_display_name,,Dragon Blade
ja-cb452c3959d0,catalog.sets,b538c0b3-e525-5164-8b08-a1229226e00a,insert,id,,b538c0b3-e525-5164-8b08-a1229226e00a
ja-cb452c3959d0,catalog.sets,b538c0b3-e525-5164-8b08-a1229226e00a,insert,game_code,,pokemon
ja-cb452c3959d0,catalog.sets,b538c0b3-e525-5164-8b08-a1229226e00a,insert,language_code,,ja
ja-cb452c3959d0,catalog.sets,b538c0b3-e525-5164-8b08-a1229226e00a,insert,set_code,,BW5-Blast
ja-cb452c3959d0,catalog.sets,b538c0b3-e525-5164-8b08-a1229226e00a,insert,provider_set_code,,
ja-cb452c3959d0,catalog.sets,b538c0b3-e525-5164-8b08-a1229226e00a,insert,release_date,,2012-03-16
ja-cb452c3959d0,catalog.sets,b538c0b3-e525-5164-8b08-a1229226e00a,insert,printed_total,,50
ja-cb452c3959d0,catalog.sets,b538c0b3-e525-5164-8b08-a1229226e00a,insert,total,,55
ja-cb452c3959d0,catalog.sets,b538c0b3-e525-5164-8b08-a1229226e00a,insert,native_name,,リューズブラスト
ja-cb452c3959d0,catalog.sets,b538c0b3-e525-5164-8b08-a1229226e00a,insert,english_display_name,,Dragon Blast
ja-9d708a7a2d48,catalog.sets,48a5d306-2be2-5833-8db3-3cc4d288f5e3,insert,id,,48a5d306-2be2-5833-8db3-3cc4d288f5e3
ja-9d708a7a2d48,catalog.sets,48a5d306-2be2-5833-8db3-3cc4d288f5e3,insert,game_code,,pokemon
ja-9d708a7a2d48,catalog.sets,48a5d306-2be2-5833-8db3-3cc4d288f5e3,insert,language_code,,ja
ja-9d708a7a2d48,catalog.sets,48a5d306-2be2-5833-8db3-3cc4d288f5e3,insert,set_code,,BW6-Cold
ja-9d708a7a2d48,catalog.sets,48a5d306-2be2-5833-8db3-3cc4d288f5e3,insert,provider_set_code,,
ja-9d708a7a2d48,catalog.sets,48a5d306-2be2-5833-8db3-3cc4d288f5e3,insert,release_date,,2012-07-13
ja-9d708a7a2d48,catalog.sets,48a5d306-2be2-5833-8db3-3cc4d288f5e3,insert,printed_total,,59
ja-9d708a7a2d48,catalog.sets,48a5d306-2be2-5833-8db3-3cc4d288f5e3,insert,total,,65
ja-9d708a7a2d48,catalog.sets,48a5d306-2be2-5833-8db3-3cc4d288f5e3,insert,native_name,,コールドフレア
ja-9d708a7a2d48,catalog.sets,48a5d306-2be2-5833-8db3-3cc4d288f5e3,insert,english_display_name,,Cold Flare
ja-cf12abfb207a,catalog.sets,198e3c12-b5c2-56eb-a3ae-eb819d7b7e9f,insert,id,,198e3c12-b5c2-56eb-a3ae-eb819d7b7e9f
ja-cf12abfb207a,catalog.sets,198e3c12-b5c2-56eb-a3ae-eb819d7b7e9f,insert,game_code,,pokemon
ja-cf12abfb207a,catalog.sets,198e3c12-b5c2-56eb-a3ae-eb819d7b7e9f,insert,language_code,,ja
ja-cf12abfb207a,catalog.sets,198e3c12-b5c2-56eb-a3ae-eb819d7b7e9f,insert,set_code,,BW6-Freeze
ja-cf12abfb207a,catalog.sets,198e3c12-b5c2-56eb-a3ae-eb819d7b7e9f,insert,provider_set_code,,
ja-cf12abfb207a,catalog.sets,198e3c12-b5c2-56eb-a3ae-eb819d7b7e9f,insert,release_date,,2012-07-13
ja-cf12abfb207a,catalog.sets,198e3c12-b5c2-56eb-a3ae-eb819d7b7e9f,insert,printed_total,,59
ja-cf12abfb207a,catalog.sets,198e3c12-b5c2-56eb-a3ae-eb819d7b7e9f,insert,total,,65
ja-cf12abfb207a,catalog.sets,198e3c12-b5c2-56eb-a3ae-eb819d7b7e9f,insert,native_name,,フリーズボルト
ja-cf12abfb207a,catalog.sets,198e3c12-b5c2-56eb-a3ae-eb819d7b7e9f,insert,english_display_name,,Freeze Bolt
ja-344a8d566d5b,catalog.sets,26bc18f0-c8dc-5715-aeb8-cf5c258b0f37,insert,id,,26bc18f0-c8dc-5715-aeb8-cf5c258b0f37
ja-344a8d566d5b,catalog.sets,26bc18f0-c8dc-5715-aeb8-cf5c258b0f37,insert,game_code,,pokemon
ja-344a8d566d5b,catalog.sets,26bc18f0-c8dc-5715-aeb8-cf5c258b0f37,insert,language_code,,ja
ja-344a8d566d5b,catalog.sets,26bc18f0-c8dc-5715-aeb8-cf5c258b0f37,insert,set_code,,BW7
ja-344a8d566d5b,catalog.sets,26bc18f0-c8dc-5715-aeb8-cf5c258b0f37,insert,provider_set_code,,
ja-344a8d566d5b,catalog.sets,26bc18f0-c8dc-5715-aeb8-cf5c258b0f37,insert,release_date,,2012-09-14
ja-344a8d566d5b,catalog.sets,26bc18f0-c8dc-5715-aeb8-cf5c258b0f37,insert,printed_total,,70
ja-344a8d566d5b,catalog.sets,26bc18f0-c8dc-5715-aeb8-cf5c258b0f37,insert,total,,79
ja-344a8d566d5b,catalog.sets,26bc18f0-c8dc-5715-aeb8-cf5c258b0f37,insert,native_name,,プラズマゲイル
ja-344a8d566d5b,catalog.sets,26bc18f0-c8dc-5715-aeb8-cf5c258b0f37,insert,english_display_name,,Plasma Gale
ja-2d2ccae25348,catalog.sets,e83eaa0e-4027-5e0d-a880-a993075e0af6,insert,id,,e83eaa0e-4027-5e0d-a880-a993075e0af6
ja-2d2ccae25348,catalog.sets,e83eaa0e-4027-5e0d-a880-a993075e0af6,insert,game_code,,pokemon
ja-2d2ccae25348,catalog.sets,e83eaa0e-4027-5e0d-a880-a993075e0af6,insert,language_code,,ja
ja-2d2ccae25348,catalog.sets,e83eaa0e-4027-5e0d-a880-a993075e0af6,insert,set_code,,BW8-Spiral
ja-2d2ccae25348,catalog.sets,e83eaa0e-4027-5e0d-a880-a993075e0af6,insert,provider_set_code,,
ja-2d2ccae25348,catalog.sets,e83eaa0e-4027-5e0d-a880-a993075e0af6,insert,release_date,,2012-12-14
ja-2d2ccae25348,catalog.sets,e83eaa0e-4027-5e0d-a880-a993075e0af6,insert,printed_total,,51
ja-2d2ccae25348,catalog.sets,e83eaa0e-4027-5e0d-a880-a993075e0af6,insert,total,,58
ja-2d2ccae25348,catalog.sets,e83eaa0e-4027-5e0d-a880-a993075e0af6,insert,native_name,,ラセンフォース
ja-2d2ccae25348,catalog.sets,e83eaa0e-4027-5e0d-a880-a993075e0af6,insert,english_display_name,,Spiral Force
ja-ca4ba12512ac,catalog.sets,3b7279f5-1697-59fb-a060-c4f1922fe992,insert,id,,3b7279f5-1697-59fb-a060-c4f1922fe992
ja-ca4ba12512ac,catalog.sets,3b7279f5-1697-59fb-a060-c4f1922fe992,insert,game_code,,pokemon
ja-ca4ba12512ac,catalog.sets,3b7279f5-1697-59fb-a060-c4f1922fe992,insert,language_code,,ja
ja-ca4ba12512ac,catalog.sets,3b7279f5-1697-59fb-a060-c4f1922fe992,insert,set_code,,BW8-Thunder
ja-ca4ba12512ac,catalog.sets,3b7279f5-1697-59fb-a060-c4f1922fe992,insert,provider_set_code,,
ja-ca4ba12512ac,catalog.sets,3b7279f5-1697-59fb-a060-c4f1922fe992,insert,release_date,,2012-12-14
ja-ca4ba12512ac,catalog.sets,3b7279f5-1697-59fb-a060-c4f1922fe992,insert,printed_total,,51
ja-ca4ba12512ac,catalog.sets,3b7279f5-1697-59fb-a060-c4f1922fe992,insert,total,,58
ja-ca4ba12512ac,catalog.sets,3b7279f5-1697-59fb-a060-c4f1922fe992,insert,native_name,,ライデンナックル
ja-ca4ba12512ac,catalog.sets,3b7279f5-1697-59fb-a060-c4f1922fe992,insert,english_display_name,,Thunder Knuckle
ja-5ae629dc0d26,catalog.sets,631c9415-d848-5caf-a814-2098e8d91bb8,insert,id,,631c9415-d848-5caf-a814-2098e8d91bb8
ja-5ae629dc0d26,catalog.sets,631c9415-d848-5caf-a814-2098e8d91bb8,insert,game_code,,pokemon
ja-5ae629dc0d26,catalog.sets,631c9415-d848-5caf-a814-2098e8d91bb8,insert,language_code,,ja
ja-5ae629dc0d26,catalog.sets,631c9415-d848-5caf-a814-2098e8d91bb8,insert,set_code,,SC
ja-5ae629dc0d26,catalog.sets,631c9415-d848-5caf-a814-2098e8d91bb8,insert,provider_set_code,,
ja-5ae629dc0d26,catalog.sets,631c9415-d848-5caf-a814-2098e8d91bb8,insert,release_date,,2013-02-01
ja-5ae629dc0d26,catalog.sets,631c9415-d848-5caf-a814-2098e8d91bb8,insert,printed_total,,20
ja-5ae629dc0d26,catalog.sets,631c9415-d848-5caf-a814-2098e8d91bb8,insert,total,,25
ja-5ae629dc0d26,catalog.sets,631c9415-d848-5caf-a814-2098e8d91bb8,insert,native_name,,シャイニーコレクション
ja-5ae629dc0d26,catalog.sets,631c9415-d848-5caf-a814-2098e8d91bb8,insert,english_display_name,,Shiny Collection
ja-595faa0ef482,catalog.sets,c7213f94-5704-5368-a5e9-9a64534a1dbb,insert,id,,c7213f94-5704-5368-a5e9-9a64534a1dbb
ja-595faa0ef482,catalog.sets,c7213f94-5704-5368-a5e9-9a64534a1dbb,insert,game_code,,pokemon
ja-595faa0ef482,catalog.sets,c7213f94-5704-5368-a5e9-9a64534a1dbb,insert,language_code,,ja
ja-595faa0ef482,catalog.sets,c7213f94-5704-5368-a5e9-9a64534a1dbb,insert,set_code,,BW9
ja-595faa0ef482,catalog.sets,c7213f94-5704-5368-a5e9-9a64534a1dbb,insert,provider_set_code,,
ja-595faa0ef482,catalog.sets,c7213f94-5704-5368-a5e9-9a64534a1dbb,insert,release_date,,2013-03-15
ja-595faa0ef482,catalog.sets,c7213f94-5704-5368-a5e9-9a64534a1dbb,insert,printed_total,,76
ja-595faa0ef482,catalog.sets,c7213f94-5704-5368-a5e9-9a64534a1dbb,insert,total,,86
ja-595faa0ef482,catalog.sets,c7213f94-5704-5368-a5e9-9a64534a1dbb,insert,native_name,,メガロキャノン
ja-595faa0ef482,catalog.sets,c7213f94-5704-5368-a5e9-9a64534a1dbb,insert,english_display_name,,Megalo Cannon
ja-c52b489f0897,catalog.sets,6cc98dde-ed2d-553b-acc0-ae938627e419,insert,id,,6cc98dde-ed2d-553b-acc0-ae938627e419
ja-c52b489f0897,catalog.sets,6cc98dde-ed2d-553b-acc0-ae938627e419,insert,game_code,,pokemon
ja-c52b489f0897,catalog.sets,6cc98dde-ed2d-553b-acc0-ae938627e419,insert,language_code,,ja
ja-c52b489f0897,catalog.sets,6cc98dde-ed2d-553b-acc0-ae938627e419,insert,set_code,,EBB
ja-c52b489f0897,catalog.sets,6cc98dde-ed2d-553b-acc0-ae938627e419,insert,provider_set_code,,
ja-c52b489f0897,catalog.sets,6cc98dde-ed2d-553b-acc0-ae938627e419,insert,release_date,,2013-07-13
ja-c52b489f0897,catalog.sets,6cc98dde-ed2d-553b-acc0-ae938627e419,insert,printed_total,,93
ja-c52b489f0897,catalog.sets,6cc98dde-ed2d-553b-acc0-ae938627e419,insert,total,,99
ja-c52b489f0897,catalog.sets,6cc98dde-ed2d-553b-acc0-ae938627e419,insert,native_name,,EXバトルブースト
ja-c52b489f0897,catalog.sets,6cc98dde-ed2d-553b-acc0-ae938627e419,insert,english_display_name,,EX Battle Boost
ja-6abb84724d30,catalog.sets,27df62d8-ca66-5048-a7d6-065db8165509,insert,id,,27df62d8-ca66-5048-a7d6-065db8165509
ja-6abb84724d30,catalog.sets,27df62d8-ca66-5048-a7d6-065db8165509,insert,game_code,,pokemon
ja-6abb84724d30,catalog.sets,27df62d8-ca66-5048-a7d6-065db8165509,insert,language_code,,ja
ja-6abb84724d30,catalog.sets,27df62d8-ca66-5048-a7d6-065db8165509,insert,set_code,,XY-P
ja-6abb84724d30,catalog.sets,27df62d8-ca66-5048-a7d6-065db8165509,insert,provider_set_code,,
ja-6abb84724d30,catalog.sets,27df62d8-ca66-5048-a7d6-065db8165509,insert,release_date,,
ja-6abb84724d30,catalog.sets,27df62d8-ca66-5048-a7d6-065db8165509,insert,printed_total,,298
ja-6abb84724d30,catalog.sets,27df62d8-ca66-5048-a7d6-065db8165509,insert,total,,453
ja-6abb84724d30,catalog.sets,27df62d8-ca66-5048-a7d6-065db8165509,insert,native_name,,XY-Pプロモカード
ja-6abb84724d30,catalog.sets,27df62d8-ca66-5048-a7d6-065db8165509,insert,english_display_name,,XY-P Promotional cards
ja-89b882805fa9,catalog.sets,80507fc7-d1db-433d-9374-4efa9ee190b4,update,english_display_name,コレクションX,Collection X
ja-89b882805fa9,catalog.sets,80507fc7-d1db-433d-9374-4efa9ee190b4,update,total,60,63
ja-746fc064572f,catalog.sets,3ee8597c-8aef-4c8c-84a7-07b9870cb35c,update,english_display_name,コレクションY,Collection Y
ja-746fc064572f,catalog.sets,3ee8597c-8aef-4c8c-84a7-07b9870cb35c,update,total,60,63
ja-65fb81566e25,catalog.sets,08b708f9-3971-4219-926d-4f7accbecaf1,update,total,87,90
ja-d7f21b942202,catalog.sets,38994222-f21c-45b7-9546-8033947af026,update,total,103,105
ja-c5f3e48649e7,catalog.sets,4456ff35-8059-4c89-bf32-72ee17974c9f,update,total,95,97
ja-9081f4c9a4f2,catalog.sets,29935849-0eac-4671-b4d0-8bdee32d6cb4,update,english_display_name,ガイアボルケーノ,Gaia Volcano
ja-9081f4c9a4f2,catalog.sets,29935849-0eac-4671-b4d0-8bdee32d6cb4,update,total,70,80
ja-f78ca0230f1d,catalog.sets,a930e0e2-ed87-4a87-89ef-493b529eee93,update,english_display_name,タイダルストーム,Tidal Storm
ja-f78ca0230f1d,catalog.sets,a930e0e2-ed87-4a87-89ef-493b529eee93,update,total,70,80
ja-3e831f8ff73d,catalog.sets,309571d8-e64b-4859-87b1-692b7e1e8083,update,english_display_name,マグマ団VSアクア団 ダブルクライシス,Magma Gang VS Aqua Gang: Double Crisis
ja-ed3ad6afcabe,catalog.sets,1b5bed18-c3ec-4a9f-a022-caf94a6199f8,update,english_display_name,エメラルドブレイク,Emerald Break
ja-ed3ad6afcabe,catalog.sets,1b5bed18-c3ec-4a9f-a022-caf94a6199f8,update,total,78,91
ja-cb2aed7a9cd5,catalog.sets,ae0e96bd-371a-44ca-8090-e773a4f10d5e,update,total,95,97
ja-48a193b47fdc,catalog.sets,92c2515d-e527-4909-8ecd-27b5bef5a4b6,update,english_display_name,伝説キラコレクション,Legendary Shine Collection
ja-a9d8ad9a0436,catalog.sets,13ef05bd-d69c-4a8f-aa8d-67b7d3cded50,update,english_display_name,青い衝撃,Blue Shock
ja-a9d8ad9a0436,catalog.sets,13ef05bd-d69c-4a8f-aa8d-67b7d3cded50,update,total,59,65
ja-cd5a3e4dd99f,catalog.sets,dbd76042-7f79-4dae-bbf4-5a096bc58e12,update,english_display_name,赤い閃光,Red Flash
ja-cd5a3e4dd99f,catalog.sets,dbd76042-7f79-4dae-bbf4-5a096bc58e12,update,total,59,65
ja-53c995f90d44,catalog.sets,9cacae59-fc63-4335-ade1-d5f81373c247,update,english_display_name,破天の怒り,Rage of the Broken Heavens
ja-53c995f90d44,catalog.sets,9cacae59-fc63-4335-ade1-d5f81373c247,update,total,80,89
ja-c41fc30a9d3b,catalog.sets,d9394254-48b4-4f36-8636-a9f358dd0742,update,english_display_name,ポケキュンコレクション,PokéKyun Collection
ja-42c1eb351264,catalog.sets,f2f1d254-4bf3-474f-8ac1-5302b66caadf,update,english_display_name,めざめる超王,Awakening Psychic King
ja-42c1eb351264,catalog.sets,f2f1d254-4bf3-474f-8ac1-5302b66caadf,update,total,78,88
ja-425135e40e84,catalog.sets,5e580651-2147-468d-840b-765882875199,update,english_display_name,Premium Champion Pack EX × M × BREAK,Premium Champion Pack EX×M×BREAK
ja-425135e40e84,catalog.sets,5e580651-2147-468d-840b-765882875199,update,total,140,131
ja-3f66b633b386,catalog.sets,9eaba296-0320-44ac-a684-004b5493703b,update,english_display_name,冷酷の反逆者,Cruel Traitor
ja-3f66b633b386,catalog.sets,9eaba296-0320-44ac-a684-004b5493703b,update,total,54,59
ja-d22d64184649,catalog.sets,25233d9e-6a9e-459e-83fd-cb2a27353955,update,english_display_name,爆熱の闘士,Fever-Burst Fighter
ja-d22d64184649,catalog.sets,25233d9e-6a9e-459e-83fd-cb2a27353955,update,total,54,59
ja-5bb7d768e695,catalog.sets,e7f6c5dd-06a9-4b7b-a906-dab5dc4db302,update,native_name,冷酷の反逆者,幻・伝説ドリームキラコレクション
ja-5bb7d768e695,catalog.sets,e7f6c5dd-06a9-4b7b-a906-dab5dc4db302,update,english_display_name,冷酷の反逆者,Mythical & Legendary Dream Shine Collection
ja-5bb7d768e695,catalog.sets,e7f6c5dd-06a9-4b7b-a906-dab5dc4db302,update,total,36,38
ja-dceb8793c7f2,catalog.sets,68366d94-f72c-4025-b7e9-4b7fb8ad8071,update,native_name,ポケットモンスターカードゲーム 拡張パック 20th Anniversary,拡張パック 20th Anniversary
ja-dceb8793c7f2,catalog.sets,68366d94-f72c-4025-b7e9-4b7fb8ad8071,update,english_display_name,20th Anniversary,Expansion Pack 20th Anniversary
ja-83fbd2dead73,catalog.sets,70e88cc9-2549-515e-9c73-e771203bd0ad,insert,id,,70e88cc9-2549-515e-9c73-e771203bd0ad
ja-83fbd2dead73,catalog.sets,70e88cc9-2549-515e-9c73-e771203bd0ad,insert,game_code,,pokemon
ja-83fbd2dead73,catalog.sets,70e88cc9-2549-515e-9c73-e771203bd0ad,insert,language_code,,ja
ja-83fbd2dead73,catalog.sets,70e88cc9-2549-515e-9c73-e771203bd0ad,insert,set_code,,SM-P
ja-83fbd2dead73,catalog.sets,70e88cc9-2549-515e-9c73-e771203bd0ad,insert,provider_set_code,,
ja-83fbd2dead73,catalog.sets,70e88cc9-2549-515e-9c73-e771203bd0ad,insert,release_date,,
ja-83fbd2dead73,catalog.sets,70e88cc9-2549-515e-9c73-e771203bd0ad,insert,printed_total,,408
ja-83fbd2dead73,catalog.sets,70e88cc9-2549-515e-9c73-e771203bd0ad,insert,total,,437
ja-83fbd2dead73,catalog.sets,70e88cc9-2549-515e-9c73-e771203bd0ad,insert,native_name,,SM-Pプロモカード
ja-83fbd2dead73,catalog.sets,70e88cc9-2549-515e-9c73-e771203bd0ad,insert,english_display_name,,SM-P Promotional cards
ja-cb8792f6d286,catalog.sets,24d8e1a3-0706-4be3-87e2-b2224f680eb9,update,english_display_name,ピカチュウと新しい仲間たち,Pikachu's New Friends
ja-bc403e9d48e8,catalog.sets,61ec9fe1-faa4-4d6b-a532-e8a44354a55e,update,native_name,コレクションムーン,コレクション ムーン
ja-bc403e9d48e8,catalog.sets,61ec9fe1-faa4-4d6b-a532-e8a44354a55e,update,english_display_name,コレクションムーン,Collection Moon
ja-ca73b1e67c2d,catalog.sets,eab5aeee-9eb0-4bbb-bac3-96f2da23b491,update,native_name,コレクションサン,コレクション サン
ja-ca73b1e67c2d,catalog.sets,eab5aeee-9eb0-4bbb-bac3-96f2da23b491,update,english_display_name,コレクションサン,Collection Sun
ja-8df82023a344,catalog.sets,151b0439-551d-49d6-bd35-32c4d3a2de4f,update,english_display_name,サン＆ムーン,Sun & Moon
ja-55e6d097e410,catalog.sets,adc01317-eecf-4615-abaa-d6f6cd37bfb7,update,english_display_name,アローラの月光,Alolan Moonlight
ja-971cdfb65f2d,catalog.sets,90d3234a-9c0c-4ccc-9f39-6584223e269b,update,english_display_name,キミを待つ島々,Islands Await You
ja-971cdfb65f2d,catalog.sets,90d3234a-9c0c-4ccc-9f39-6584223e269b,update,total,61,62
ja-b6756f39f2c9,catalog.sets,b5e09d26-0559-4d51-b6fb-09268a860a7e,update,english_display_name,新たなる試練の向こう,Facing a New Trial
ja-b6756f39f2c9,catalog.sets,b5e09d26-0559-4d51-b6fb-09268a860a7e,update,total,65,66
ja-cde9902fee50,catalog.sets,d9d34649-2807-5bfe-92cd-a49ffd27940b,insert,id,,d9d34649-2807-5bfe-92cd-a49ffd27940b
ja-cde9902fee50,catalog.sets,d9d34649-2807-5bfe-92cd-a49ffd27940b,insert,game_code,,pokemon
ja-cde9902fee50,catalog.sets,d9d34649-2807-5bfe-92cd-a49ffd27940b,insert,language_code,,ja
ja-cde9902fee50,catalog.sets,d9d34649-2807-5bfe-92cd-a49ffd27940b,insert,set_code,,XY
ja-cde9902fee50,catalog.sets,d9d34649-2807-5bfe-92cd-a49ffd27940b,insert,provider_set_code,,
ja-cde9902fee50,catalog.sets,d9d34649-2807-5bfe-92cd-a49ffd27940b,insert,release_date,,2017-04-21
ja-cde9902fee50,catalog.sets,d9d34649-2807-5bfe-92cd-a49ffd27940b,insert,printed_total,,171
ja-cde9902fee50,catalog.sets,d9d34649-2807-5bfe-92cd-a49ffd27940b,insert,total,,188
ja-cde9902fee50,catalog.sets,d9d34649-2807-5bfe-92cd-a49ffd27940b,insert,native_name,,THE BEST OF XY
ja-cde9902fee50,catalog.sets,d9d34649-2807-5bfe-92cd-a49ffd27940b,insert,english_display_name,,THE BEST OF XY
ja-67b1962747e8,catalog.sets,1201d6b1-fa7e-45ac-bc22-5b2ca0f9f3bc,update,english_display_name,光を喰らう闇,Darkness that Consumes Light
ja-666ab116cab0,catalog.sets,7c4efad5-3391-4462-b911-f821c1f263dd,update,english_display_name,闘う虹を見たか,To Have Seen the Battle Rainbow
ja-a4a29f2d81f7,catalog.sets,efeba6f7-0d4f-48ed-a6c9-e090bf0b4eda,update,english_display_name,ひかる伝説,Shining Legends
ja-eada6233c89e,catalog.sets,499d5b99-a6e2-47d5-ae7a-43c530430955,update,english_display_name,覚醒の勇者,Awakened Heroes
ja-a60336de3244,catalog.sets,e67e975c-a112-4a8a-816d-8233cc779ee2,update,english_display_name,超次元の暴獣,Ultradimensional Beasts
ja-a60336de3244,catalog.sets,e67e975c-a112-4a8a-816d-8233cc779ee2,update,total,61,62
ja-ef1513ab4f6e,catalog.sets,f5e90e91-1366-4e6e-bd42-02cf0ed84790,update,english_display_name,ウルトラムーン,Ultra Moon
ja-584b5e55b1bd,catalog.sets,b322af01-58cc-4e5a-8a82-b7ff829cb9c0,update,english_display_name,ウルトラサン,Ultra Sun
ja-83edef567ded,catalog.sets,759e4007-8afe-41e1-9a61-68adb0a05c00,update,english_display_name,ウルトラフォース,Ultra Force
ja-6a519d00febd,catalog.sets,04fe9fe1-7206-4215-b9ab-ccea25916593,update,english_display_name,禁断の光,Forbidden Light
ja-c0cc49fe109e,catalog.sets,29fb4725-1b4c-4f62-9737-0730fdcdadea,update,english_display_name,ドラゴンストーム,Dragon Storm
ja-5bae8fb35c26,catalog.sets,c7d02c37-c9b3-4d8b-ac5c-59adfe01424d,update,english_display_name,チャンピオンロード,Champion Road
ja-5bae8fb35c26,catalog.sets,c7d02c37-c9b3-4d8b-ac5c-59adfe01424d,update,release_date,2018-05-30,2018-05-03
ja-fd2cafa865f0,catalog.sets,71a1e194-2c3d-46d0-9584-25987bde2841,update,english_display_name,裂空のカリスマ,Sky-Splitting Charisma
ja-571ae5dabd50,catalog.sets,728a72e3-7bf2-4436-8ea1-92b54a8d38f6,update,english_display_name,迅雷スパーク,Thunderclap Spark
ja-571ae5dabd50,catalog.sets,728a72e3-7bf2-4436-8ea1-92b54a8d38f6,update,release_date,2018-08-03,2018-07-06
ja-571ae5dabd50,catalog.sets,728a72e3-7bf2-4436-8ea1-92b54a8d38f6,update,printed_total,50,60
ja-4f05943164ce,catalog.sets,f34565be-80cb-47cb-914b-b4c20984cf79,update,english_display_name,フェアリーライズ,Fairy Rise
ja-cdebc1c8262e,catalog.sets,3e80bfaf-77fd-4f5d-82ec-4e407a74d722,update,english_display_name,超爆インパクト,Super-Burst Impact
ja-3eb2e555b4ff,catalog.sets,3466c5e7-e660-4467-a756-44f4d5f7a853,update,english_display_name,ダークオーダー,Dark Order
ja-14c79248f8f3,catalog.sets,eb72605f-506f-4ab5-87f7-1aafeb95a278,update,english_display_name,GXウルトラシャイニー,GX Ultra Shiny
ja-14c79248f8f3,catalog.sets,eb72605f-506f-4ab5-87f7-1aafeb95a278,update,release_date,2018-10-05,2018-11-02
ja-44e48422e5bf,catalog.sets,428cd43a-548e-4482-a81f-0d06b2869835,update,english_display_name,タッグボルト,Tag Bolt
ja-1492e357d239,catalog.sets,05f31b7b-957f-4b0d-a321-29ca7edde5d4,update,english_display_name,ナイトユニゾン,Night Unison
ja-1d013958f902,catalog.sets,30e027c6-8973-4b8a-93b8-682251f39f28,update,english_display_name,フルメタルウォール,Full Metal Wall
ja-8a5c47e5fb6a,catalog.sets,520d745d-3f2d-4921-8ecd-4e4ff695493a,update,english_display_name,ダブルブレイズ,Double Blaze
ja-c4a139835b63,catalog.sets,d9378aeb-aa81-4cbe-b790-c8432b66aeb5,update,english_display_name,ジージーエンド,GG End
ja-30e4f6411a6b,catalog.sets,59ec63a0-5a2a-452b-a03c-90d9264b90da,update,native_name,名探偵ピカチュウ,ムービースペシャルパック 名探偵ピカチュウ
ja-30e4f6411a6b,catalog.sets,59ec63a0-5a2a-452b-a03c-90d9264b90da,update,english_display_name,名探偵ピカチュウ,Movie Special Pack Great Detective Pikachu
ja-30e4f6411a6b,catalog.sets,59ec63a0-5a2a-452b-a03c-90d9264b90da,update,total,24,25
ja-817e33c42235,catalog.sets,2e159940-3f5c-4ec9-8805-c53219263641,update,english_display_name,スカイレジェンド,Sky Legend
ja-817e33c42235,catalog.sets,2e159940-3f5c-4ec9-8805-c53219263641,update,printed_total,56,54
ja-6c05c1b394e2,catalog.sets,d0dbab35-0a77-4dcf-a464-88bb0950bdc8,update,english_display_name,ミラクルツイン,Miracle Twin
ja-4567e4111ab9,catalog.sets,54c662ed-8c6b-428c-b07d-1bb58e74f5a0,update,english_display_name,リミックスバウト,Remix Bout
ja-b362201ebfc8,catalog.sets,5249f6c6-8418-41fe-8283-af5948b26c63,update,english_display_name,ドリームリーグ,Dream League
ja-360585a4f68e,catalog.sets,80ffb692-f29d-450a-95eb-a3ddd60257b8,update,english_display_name,オルタージェネシス,Alter Genesis
ja-3470002c85af,catalog.sets,fe68fe5a-4e40-477a-8bcc-0fa35ef392ef,update,english_display_name,TAG TEAM GX タッグオールスターズ,TAG TEAM GX: Tag All Stars
ja-68e24f4b9e33,catalog.sets,d45d21f2-6240-5584-9b01-4acf3e2297d9,insert,id,,d45d21f2-6240-5584-9b01-4acf3e2297d9
ja-68e24f4b9e33,catalog.sets,d45d21f2-6240-5584-9b01-4acf3e2297d9,insert,game_code,,pokemon
ja-68e24f4b9e33,catalog.sets,d45d21f2-6240-5584-9b01-4acf3e2297d9,insert,language_code,,ja
ja-68e24f4b9e33,catalog.sets,d45d21f2-6240-5584-9b01-4acf3e2297d9,insert,set_code,,S-P
ja-68e24f4b9e33,catalog.sets,d45d21f2-6240-5584-9b01-4acf3e2297d9,insert,provider_set_code,,
ja-68e24f4b9e33,catalog.sets,d45d21f2-6240-5584-9b01-4acf3e2297d9,insert,release_date,,
ja-68e24f4b9e33,catalog.sets,d45d21f2-6240-5584-9b01-4acf3e2297d9,insert,printed_total,,350
ja-68e24f4b9e33,catalog.sets,d45d21f2-6240-5584-9b01-4acf3e2297d9,insert,total,,374
ja-68e24f4b9e33,catalog.sets,d45d21f2-6240-5584-9b01-4acf3e2297d9,insert,native_name,,S-Pプロモカード
ja-68e24f4b9e33,catalog.sets,d45d21f2-6240-5584-9b01-4acf3e2297d9,insert,english_display_name,,S-P Promotional cards
ja-9a9a258e145f,catalog.sets,914a4e3c-d77c-4ac6-8b88-e38cd276d282,update,total,68,75
ja-6ca3924b3841,catalog.sets,5287277e-bcbe-4f21-b2d3-c7187bc752dc,update,total,68,75
ja-41bc1f260fcc,catalog.sets,41462e36-155b-40f1-92ee-29a94b4cb353,update,total,78,86
ja-4b1b5f2dbf56,catalog.sets,50370e02-5cc9-44ce-95bd-44743d477934,update,total,106,115
ja-bc61668ecd97,catalog.sets,d64f8486-fa52-4f0d-be4d-be6dc27d1671,update,total,78,86
ja-fe67deb06caa,catalog.sets,fa32c0cb-7818-4123-ab6e-9f6cfe2a9950,update,total,110,119
ja-5dec0101b162,catalog.sets,36df02c6-0228-48fc-bb24-b1d73952cc94,update,total,85,94
ja-d6983c9293ae,catalog.sets,bc55a6dd-e9c1-4413-a5a7-a4c1d2a37a90,update,total,111,121
ja-5c76d8bbd31d,catalog.sets,9bd12a10-0bc3-4f75-ba74-d62c50293184,update,total,326,330
ja-ad7c897babc2,catalog.sets,d770730a-ab9c-4e53-acfa-aff8cbec8c0b,update,total,81,91
ja-2b362d2b173a,catalog.sets,b4f065d4-9b38-4489-a055-cc6cc310784f,update,english_display_name,一撃マスター,Single Strike Master
ja-828974f65bfc,catalog.sets,84bcceee-6caf-4ca9-b3d9-883b42773dfc,update,english_display_name,Matchless Fighters,Peerless Fighters
ja-828974f65bfc,catalog.sets,84bcceee-6caf-4ca9-b3d9-883b42773dfc,update,total,84,96
ja-1dc54d0d52c9,catalog.sets,bbb71d0a-367a-466e-970f-2f841fea6e98,update,english_display_name,漆黒のガイスト,Jet-Black Spirit
ja-c54e31e73b73,catalog.sets,60d3fc64-7e36-473b-ae5c-b071c5aa6c98,update,english_display_name,白銀のランス,Silver Lance
ja-9ff3481acdf9,catalog.sets,5659e6b4-48db-4a4c-8883-e26b64f2c41f,update,total,87,101
ja-2a45df0b3090,catalog.sets,60a21d2e-cfa7-4103-ba7c-8e35f1b42070,update,total,79,90
ja-419a40449874,catalog.sets,ff823ecc-020f-4804-9194-3671ce9a1a81,update,english_display_name,摩天パーフェクト,Skyscraping Perfection
ja-d02fca79b23e,catalog.sets,5cbd3a81-6b24-4039-8559-eed8eac7877c,update,english_display_name,フュージョンアーツ,Fusion Arts
ja-190989f70989,catalog.sets,8d718087-7c8e-4894-a938-2cd2a3210d2c,update,native_name,25th アニバーサリーコレクション,25th ANNIVERSARY COLLECTION
ja-190989f70989,catalog.sets,8d718087-7c8e-4894-a938-2cd2a3210d2c,update,english_display_name,25th アニバーサリーコレクション,25th Anniversary Collection
ja-190989f70989,catalog.sets,8d718087-7c8e-4894-a938-2cd2a3210d2c,update,total,28,30
ja-bfa6e28a825b,catalog.sets,b4fb0193-c1e8-5a79-a024-a56764d3caed,insert,id,,b4fb0193-c1e8-5a79-a024-a56764d3caed
ja-bfa6e28a825b,catalog.sets,b4fb0193-c1e8-5a79-a024-a56764d3caed,insert,game_code,,pokemon
ja-bfa6e28a825b,catalog.sets,b4fb0193-c1e8-5a79-a024-a56764d3caed,insert,language_code,,ja
ja-bfa6e28a825b,catalog.sets,b4fb0193-c1e8-5a79-a024-a56764d3caed,insert,set_code,,S8aP
ja-bfa6e28a825b,catalog.sets,b4fb0193-c1e8-5a79-a024-a56764d3caed,insert,provider_set_code,,
ja-bfa6e28a825b,catalog.sets,b4fb0193-c1e8-5a79-a024-a56764d3caed,insert,release_date,,2021-10-22
ja-bfa6e28a825b,catalog.sets,b4fb0193-c1e8-5a79-a024-a56764d3caed,insert,printed_total,,25
ja-bfa6e28a825b,catalog.sets,b4fb0193-c1e8-5a79-a024-a56764d3caed,insert,total,,25
ja-bfa6e28a825b,catalog.sets,b4fb0193-c1e8-5a79-a024-a56764d3caed,insert,native_name,,プロモカードパック 25th ANNIVERSARY edition
ja-bfa6e28a825b,catalog.sets,b4fb0193-c1e8-5a79-a024-a56764d3caed,insert,english_display_name,,Promo Card Pack 25th Anniversary Edition
ja-5df7e14f52c6,catalog.sets,41f64718-acd1-4c40-8a40-5c67daac2cb8,update,english_display_name,VMAXクライマックス,VMAX Climax
ja-96e92be4b754,catalog.sets,43d798d9-3dbe-4997-a6eb-ed65af962403,update,english_display_name,スターバース,Star Birth
ja-49441998dfc5,catalog.sets,52d75bb6-e7a0-42a5-a847-923254ac906c,update,english_display_name,バトルリージョン,Battle Region
ja-930d500eb1d9,catalog.sets,50caa26f-e963-4122-a83b-3399c3eea056,update,english_display_name,スペースジャグラー,Space Juggler
ja-c83a71b0ee77,catalog.sets,74fbb8bf-90ae-449f-9caa-725890af4617,update,english_display_name,ダークファンタズマ,Dark Phantasma
ja-ff2e38d6fae3,catalog.sets,baeee2c6-c600-422d-a4b2-6d84ac4baaba,update,total,71,93
ja-7f2bbdd801e4,catalog.sets,18813c1f-2394-468e-91d4-7a81cf6fb201,update,english_display_name,ロストアビス,Lost Abyss
ja-e7a3195eec67,catalog.sets,1d7afdcf-03bc-4e5e-a213-4b0439924ee9,update,english_display_name,白熱のアルカナ,Incandescent Arcana
ja-e770f86aba36,catalog.sets,7f99a1ea-2a6b-4cdc-8ac5-c484716d164b,update,english_display_name,パラダイムトリガー,Paradigm Trigger
ja-eeac9c4c185b,catalog.sets,c20234cb-c629-4383-b107-c49b38b682ae,update,native_name,スカーレット&バイオレット プロモカード,SV-Pプロモカード
ja-eeac9c4c185b,catalog.sets,c20234cb-c629-4383-b107-c49b38b682ae,update,english_display_name,スカーレット&バイオレット プロモカード,SV-P Promotional cards
ja-eeac9c4c185b,catalog.sets,c20234cb-c629-4383-b107-c49b38b682ae,update,printed_total,0,290
ja-eeac9c4c185b,catalog.sets,c20234cb-c629-4383-b107-c49b38b682ae,update,total,288,303
ja-3ae335269b5c,catalog.sets,d6a23ad9-7d3d-482c-a477-304584a335e3,update,english_display_name,VSTARユニバース,VSTAR Universe
ja-3ae335269b5c,catalog.sets,d6a23ad9-7d3d-482c-a477-304584a335e3,update,total,258,262
ja-9dba419ea2be,catalog.sets,cf6f4a09-69a3-4497-9c40-beb1221063ea,update,english_display_name,スカーレットex,Scarlet ex
ja-b1fc33531199,catalog.sets,fffb3282-3442-41e4-b4a2-9be06199186f,update,english_display_name,バイオレットex,Violet ex
ja-2169700da313,catalog.sets,ca01c7f7-c1b0-4a4a-8aa0-e2c0f617d306,update,english_display_name,トリプレットビート,Triplet Beat
ja-0a61f0dd4a65,catalog.sets,44906e0e-477b-4417-a71d-5330528d3d82,update,english_display_name,クレイバースト,Clay Burst
ja-ac6fcae41357,catalog.sets,a6a65a33-74fa-48d5-bdc0-38d6eaa08ef3,update,english_display_name,スノーハザード,Snow Hazard
ja-d0f14d808a91,catalog.sets,e42556b8-3e82-44bb-8c52-c06b893ee4a3,update,english_display_name,ポケモンカード151,Pokémon Card 151
ja-b5d3a493d7fc,catalog.sets,d1ce7f2b-1f52-452e-9d90-0155bbfdb6e6,update,english_display_name,黒炎の支配者,Ruler of the Black Flame
ja-826c95e68c4c,catalog.sets,92afb596-5060-44b4-a53a-12d815e94f52,update,english_display_name,レイジングサーフ,Raging Surf
ja-19e415254ef6,catalog.sets,be25b6d3-a750-48a3-b8af-804ddc355452,update,english_display_name,古代の咆哮,Ancient Roar
ja-a38ca556c129,catalog.sets,344551fb-6b1b-418a-8b59-680096d4c9bf,update,english_display_name,未来の一閃,Future Flash
ja-f3d64cdaf563,catalog.sets,9e539009-b72c-43e2-8f25-f183aa4bc4b7,update,native_name,レイジングサーフ,シャイニートレジャーex
ja-f3d64cdaf563,catalog.sets,9e539009-b72c-43e2-8f25-f183aa4bc4b7,update,english_display_name,レイジングサーフ,Shiny Treasure ex
ja-f3d64cdaf563,catalog.sets,9e539009-b72c-43e2-8f25-f183aa4bc4b7,update,total,320,360
ja-a9d3c3b46ca8,catalog.sets,987716a9-9030-4dc8-89c2-db2bdf1a409d,update,english_display_name,サイバージャッジ,Cyber Judge
ja-f0a550785a60,catalog.sets,688851ac-3d75-4431-a008-664294279341,update,english_display_name,ワイルドフォース,Wild Force
ja-d25e1390fd8d,catalog.sets,5f94a6e3-99a2-4eba-b6c7-c689dd509da8,update,english_display_name,クリムゾンヘイズ,Crimson Haze
ja-6f8cea791535,catalog.sets,5b61106a-7ae7-4ee6-90cc-c101fb8738b8,update,english_display_name,変幻の仮面,Transformation Mask
ja-2bfd313d693f,catalog.sets,6e698306-d093-44e9-8673-cc513e36bd8d,update,english_display_name,ナイトワンダラー,Night Wanderer
ja-ad526e9fc3de,catalog.sets,f09d1e6a-c76e-4a2d-bb45-971e54983c2d,update,english_display_name,ステラミラクル,Stellar Miracle
ja-0cd79b1e89bd,catalog.sets,98a82354-b058-4bda-ad66-359a7bd7c36f,update,english_display_name,楽園ドラゴーナ,Paradise Dragona
ja-887597e51882,catalog.sets,5f0817f3-5386-4a29-9391-0529c5fcb98b,update,english_display_name,超電ブレイカー,Super Electric Breaker
ja-401830040344,catalog.sets,a7459948-3544-4122-8fec-7fc6aecfd2e5,update,english_display_name,テラスタルフェスex,Terastal Fest ex
ja-c66f053aaf61,catalog.sets,a65593d7-236b-4891-9c88-670650f4faaf,update,english_display_name,バトルパートナーズ,Battle Partners
ja-46088b1e25d5,catalog.sets,ff9ddb2d-d5c3-4c2c-bc48-89e68ea03d96,update,english_display_name,熱風のアリーナ,Hot Wind Arena
ja-6cc224cf3b12,catalog.sets,db4076ae-7ab9-408d-988c-34aa33b7b906,update,english_display_name,ロケット団の栄光,Glory of the Rocket Gang
ja-f2b4be41f5a8,catalog.sets,9f85e389-ab18-4448-948c-fdc067aa188b,update,english_display_name,ブラックボルト,Black Bolt
ja-f2b4be41f5a8,catalog.sets,9f85e389-ab18-4448-948c-fdc067aa188b,update,printed_total,174,86
ja-cabe28faa7c7,catalog.sets,316ec693-c6dc-408c-aaca-2b57afdb9249,update,english_display_name,ホワイトフレア,White Flare
ja-201f35403317,catalog.sets,f13ab591-e706-4f7c-b4c6-8fed5526ea87,update,native_name,メガ プロモカード,M-Pプロモカード
ja-201f35403317,catalog.sets,f13ab591-e706-4f7c-b4c6-8fed5526ea87,update,english_display_name,メガ プロモカード,M-P Promotional cards
ja-201f35403317,catalog.sets,f13ab591-e706-4f7c-b4c6-8fed5526ea87,update,release_date,2025-07-28,2025-08-01
ja-75c63791ecae,catalog.sets,a05ee14c-d4fb-4598-8470-e677e3c06f22,update,english_display_name,メガブレイブ,Mega Brave
ja-736839987504,catalog.sets,b94f87ff-5d32-436a-87e4-50149151dba0,update,english_display_name,メガシンフォニア,Mega Symphonia
ja-f44e493607aa,catalog.sets,8822dd6b-6f88-4ea6-9c59-0f766b63fc2b,update,english_display_name,インフェルノX,Inferno X
ja-f8999c534ee8,catalog.sets,53abf462-8a8c-4f05-8e75-57726a38ce9e,update,english_display_name,MEGAドリームex,MEGA Dream ex
ja-ed06c96f7471,catalog.sets,4be18668-d39a-44a8-831c-98e250f10538,update,english_display_name,ムニキスゼロ,Nihil Zero
ja-ad8588bb85a3,catalog.sets,c263caec-8234-4348-9ade-34d25ad4e6e7,update,english_display_name,ニンジャスピナー,Ninja Spinner
ja-53c96b5e509c,catalog.sets,91be8fc7-b2ed-4169-b41e-0d374e4d466a,update,english_display_name,アビスアイ,Abyss Eye
ja-ca7893199ddf,catalog.sets,903d5baa-27c7-5690-b1d7-2395c770204a,insert,id,,903d5baa-27c7-5690-b1d7-2395c770204a
ja-ca7893199ddf,catalog.sets,903d5baa-27c7-5690-b1d7-2395c770204a,insert,game_code,,pokemon
ja-ca7893199ddf,catalog.sets,903d5baa-27c7-5690-b1d7-2395c770204a,insert,language_code,,ja
ja-ca7893199ddf,catalog.sets,903d5baa-27c7-5690-b1d7-2395c770204a,insert,set_code,,M6
ja-ca7893199ddf,catalog.sets,903d5baa-27c7-5690-b1d7-2395c770204a,insert,provider_set_code,,
ja-ca7893199ddf,catalog.sets,903d5baa-27c7-5690-b1d7-2395c770204a,insert,release_date,,2026-07-31
ja-ca7893199ddf,catalog.sets,903d5baa-27c7-5690-b1d7-2395c770204a,insert,printed_total,,76
ja-ca7893199ddf,catalog.sets,903d5baa-27c7-5690-b1d7-2395c770204a,insert,total,,113
ja-ca7893199ddf,catalog.sets,903d5baa-27c7-5690-b1d7-2395c770204a,insert,native_name,,ストームエメラルダ
ja-ca7893199ddf,catalog.sets,903d5baa-27c7-5690-b1d7-2395c770204a,insert,english_display_name,,Storm Emeralda
ja-b1b5ce787164,catalog.sets,88e351b5-8191-5ef4-854b-2978046cda53,insert,id,,88e351b5-8191-5ef4-854b-2978046cda53
ja-b1b5ce787164,catalog.sets,88e351b5-8191-5ef4-854b-2978046cda53,insert,game_code,,pokemon
ja-b1b5ce787164,catalog.sets,88e351b5-8191-5ef4-854b-2978046cda53,insert,language_code,,ja
ja-b1b5ce787164,catalog.sets,88e351b5-8191-5ef4-854b-2978046cda53,insert,set_code,,M6a
ja-b1b5ce787164,catalog.sets,88e351b5-8191-5ef4-854b-2978046cda53,insert,provider_set_code,,
ja-b1b5ce787164,catalog.sets,88e351b5-8191-5ef4-854b-2978046cda53,insert,release_date,,2026-09-16
ja-b1b5ce787164,catalog.sets,88e351b5-8191-5ef4-854b-2978046cda53,insert,printed_total,,103
ja-b1b5ce787164,catalog.sets,88e351b5-8191-5ef4-854b-2978046cda53,insert,total,,
ja-b1b5ce787164,catalog.sets,88e351b5-8191-5ef4-854b-2978046cda53,insert,native_name,,30th CELEBRATION
ja-b1b5ce787164,catalog.sets,88e351b5-8191-5ef4-854b-2978046cda53,insert,english_display_name,,30th Celebration
ja-b1764b4acecd,catalog.sealed_products,36db8808-53c0-599a-95de-61276b16398b,insert,id,,36db8808-53c0-599a-95de-61276b16398b
ja-b1764b4acecd,catalog.sealed_products,36db8808-53c0-599a-95de-61276b16398b,insert,game_code,,pokemon
ja-b1764b4acecd,catalog.sealed_products,36db8808-53c0-599a-95de-61276b16398b,insert,language_code,,ja
ja-b1764b4acecd,catalog.sealed_products,36db8808-53c0-599a-95de-61276b16398b,insert,set_id,,
ja-b1764b4acecd,catalog.sealed_products,36db8808-53c0-599a-95de-61276b16398b,insert,product_type,,other
ja-b1764b4acecd,catalog.sealed_products,36db8808-53c0-599a-95de-61276b16398b,insert,native_name,,30枚デッキ対戦セット「サトシVSロケット団」
ja-b1764b4acecd,catalog.sealed_products,36db8808-53c0-599a-95de-61276b16398b,insert,english_display_name,,Ash vs Team Rocket Battle Set
ja-b1764b4acecd,catalog.sealed_products,36db8808-53c0-599a-95de-61276b16398b,insert,product_code,,SMD
ja-b1764b4acecd,catalog.sealed_products,36db8808-53c0-599a-95de-61276b16398b,insert,release_date,,2017-04-21
ja-ed85c17ec216,catalog.sealed_products,2bd8f9c3-2214-5b0c-9fdb-39fe1d9638c1,insert,id,,2bd8f9c3-2214-5b0c-9fdb-39fe1d9638c1
ja-ed85c17ec216,catalog.sealed_products,2bd8f9c3-2214-5b0c-9fdb-39fe1d9638c1,insert,game_code,,pokemon
ja-ed85c17ec216,catalog.sealed_products,2bd8f9c3-2214-5b0c-9fdb-39fe1d9638c1,insert,language_code,,ja
ja-ed85c17ec216,catalog.sealed_products,2bd8f9c3-2214-5b0c-9fdb-39fe1d9638c1,insert,set_id,,
ja-ed85c17ec216,catalog.sealed_products,2bd8f9c3-2214-5b0c-9fdb-39fe1d9638c1,insert,product_type,,starter_deck
ja-ed85c17ec216,catalog.sealed_products,2bd8f9c3-2214-5b0c-9fdb-39fe1d9638c1,insert,native_name,,最強爆流コンボデッキ60 カメックス＋キュレムEX
ja-ed85c17ec216,catalog.sealed_products,2bd8f9c3-2214-5b0c-9fdb-39fe1d9638c1,insert,english_display_name,,Blastoise & Kyurem Combo Deck
ja-ed85c17ec216,catalog.sealed_products,2bd8f9c3-2214-5b0c-9fdb-39fe1d9638c1,insert,product_code,,K+K
ja-ed85c17ec216,catalog.sealed_products,2bd8f9c3-2214-5b0c-9fdb-39fe1d9638c1,insert,release_date,,2013-03-15
ja-25e1785bd838,catalog.sealed_products,73c1ff3f-211c-51c7-a4fc-115bfc1d9f78,insert,id,,73c1ff3f-211c-51c7-a4fc-115bfc1d9f78
ja-25e1785bd838,catalog.sealed_products,73c1ff3f-211c-51c7-a4fc-115bfc1d9f78,insert,game_code,,pokemon
ja-25e1785bd838,catalog.sealed_products,73c1ff3f-211c-51c7-a4fc-115bfc1d9f78,insert,language_code,,ja
ja-25e1785bd838,catalog.sealed_products,73c1ff3f-211c-51c7-a4fc-115bfc1d9f78,insert,set_id,,
ja-25e1785bd838,catalog.sealed_products,73c1ff3f-211c-51c7-a4fc-115bfc1d9f78,insert,product_type,,other
ja-25e1785bd838,catalog.sealed_products,73c1ff3f-211c-51c7-a4fc-115bfc1d9f78,insert,native_name,,VMAXスペシャルセット イーブイヒーローズ
ja-25e1785bd838,catalog.sealed_products,73c1ff3f-211c-51c7-a4fc-115bfc1d9f78,insert,english_display_name,,Eevee Heroes VMAX Special Set
ja-25e1785bd838,catalog.sealed_products,73c1ff3f-211c-51c7-a4fc-115bfc1d9f78,insert,product_code,,SP4
ja-25e1785bd838,catalog.sealed_products,73c1ff3f-211c-51c7-a4fc-115bfc1d9f78,insert,release_date,,2021-05-28
ja-fb8b80ed6a17,catalog.sealed_products,38d1f939-6cb5-5028-8a8c-41ac07f78327,insert,id,,38d1f939-6cb5-5028-8a8c-41ac07f78327
ja-fb8b80ed6a17,catalog.sealed_products,38d1f939-6cb5-5028-8a8c-41ac07f78327,insert,game_code,,pokemon
ja-fb8b80ed6a17,catalog.sealed_products,38d1f939-6cb5-5028-8a8c-41ac07f78327,insert,language_code,,ja
ja-fb8b80ed6a17,catalog.sealed_products,38d1f939-6cb5-5028-8a8c-41ac07f78327,insert,set_id,,
ja-fb8b80ed6a17,catalog.sealed_products,38d1f939-6cb5-5028-8a8c-41ac07f78327,insert,product_type,,other
ja-fb8b80ed6a17,catalog.sealed_products,38d1f939-6cb5-5028-8a8c-41ac07f78327,insert,native_name,,みんなのWAKUWAKUバトル
ja-fb8b80ed6a17,catalog.sealed_products,38d1f939-6cb5-5028-8a8c-41ac07f78327,insert,english_display_name,,Exciting Battle for Everyone
ja-fb8b80ed6a17,catalog.sealed_products,38d1f939-6cb5-5028-8a8c-41ac07f78327,insert,product_code,,WAK
ja-fb8b80ed6a17,catalog.sealed_products,38d1f939-6cb5-5028-8a8c-41ac07f78327,insert,release_date,,2012-11-16
ja-cc38166449ff,catalog.sealed_products,909e6328-4a66-5d62-89ea-84a3d5c58e23,insert,id,,909e6328-4a66-5d62-89ea-84a3d5c58e23
ja-cc38166449ff,catalog.sealed_products,909e6328-4a66-5d62-89ea-84a3d5c58e23,insert,game_code,,pokemon
ja-cc38166449ff,catalog.sealed_products,909e6328-4a66-5d62-89ea-84a3d5c58e23,insert,language_code,,ja
ja-cc38166449ff,catalog.sealed_products,909e6328-4a66-5d62-89ea-84a3d5c58e23,insert,set_id,,
ja-cc38166449ff,catalog.sealed_products,909e6328-4a66-5d62-89ea-84a3d5c58e23,insert,product_type,,starter_deck
ja-cc38166449ff,catalog.sealed_products,909e6328-4a66-5d62-89ea-84a3d5c58e23,insert,native_name,,ガブリアスデッキ30
ja-cc38166449ff,catalog.sealed_products,909e6328-4a66-5d62-89ea-84a3d5c58e23,insert,english_display_name,,Garchomp Half Deck
ja-cc38166449ff,catalog.sealed_products,909e6328-4a66-5d62-89ea-84a3d5c58e23,insert,product_code,,GBR
ja-cc38166449ff,catalog.sealed_products,909e6328-4a66-5d62-89ea-84a3d5c58e23,insert,release_date,,2012-03-16
ja-67342d154972,catalog.sealed_products,90894e28-1252-56b7-baba-add655338587,insert,id,,90894e28-1252-56b7-baba-add655338587
ja-67342d154972,catalog.sealed_products,90894e28-1252-56b7-baba-add655338587,insert,game_code,,pokemon
ja-67342d154972,catalog.sealed_products,90894e28-1252-56b7-baba-add655338587,insert,language_code,,ja
ja-67342d154972,catalog.sealed_products,90894e28-1252-56b7-baba-add655338587,insert,set_id,,
ja-67342d154972,catalog.sealed_products,90894e28-1252-56b7-baba-add655338587,insert,product_type,,starter_deck
ja-67342d154972,catalog.sealed_products,90894e28-1252-56b7-baba-add655338587,insert,native_name,,ゲノセクトハーフデッキ（30枚デッキ対戦set ミュウツーVSゲノセクト）
ja-67342d154972,catalog.sealed_products,90894e28-1252-56b7-baba-add655338587,insert,english_display_name,,Genesect Half Deck (Mewtwo vs Genesect)
ja-67342d154972,catalog.sealed_products,90894e28-1252-56b7-baba-add655338587,insert,product_code,,MG-G
ja-67342d154972,catalog.sealed_products,90894e28-1252-56b7-baba-add655338587,insert,release_date,,2013-07-13
ja-354378f4f0c7,catalog.sealed_products,551819c9-58f8-5057-a83a-7087f6ec3969,insert,id,,551819c9-58f8-5057-a83a-7087f6ec3969
ja-354378f4f0c7,catalog.sealed_products,551819c9-58f8-5057-a83a-7087f6ec3969,insert,game_code,,pokemon
ja-354378f4f0c7,catalog.sealed_products,551819c9-58f8-5057-a83a-7087f6ec3969,insert,language_code,,ja
ja-354378f4f0c7,catalog.sealed_products,551819c9-58f8-5057-a83a-7087f6ec3969,insert,set_id,,
ja-354378f4f0c7,catalog.sealed_products,551819c9-58f8-5057-a83a-7087f6ec3969,insert,product_type,,starter_deck
ja-354378f4f0c7,catalog.sealed_products,551819c9-58f8-5057-a83a-7087f6ec3969,insert,native_name,,BREAKコンボデッキ60「ゴルダックBREAK+パルキアEX」
ja-354378f4f0c7,catalog.sealed_products,551819c9-58f8-5057-a83a-7087f6ec3969,insert,english_display_name,,Golduck BREAK & Palkia-EX Combo Deck
ja-354378f4f0c7,catalog.sealed_products,551819c9-58f8-5057-a83a-7087f6ec3969,insert,product_code,,XYF
ja-354378f4f0c7,catalog.sealed_products,551819c9-58f8-5057-a83a-7087f6ec3969,insert,release_date,,2015-10-09
ja-b505cc9dc7df,catalog.sealed_products,9b7d1993-1703-5053-b523-3344d6054183,insert,id,,9b7d1993-1703-5053-b523-3344d6054183
ja-b505cc9dc7df,catalog.sealed_products,9b7d1993-1703-5053-b523-3344d6054183,insert,game_code,,pokemon
ja-b505cc9dc7df,catalog.sealed_products,9b7d1993-1703-5053-b523-3344d6054183,insert,language_code,,ja
ja-b505cc9dc7df,catalog.sealed_products,9b7d1993-1703-5053-b523-3344d6054183,insert,set_id,,
ja-b505cc9dc7df,catalog.sealed_products,9b7d1993-1703-5053-b523-3344d6054183,insert,product_type,,starter_deck
ja-b505cc9dc7df,catalog.sealed_products,9b7d1993-1703-5053-b523-3344d6054183,insert,native_name,,サザンドラデッキ30
ja-b505cc9dc7df,catalog.sealed_products,9b7d1993-1703-5053-b523-3344d6054183,insert,english_display_name,,Hydreigon Half Deck
ja-b505cc9dc7df,catalog.sealed_products,9b7d1993-1703-5053-b523-3344d6054183,insert,product_code,,SZD
ja-b505cc9dc7df,catalog.sealed_products,9b7d1993-1703-5053-b523-3344d6054183,insert,release_date,,2012-03-16
ja-8fdc44f9f846,catalog.sealed_products,909ff1ad-7534-5330-bd98-04a960bebf72,insert,id,,909ff1ad-7534-5330-bd98-04a960bebf72
ja-8fdc44f9f846,catalog.sealed_products,909ff1ad-7534-5330-bd98-04a960bebf72,insert,game_code,,pokemon
ja-8fdc44f9f846,catalog.sealed_products,909ff1ad-7534-5330-bd98-04a960bebf72,insert,language_code,,ja
ja-8fdc44f9f846,catalog.sealed_products,909ff1ad-7534-5330-bd98-04a960bebf72,insert,set_id,,
ja-8fdc44f9f846,catalog.sealed_products,909ff1ad-7534-5330-bd98-04a960bebf72,insert,product_type,,starter_deck
ja-8fdc44f9f846,catalog.sealed_products,909ff1ad-7534-5330-bd98-04a960bebf72,insert,native_name,,ハイパーメタルチェーンデッキ60「ディアルガEX+ギルガルドEX」
ja-8fdc44f9f846,catalog.sealed_products,909ff1ad-7534-5330-bd98-04a960bebf72,insert,english_display_name,,Hyper Metal Chain Deck
ja-8fdc44f9f846,catalog.sealed_products,909ff1ad-7534-5330-bd98-04a960bebf72,insert,product_code,,XYB
ja-8fdc44f9f846,catalog.sealed_products,909ff1ad-7534-5330-bd98-04a960bebf72,insert,release_date,,2014-09-13
ja-1e32a0d9a484,catalog.sealed_products,cdb5e344-73a3-5583-bdce-ba9b4832fb4f,insert,id,,cdb5e344-73a3-5583-bdce-ba9b4832fb4f
ja-1e32a0d9a484,catalog.sealed_products,cdb5e344-73a3-5583-bdce-ba9b4832fb4f,insert,game_code,,pokemon
ja-1e32a0d9a484,catalog.sealed_products,cdb5e344-73a3-5583-bdce-ba9b4832fb4f,insert,language_code,,ja
ja-1e32a0d9a484,catalog.sealed_products,cdb5e344-73a3-5583-bdce-ba9b4832fb4f,insert,set_id,,
ja-1e32a0d9a484,catalog.sealed_products,cdb5e344-73a3-5583-bdce-ba9b4832fb4f,insert,product_type,,starter_deck
ja-1e32a0d9a484,catalog.sealed_products,cdb5e344-73a3-5583-bdce-ba9b4832fb4f,insert,native_name,,バトル強化デッキ30「ケルディオ」
ja-1e32a0d9a484,catalog.sealed_products,cdb5e344-73a3-5583-bdce-ba9b4832fb4f,insert,english_display_name,,Keldeo Battle Strength Deck
ja-1e32a0d9a484,catalog.sealed_products,cdb5e344-73a3-5583-bdce-ba9b4832fb4f,insert,product_code,,KLD
ja-1e32a0d9a484,catalog.sealed_products,cdb5e344-73a3-5583-bdce-ba9b4832fb4f,insert,release_date,,2012-04-20
ja-4a0cce65985c,catalog.sealed_products,afe48da1-6396-5c36-a409-a40196d47895,insert,id,,afe48da1-6396-5c36-a409-a40196d47895
ja-4a0cce65985c,catalog.sealed_products,afe48da1-6396-5c36-a409-a40196d47895,insert,game_code,,pokemon
ja-4a0cce65985c,catalog.sealed_products,afe48da1-6396-5c36-a409-a40196d47895,insert,language_code,,ja
ja-4a0cce65985c,catalog.sealed_products,afe48da1-6396-5c36-a409-a40196d47895,insert,set_id,,
ja-4a0cce65985c,catalog.sealed_products,afe48da1-6396-5c36-a409-a40196d47895,insert,product_type,,starter_deck
ja-4a0cce65985c,catalog.sealed_products,afe48da1-6396-5c36-a409-a40196d47895,insert,native_name,,メガバトルデッキ60「メガリザードンEX」
ja-4a0cce65985c,catalog.sealed_products,afe48da1-6396-5c36-a409-a40196d47895,insert,english_display_name,,M Charizard-EX Mega Battle Deck
ja-4a0cce65985c,catalog.sealed_products,afe48da1-6396-5c36-a409-a40196d47895,insert,product_code,,XYA
ja-4a0cce65985c,catalog.sealed_products,afe48da1-6396-5c36-a409-a40196d47895,insert,release_date,,2014-03-15
ja-3305a29da758,catalog.sealed_products,42d980e9-0b48-5a37-9762-362ac4c67858,insert,id,,42d980e9-0b48-5a37-9762-362ac4c67858
ja-3305a29da758,catalog.sealed_products,42d980e9-0b48-5a37-9762-362ac4c67858,insert,game_code,,pokemon
ja-3305a29da758,catalog.sealed_products,42d980e9-0b48-5a37-9762-362ac4c67858,insert,language_code,,ja
ja-3305a29da758,catalog.sealed_products,42d980e9-0b48-5a37-9762-362ac4c67858,insert,set_id,,
ja-3305a29da758,catalog.sealed_products,42d980e9-0b48-5a37-9762-362ac4c67858,insert,product_type,,starter_deck
ja-3305a29da758,catalog.sealed_products,42d980e9-0b48-5a37-9762-362ac4c67858,insert,native_name,,メガバトルデッキ60「メガタブンネEX」
ja-3305a29da758,catalog.sealed_products,42d980e9-0b48-5a37-9762-362ac4c67858,insert,english_display_name,,Mega Audino-EX Mega Battle Deck
ja-3305a29da758,catalog.sealed_products,42d980e9-0b48-5a37-9762-362ac4c67858,insert,product_code,,XYH
ja-3305a29da758,catalog.sealed_products,42d980e9-0b48-5a37-9762-362ac4c67858,insert,release_date,,2016-03-18
ja-f552fe7fd0ba,catalog.sealed_products,184aa8d9-55ea-5183-8be8-f26c39c932f4,insert,id,,184aa8d9-55ea-5183-8be8-f26c39c932f4
ja-f552fe7fd0ba,catalog.sealed_products,184aa8d9-55ea-5183-8be8-f26c39c932f4,insert,game_code,,pokemon
ja-f552fe7fd0ba,catalog.sealed_products,184aa8d9-55ea-5183-8be8-f26c39c932f4,insert,language_code,,ja
ja-f552fe7fd0ba,catalog.sealed_products,184aa8d9-55ea-5183-8be8-f26c39c932f4,insert,set_id,,
ja-f552fe7fd0ba,catalog.sealed_products,184aa8d9-55ea-5183-8be8-f26c39c932f4,insert,product_type,,starter_deck
ja-f552fe7fd0ba,catalog.sealed_products,184aa8d9-55ea-5183-8be8-f26c39c932f4,insert,native_name,,メガバトルデッキ60「メガレックウザEX」
ja-f552fe7fd0ba,catalog.sealed_products,184aa8d9-55ea-5183-8be8-f26c39c932f4,insert,english_display_name,,Mega Rayquaza-EX Battle Deck
ja-f552fe7fd0ba,catalog.sealed_products,184aa8d9-55ea-5183-8be8-f26c39c932f4,insert,product_code,,XYD
ja-f552fe7fd0ba,catalog.sealed_products,184aa8d9-55ea-5183-8be8-f26c39c932f4,insert,release_date,,2015-03-14
ja-e9c6c3a99efd,catalog.sealed_products,c7d23df7-6c0d-5f49-9fc7-b063fc328ba1,insert,id,,c7d23df7-6c0d-5f49-9fc7-b063fc328ba1
ja-e9c6c3a99efd,catalog.sealed_products,c7d23df7-6c0d-5f49-9fc7-b063fc328ba1,insert,game_code,,pokemon
ja-e9c6c3a99efd,catalog.sealed_products,c7d23df7-6c0d-5f49-9fc7-b063fc328ba1,insert,language_code,,ja
ja-e9c6c3a99efd,catalog.sealed_products,c7d23df7-6c0d-5f49-9fc7-b063fc328ba1,insert,set_id,,
ja-e9c6c3a99efd,catalog.sealed_products,c7d23df7-6c0d-5f49-9fc7-b063fc328ba1,insert,product_type,,starter_deck
ja-e9c6c3a99efd,catalog.sealed_products,c7d23df7-6c0d-5f49-9fc7-b063fc328ba1,insert,native_name,,ミュウツーハーフデッキ（30枚デッキ対戦set ミュウツーVSゲノセクト）
ja-e9c6c3a99efd,catalog.sealed_products,c7d23df7-6c0d-5f49-9fc7-b063fc328ba1,insert,english_display_name,,Mewtwo Half Deck (Mewtwo vs Genesect)
ja-e9c6c3a99efd,catalog.sealed_products,c7d23df7-6c0d-5f49-9fc7-b063fc328ba1,insert,product_code,,MG-M
ja-e9c6c3a99efd,catalog.sealed_products,c7d23df7-6c0d-5f49-9fc7-b063fc328ba1,insert,release_date,,2013-07-13
ja-5f9ba7db5890,catalog.sealed_products,3e2bebfe-23f3-52b9-b398-50aeef34964b,insert,id,,3e2bebfe-23f3-52b9-b398-50aeef34964b
ja-5f9ba7db5890,catalog.sealed_products,3e2bebfe-23f3-52b9-b398-50aeef34964b,insert,game_code,,pokemon
ja-5f9ba7db5890,catalog.sealed_products,3e2bebfe-23f3-52b9-b398-50aeef34964b,insert,language_code,,ja
ja-5f9ba7db5890,catalog.sealed_products,3e2bebfe-23f3-52b9-b398-50aeef34964b,insert,set_id,,
ja-5f9ba7db5890,catalog.sealed_products,3e2bebfe-23f3-52b9-b398-50aeef34964b,insert,product_type,,other
ja-5f9ba7db5890,catalog.sealed_products,3e2bebfe-23f3-52b9-b398-50aeef34964b,insert,native_name,,BREAK進化パック「オンバーンBREAK」
ja-5f9ba7db5890,catalog.sealed_products,3e2bebfe-23f3-52b9-b398-50aeef34964b,insert,english_display_name,,Noivern BREAK Evolution Pack
ja-5f9ba7db5890,catalog.sealed_products,3e2bebfe-23f3-52b9-b398-50aeef34964b,insert,product_code,,SNPo
ja-5f9ba7db5890,catalog.sealed_products,3e2bebfe-23f3-52b9-b398-50aeef34964b,insert,release_date,,2015-09-26
ja-b6fd25eade16,catalog.sealed_products,958f6c4a-13e0-5b37-9792-406008ac7b9d,insert,id,,958f6c4a-13e0-5b37-9792-406008ac7b9d
ja-b6fd25eade16,catalog.sealed_products,958f6c4a-13e0-5b37-9792-406008ac7b9d,insert,game_code,,pokemon
ja-b6fd25eade16,catalog.sealed_products,958f6c4a-13e0-5b37-9792-406008ac7b9d,insert,language_code,,ja
ja-b6fd25eade16,catalog.sealed_products,958f6c4a-13e0-5b37-9792-406008ac7b9d,insert,set_id,,
ja-b6fd25eade16,catalog.sealed_products,958f6c4a-13e0-5b37-9792-406008ac7b9d,insert,product_type,,other
ja-b6fd25eade16,catalog.sealed_products,958f6c4a-13e0-5b37-9792-406008ac7b9d,insert,native_name,,プレミアムトレーナーボックス
ja-b6fd25eade16,catalog.sealed_products,958f6c4a-13e0-5b37-9792-406008ac7b9d,insert,english_display_name,,Premium Trainer Box
ja-b6fd25eade16,catalog.sealed_products,958f6c4a-13e0-5b37-9792-406008ac7b9d,insert,product_code,,SMB
ja-b6fd25eade16,catalog.sealed_products,958f6c4a-13e0-5b37-9792-406008ac7b9d,insert,release_date,,2016-12-09
ja-6ad21e162182,catalog.sealed_products,4e981659-24d8-5e8f-a6f7-f9fcd8e8ed1f,insert,id,,4e981659-24d8-5e8f-a6f7-f9fcd8e8ed1f
ja-6ad21e162182,catalog.sealed_products,4e981659-24d8-5e8f-a6f7-f9fcd8e8ed1f,insert,game_code,,pokemon
ja-6ad21e162182,catalog.sealed_products,4e981659-24d8-5e8f-a6f7-f9fcd8e8ed1f,insert,language_code,,ja
ja-6ad21e162182,catalog.sealed_products,4e981659-24d8-5e8f-a6f7-f9fcd8e8ed1f,insert,set_id,,
ja-6ad21e162182,catalog.sealed_products,4e981659-24d8-5e8f-a6f7-f9fcd8e8ed1f,insert,product_type,,other
ja-6ad21e162182,catalog.sealed_products,4e981659-24d8-5e8f-a6f7-f9fcd8e8ed1f,insert,native_name,,BREAK進化パック「ライチュウBREAK」
ja-6ad21e162182,catalog.sealed_products,4e981659-24d8-5e8f-a6f7-f9fcd8e8ed1f,insert,english_display_name,,Raichu BREAK Evolution Pack
ja-6ad21e162182,catalog.sealed_products,4e981659-24d8-5e8f-a6f7-f9fcd8e8ed1f,insert,product_code,,SNPr
ja-6ad21e162182,catalog.sealed_products,4e981659-24d8-5e8f-a6f7-f9fcd8e8ed1f,insert,release_date,,2015-09-26
ja-0ee044c14656,catalog.sealed_products,4eae6212-0556-57a0-a604-f44a6407e7d7,insert,id,,4eae6212-0556-57a0-a604-f44a6407e7d7
ja-0ee044c14656,catalog.sealed_products,4eae6212-0556-57a0-a604-f44a6407e7d7,insert,game_code,,pokemon
ja-0ee044c14656,catalog.sealed_products,4eae6212-0556-57a0-a604-f44a6407e7d7,insert,language_code,,ja
ja-0ee044c14656,catalog.sealed_products,4eae6212-0556-57a0-a604-f44a6407e7d7,insert,set_id,,
ja-0ee044c14656,catalog.sealed_products,4eae6212-0556-57a0-a604-f44a6407e7d7,insert,product_type,,starter_deck
ja-0ee044c14656,catalog.sealed_products,4eae6212-0556-57a0-a604-f44a6407e7d7,insert,native_name,,イワンコ全力デッキ
ja-0ee044c14656,catalog.sealed_products,4eae6212-0556-57a0-a604-f44a6407e7d7,insert,english_display_name,,Rockruff Full Power Deck
ja-0ee044c14656,catalog.sealed_products,4eae6212-0556-57a0-a604-f44a6407e7d7,insert,product_code,,SMP1
ja-0ee044c14656,catalog.sealed_products,4eae6212-0556-57a0-a604-f44a6407e7d7,insert,release_date,,2016-12-15
ja-6610d1bc091c,catalog.sealed_products,8e895af8-7f9f-5d4f-9dfc-ef02c986536e,insert,id,,8e895af8-7f9f-5d4f-9dfc-ef02c986536e
ja-6610d1bc091c,catalog.sealed_products,8e895af8-7f9f-5d4f-9dfc-ef02c986536e,insert,game_code,,pokemon
ja-6610d1bc091c,catalog.sealed_products,8e895af8-7f9f-5d4f-9dfc-ef02c986536e,insert,language_code,,ja
ja-6610d1bc091c,catalog.sealed_products,8e895af8-7f9f-5d4f-9dfc-ef02c986536e,insert,set_id,,
ja-6610d1bc091c,catalog.sealed_products,8e895af8-7f9f-5d4f-9dfc-ef02c986536e,insert,product_type,,other
ja-6610d1bc091c,catalog.sealed_products,8e895af8-7f9f-5d4f-9dfc-ef02c986536e,insert,native_name,,コレクションパック シェイミLV．X
ja-6610d1bc091c,catalog.sealed_products,8e895af8-7f9f-5d4f-9dfc-ef02c986536e,insert,english_display_name,,Shaymin LV.X Collection Pack
ja-6610d1bc091c,catalog.sealed_products,8e895af8-7f9f-5d4f-9dfc-ef02c986536e,insert,product_code,,DPtS
ja-6610d1bc091c,catalog.sealed_products,8e895af8-7f9f-5d4f-9dfc-ef02c986536e,insert,release_date,,2009-04-18
ja-5e3231638035,catalog.sealed_products,2ab8f9c0-aecb-5d1f-a4f8-63461b16a86c,insert,id,,2ab8f9c0-aecb-5d1f-a4f8-63461b16a86c
ja-5e3231638035,catalog.sealed_products,2ab8f9c0-aecb-5d1f-a4f8-63461b16a86c,insert,game_code,,pokemon
ja-5e3231638035,catalog.sealed_products,2ab8f9c0-aecb-5d1f-a4f8-63461b16a86c,insert,language_code,,ja
ja-5e3231638035,catalog.sealed_products,2ab8f9c0-aecb-5d1f-a4f8-63461b16a86c,insert,set_id,,
ja-5e3231638035,catalog.sealed_products,2ab8f9c0-aecb-5d1f-a4f8-63461b16a86c,insert,product_type,,other
ja-5e3231638035,catalog.sealed_products,2ab8f9c0-aecb-5d1f-a4f8-63461b16a86c,insert,native_name,,ジャンボパックセット 白銀のランス＆漆黒のガイスト
ja-5e3231638035,catalog.sealed_products,2ab8f9c0-aecb-5d1f-a4f8-63461b16a86c,insert,english_display_name,,Silver Lance & Jet-Black Spirit Promo Set
ja-5e3231638035,catalog.sealed_products,2ab8f9c0-aecb-5d1f-a4f8-63461b16a86c,insert,product_code,,SP3
ja-5e3231638035,catalog.sealed_products,2ab8f9c0-aecb-5d1f-a4f8-63461b16a86c,insert,release_date,,2021-04-23
ja-db1b40ed6128,catalog.sealed_products,4517996f-c285-524e-a40f-01f464caa1c6,insert,id,,4517996f-c285-524e-a40f-01f464caa1c6
ja-db1b40ed6128,catalog.sealed_products,4517996f-c285-524e-a40f-01f464caa1c6,insert,game_code,,pokemon
ja-db1b40ed6128,catalog.sealed_products,4517996f-c285-524e-a40f-01f464caa1c6,insert,language_code,,ja
ja-db1b40ed6128,catalog.sealed_products,4517996f-c285-524e-a40f-01f464caa1c6,insert,set_id,,
ja-db1b40ed6128,catalog.sealed_products,4517996f-c285-524e-a40f-01f464caa1c6,insert,product_type,,starter_deck
ja-db1b40ed6128,catalog.sealed_products,4517996f-c285-524e-a40f-01f464caa1c6,insert,native_name,,スタートデッキ100
ja-db1b40ed6128,catalog.sealed_products,4517996f-c285-524e-a40f-01f464caa1c6,insert,english_display_name,,Start Deck 100
ja-db1b40ed6128,catalog.sealed_products,4517996f-c285-524e-a40f-01f464caa1c6,insert,product_code,,SI
ja-db1b40ed6128,catalog.sealed_products,4517996f-c285-524e-a40f-01f464caa1c6,insert,release_date,,2021-12-17
ja-1d2fff8e3828,catalog.sealed_products,f1970b1e-3d40-5706-b346-06b0925f1889,insert,id,,f1970b1e-3d40-5706-b346-06b0925f1889
ja-1d2fff8e3828,catalog.sealed_products,f1970b1e-3d40-5706-b346-06b0925f1889,insert,game_code,,pokemon
ja-1d2fff8e3828,catalog.sealed_products,f1970b1e-3d40-5706-b346-06b0925f1889,insert,language_code,,ja
ja-1d2fff8e3828,catalog.sealed_products,f1970b1e-3d40-5706-b346-06b0925f1889,insert,set_id,,
ja-1d2fff8e3828,catalog.sealed_products,f1970b1e-3d40-5706-b346-06b0925f1889,insert,product_type,,other
ja-1d2fff8e3828,catalog.sealed_products,f1970b1e-3d40-5706-b346-06b0925f1889,insert,native_name,,スターターセット改造「カプ・ブルルGX」
ja-1d2fff8e3828,catalog.sealed_products,f1970b1e-3d40-5706-b346-06b0925f1889,insert,english_display_name,,Tapu Bulu-GX Enhanced Starter Set
ja-1d2fff8e3828,catalog.sealed_products,f1970b1e-3d40-5706-b346-06b0925f1889,insert,product_code,,SMC
ja-1d2fff8e3828,catalog.sealed_products,f1970b1e-3d40-5706-b346-06b0925f1889,insert,release_date,,2017-03-17
ja-6b114003e2b1,catalog.sealed_products,1af6199b-dd93-53eb-b317-6fbcd62f80d3,insert,id,,1af6199b-dd93-53eb-b317-6fbcd62f80d3
ja-6b114003e2b1,catalog.sealed_products,1af6199b-dd93-53eb-b317-6fbcd62f80d3,insert,game_code,,pokemon
ja-6b114003e2b1,catalog.sealed_products,1af6199b-dd93-53eb-b317-6fbcd62f80d3,insert,language_code,,ja
ja-6b114003e2b1,catalog.sealed_products,1af6199b-dd93-53eb-b317-6fbcd62f80d3,insert,set_id,,
ja-6b114003e2b1,catalog.sealed_products,1af6199b-dd93-53eb-b317-6fbcd62f80d3,insert,product_type,,other
ja-6b114003e2b1,catalog.sealed_products,1af6199b-dd93-53eb-b317-6fbcd62f80d3,insert,native_name,,プラズマ団バトルギフトセット
ja-6b114003e2b1,catalog.sealed_products,1af6199b-dd93-53eb-b317-6fbcd62f80d3,insert,english_display_name,,Team Plasma Battle Gift Set
ja-6b114003e2b1,catalog.sealed_products,1af6199b-dd93-53eb-b317-6fbcd62f80d3,insert,product_code,,PBG
ja-6b114003e2b1,catalog.sealed_products,1af6199b-dd93-53eb-b317-6fbcd62f80d3,insert,release_date,,2012-11-16
ja-dc7d8d809c94,catalog.sets,c79f4e3a-2550-5724-98b9-7aab524d6bfe,insert,id,,c79f4e3a-2550-5724-98b9-7aab524d6bfe
ja-dc7d8d809c94,catalog.sets,c79f4e3a-2550-5724-98b9-7aab524d6bfe,insert,game_code,,pokemon
ja-dc7d8d809c94,catalog.sets,c79f4e3a-2550-5724-98b9-7aab524d6bfe,insert,language_code,,ja
ja-dc7d8d809c94,catalog.sets,c79f4e3a-2550-5724-98b9-7aab524d6bfe,insert,set_code,,JA-PROMO-UN
ja-dc7d8d809c94,catalog.sets,c79f4e3a-2550-5724-98b9-7aab524d6bfe,insert,provider_set_code,,
ja-dc7d8d809c94,catalog.sets,c79f4e3a-2550-5724-98b9-7aab524d6bfe,insert,release_date,,
ja-dc7d8d809c94,catalog.sets,c79f4e3a-2550-5724-98b9-7aab524d6bfe,insert,printed_total,,
ja-dc7d8d809c94,catalog.sets,c79f4e3a-2550-5724-98b9-7aab524d6bfe,insert,total,,
ja-dc7d8d809c94,catalog.sets,c79f4e3a-2550-5724-98b9-7aab524d6bfe,insert,native_name,,ナンバーなしプロモカード
ja-dc7d8d809c94,catalog.sets,c79f4e3a-2550-5724-98b9-7aab524d6bfe,insert,english_display_name,,Unnumbered Promotional cards
ja-dd7a387ccc7e,catalog.sealed_products,c58ad65f-5fb0-5667-894c-a14f730305af,insert,id,,c58ad65f-5fb0-5667-894c-a14f730305af
ja-dd7a387ccc7e,catalog.sealed_products,c58ad65f-5fb0-5667-894c-a14f730305af,insert,game_code,,pokemon
ja-dd7a387ccc7e,catalog.sealed_products,c58ad65f-5fb0-5667-894c-a14f730305af,insert,language_code,,ja
ja-dd7a387ccc7e,catalog.sealed_products,c58ad65f-5fb0-5667-894c-a14f730305af,insert,set_id,,
ja-dd7a387ccc7e,catalog.sealed_products,c58ad65f-5fb0-5667-894c-a14f730305af,insert,product_type,,other
ja-dd7a387ccc7e,catalog.sealed_products,c58ad65f-5fb0-5667-894c-a14f730305af,insert,native_name,,VMAXスペシャルセット
ja-dd7a387ccc7e,catalog.sealed_products,c58ad65f-5fb0-5667-894c-a14f730305af,insert,english_display_name,,VMAX Special Set
ja-dd7a387ccc7e,catalog.sealed_products,c58ad65f-5fb0-5667-894c-a14f730305af,insert,product_code,,SP2
ja-dd7a387ccc7e,catalog.sealed_products,c58ad65f-5fb0-5667-894c-a14f730305af,insert,release_date,,2020-10-23
ja-f8a1666d0bc0,catalog.sealed_products,00f54a2d-4ed2-529c-bf7a-0d76a15089fa,insert,id,,00f54a2d-4ed2-529c-bf7a-0d76a15089fa
ja-f8a1666d0bc0,catalog.sealed_products,00f54a2d-4ed2-529c-bf7a-0d76a15089fa,insert,game_code,,pokemon
ja-f8a1666d0bc0,catalog.sealed_products,00f54a2d-4ed2-529c-bf7a-0d76a15089fa,insert,language_code,,ja
ja-f8a1666d0bc0,catalog.sealed_products,00f54a2d-4ed2-529c-bf7a-0d76a15089fa,insert,set_id,,
ja-f8a1666d0bc0,catalog.sealed_products,00f54a2d-4ed2-529c-bf7a-0d76a15089fa,insert,product_type,,other
ja-f8a1666d0bc0,catalog.sealed_products,00f54a2d-4ed2-529c-bf7a-0d76a15089fa,insert,native_name,,はじめてセット
ja-f8a1666d0bc0,catalog.sealed_products,00f54a2d-4ed2-529c-bf7a-0d76a15089fa,insert,english_display_name,,XY Beginning Set
ja-f8a1666d0bc0,catalog.sealed_products,00f54a2d-4ed2-529c-bf7a-0d76a15089fa,insert,product_code,,HXY
ja-f8a1666d0bc0,catalog.sealed_products,00f54a2d-4ed2-529c-bf7a-0d76a15089fa,insert,release_date,,2013-11-08
ja-fed7090443ee,catalog.sealed_products,a93ed1f4-2de9-5bf4-b583-d0987441709b,insert,id,,a93ed1f4-2de9-5bf4-b583-d0987441709b
ja-fed7090443ee,catalog.sealed_products,a93ed1f4-2de9-5bf4-b583-d0987441709b,insert,game_code,,pokemon
ja-fed7090443ee,catalog.sealed_products,a93ed1f4-2de9-5bf4-b583-d0987441709b,insert,language_code,,ja
ja-fed7090443ee,catalog.sealed_products,a93ed1f4-2de9-5bf4-b583-d0987441709b,insert,set_id,,
ja-fed7090443ee,catalog.sealed_products,a93ed1f4-2de9-5bf4-b583-d0987441709b,insert,product_type,,starter_deck
ja-fed7090443ee,catalog.sealed_products,a93ed1f4-2de9-5bf4-b583-d0987441709b,insert,native_name,,ゼルネアスデッキ30
ja-fed7090443ee,catalog.sealed_products,a93ed1f4-2de9-5bf4-b583-d0987441709b,insert,english_display_name,,Xerneas Half Deck
ja-fed7090443ee,catalog.sealed_products,a93ed1f4-2de9-5bf4-b583-d0987441709b,insert,product_code,,X30
ja-fed7090443ee,catalog.sealed_products,a93ed1f4-2de9-5bf4-b583-d0987441709b,insert,release_date,,2014-01-31
ja-647e29f1f683,catalog.sealed_products,cec96967-0f2f-50f8-bf19-cf3842b66910,insert,id,,cec96967-0f2f-50f8-bf19-cf3842b66910
ja-647e29f1f683,catalog.sealed_products,cec96967-0f2f-50f8-bf19-cf3842b66910,insert,game_code,,pokemon
ja-647e29f1f683,catalog.sealed_products,cec96967-0f2f-50f8-bf19-cf3842b66910,insert,language_code,,ja
ja-647e29f1f683,catalog.sealed_products,cec96967-0f2f-50f8-bf19-cf3842b66910,insert,set_id,,
ja-647e29f1f683,catalog.sealed_products,cec96967-0f2f-50f8-bf19-cf3842b66910,insert,product_type,,starter_deck
ja-647e29f1f683,catalog.sealed_products,cec96967-0f2f-50f8-bf19-cf3842b66910,insert,native_name,,イベルタルデッキ30
ja-647e29f1f683,catalog.sealed_products,cec96967-0f2f-50f8-bf19-cf3842b66910,insert,english_display_name,,Yveltal Half Deck
ja-647e29f1f683,catalog.sealed_products,cec96967-0f2f-50f8-bf19-cf3842b66910,insert,product_code,,Y30
ja-647e29f1f683,catalog.sealed_products,cec96967-0f2f-50f8-bf19-cf3842b66910,insert,release_date,,2014-01-31
ja-5bd5bd4a3cbb,catalog.sealed_products,62d4c0ec-961f-5fa0-9ffc-67787b61e2fd,insert,id,,62d4c0ec-961f-5fa0-9ffc-67787b61e2fd
ja-5bd5bd4a3cbb,catalog.sealed_products,62d4c0ec-961f-5fa0-9ffc-67787b61e2fd,insert,game_code,,pokemon
ja-5bd5bd4a3cbb,catalog.sealed_products,62d4c0ec-961f-5fa0-9ffc-67787b61e2fd,insert,language_code,,ja
ja-5bd5bd4a3cbb,catalog.sealed_products,62d4c0ec-961f-5fa0-9ffc-67787b61e2fd,insert,set_id,,
ja-5bd5bd4a3cbb,catalog.sealed_products,62d4c0ec-961f-5fa0-9ffc-67787b61e2fd,insert,product_type,,starter_deck
ja-5bd5bd4a3cbb,catalog.sealed_products,62d4c0ec-961f-5fa0-9ffc-67787b61e2fd,insert,native_name,,パーフェクトバトルデッキ60「ジガルデEX」
ja-5bd5bd4a3cbb,catalog.sealed_products,62d4c0ec-961f-5fa0-9ffc-67787b61e2fd,insert,english_display_name,,Zygarde-EX Perfect Battle Deck
ja-5bd5bd4a3cbb,catalog.sealed_products,62d4c0ec-961f-5fa0-9ffc-67787b61e2fd,insert,product_code,,XYG
ja-5bd5bd4a3cbb,catalog.sealed_products,62d4c0ec-961f-5fa0-9ffc-67787b61e2fd,insert,release_date,,2016-03-18
zh-CN-cff2a96842bc,catalog.sets,195b9d09-dd64-4e41-9b7d-0c9fb7f2062c,update,english_display_name,Storming Emergence - Set C,Storming Emergence: Abundant
zh-CN-67d0d50f4a30,catalog.sets,465f5ed6-b32e-4cf0-a890-c39bc812ca48,update,english_display_name,Storming Emergence - Set A,Storming Emergence: Radiant
zh-CN-ddc368ed5a42,catalog.sets,64e14d7e-e9f0-49d1-9e43-f79eafc02f53,update,english_display_name,Storming Emergence - Set B,Storming Emergence: Verdant
zh-CN-7201f0f4adef,catalog.sets,06c44056-4885-486e-a343-d7069742a403,update,native_name,强化包 对战精英,对战精英
zh-CN-985b569834f5,catalog.sets,1e70ad98-8533-4fd0-8d02-15dda333cce9,update,english_display_name,Shining Synergy - Set A,Shining Synergy: Shower
zh-CN-e431181de676,catalog.sets,a31177e5-6f44-4236-8d84-b8afaecd825f,update,english_display_name,Shining Synergy - Set C,Shining Synergy: Summon
zh-CN-d9a73eee6c51,catalog.sets,1c9493a2-e579-4007-89f2-c72fdc66a2d9,update,english_display_name,Shining Synergy - Set B,Shining Synergy: Supreme
zh-CN-278793c85063,catalog.sets,01859240-c3d3-4074-832f-782f61c4fcb6,update,english_display_name,Dynamax Clash - Set B,Dynamax Clash: Flame
zh-CN-3e2d274b4ab5,catalog.sets,e98642e8-97ac-4a08-b013-c0b13b70a269,update,english_display_name,Dynamax Clash - Set A,Dynamax Clash: Thunder
zh-CN-000aba863495,catalog.sets,7e37b0c3-bae5-4591-89c8-815b6cb4b80d,update,english_display_name,Vivid Portrayals - Set B,Vivid Portrayals: Indigo
zh-CN-e3ed5d35db24,catalog.sets,96cbe78b-6461-4875-a678-c2fc65b0d756,update,english_display_name,Vivid Portrayals - Set A,Vivid Portrayals: Obsidian
zh-CN-03b5c4fdbb4b,catalog.sets,42e798dd-f171-4f0b-916e-2386fd2a353f,update,english_display_name,Primordial Arts - Set A,Primordial Arts: Overgrow
zh-CN-5d92ddb62f3d,catalog.sets,f9223984-d0cf-445e-9d9f-7d447855a904,update,english_display_name,Primordial Arts - Set B,Primordial Arts: Torrent
zh-CN-f0b761b734c3,catalog.sets,210bbf2d-5f63-4e1b-8af0-a2e093c53746,update,english_display_name,Nine Colors Gathering - Set A,Polychromatic Gathering: Friends
zh-CN-717687c74d70,catalog.sets,7846702c-18c4-4d74-9ac1-2932017fa467,update,english_display_name,Nine Colors Gathering - Set B,Polychromatic Gathering: Origin
zh-CN-06b75de401d9,catalog.sets,cd9dbc9a-2f9b-46af-b94a-faaeeb026395,update,english_display_name,Final Flame Dance,Flame Dance of the End
zh-CN-26d69c463f17,catalog.sets,a952240f-194f-45a1-bd38-e8f5827c1200,update,english_display_name,Brave Stars - Set B,Gallant Galaxy: Brave
zh-CN-ef32f1cf698e,catalog.sets,92ffa013-edb7-4c49-8ed1-c50f0162d41d,update,english_display_name,Brave Stars - Set A,Gallant Galaxy: Charm
zh-CN-805005bd58b7,catalog.sets,44f0abf2-b693-4d4f-8587-18106f976a3d,update,native_name,强化包 暗影夺辉,暗影夺辉
zh-CN-805005bd58b7,catalog.sets,44f0abf2-b693-4d4f-8587-18106f976a3d,update,english_display_name,Shadow of Glory,Overshadowed Radiance
zh-CN-7830668b1cfa,catalog.sets,3c74abe8-5236-4c84-ae5b-5a5f367b63d4,update,english_display_name,Shadow of the Blue Sea - Set B,Marine Shadow: Banish
zh-CN-7830668b1cfa,catalog.sets,3c74abe8-5236-4c84-ae5b-5a5f367b63d4,update,total,172,173
zh-CN-4e11f8df413a,catalog.sets,786678a0-e593-4205-b391-b392f1e71592,update,english_display_name,Shadow of the Blue Sea - Set A,Marine Shadow: Roar
zh-CN-4e11f8df413a,catalog.sets,786678a0-e593-4205-b391-b392f1e71592,update,total,169,170
zh-CN-2097f2637c37,catalog.sets,69be023a-df58-4cf2-913e-101d846b968e,update,native_name,强化包 胜象星引,胜象星引
zh-CN-2097f2637c37,catalog.sets,69be023a-df58-4cf2-913e-101d846b968e,update,english_display_name,Victory Star Guide,Victory Lodestar
zh-CN-2097f2637c37,catalog.sets,69be023a-df58-4cf2-913e-101d846b968e,update,total,96,72
zh-CN-95c5eec4132c,catalog.sets,31225f01-ead5-4e8d-83f8-c06978e706da,update,english_display_name,Eternal Birth,"Ancient Times, Future Progress"
zh-CN-a61ae6f4afab,catalog.sets,8e3da79a-1d8d-40ae-9f09-0150728cfbd6,update,native_name,收集啦151 旅,收集啦151
zh-CN-a61ae6f4afab,catalog.sets,8e3da79a-1d8d-40ae-9f09-0150728cfbd6,update,english_display_name,"Collect 151 Surprise, Hope, Journey, & Gathering",Collection 151 — shared numbered catalogue
zh-CN-a61ae6f4afab,catalog.sets,8e3da79a-1d8d-40ae-9f09-0150728cfbd6,update,release_date,2025-10-17,2025-01-17
zh-CN-d1ae3e65a60e,catalog.sealed_products,40bf98d6-3faf-5000-bc1f-6a6df61d297e,insert,id,,40bf98d6-3faf-5000-bc1f-6a6df61d297e
zh-CN-d1ae3e65a60e,catalog.sealed_products,40bf98d6-3faf-5000-bc1f-6a6df61d297e,insert,game_code,,pokemon
zh-CN-d1ae3e65a60e,catalog.sealed_products,40bf98d6-3faf-5000-bc1f-6a6df61d297e,insert,language_code,,zh-cn
zh-CN-d1ae3e65a60e,catalog.sealed_products,40bf98d6-3faf-5000-bc1f-6a6df61d297e,insert,set_id,,8e3da79a-1d8d-40ae-9f09-0150728cfbd6
zh-CN-d1ae3e65a60e,catalog.sealed_products,40bf98d6-3faf-5000-bc1f-6a6df61d297e,insert,product_type,,booster_pack
zh-CN-d1ae3e65a60e,catalog.sealed_products,40bf98d6-3faf-5000-bc1f-6a6df61d297e,insert,native_name,,收集啦151 旅
zh-CN-d1ae3e65a60e,catalog.sealed_products,40bf98d6-3faf-5000-bc1f-6a6df61d297e,insert,english_display_name,,Collection 151: Journey
zh-CN-d1ae3e65a60e,catalog.sealed_products,40bf98d6-3faf-5000-bc1f-6a6df61d297e,insert,product_code,,151C1
zh-CN-d1ae3e65a60e,catalog.sealed_products,40bf98d6-3faf-5000-bc1f-6a6df61d297e,insert,release_date,,2025-01-17
zh-CN-d9d612b88239,catalog.sets,6fddd811-836e-4304-8d28-f36caef0d044,update,native_name,宝石包 Vol. 1,宝石包VOL.1
zh-CN-d9d612b88239,catalog.sets,6fddd811-836e-4304-8d28-f36caef0d044,update,english_display_name,Gem Pack Vol 1,Gem Pack Vol. 1
zh-CN-d9d612b88239,catalog.sets,6fddd811-836e-4304-8d28-f36caef0d044,update,total,115,114
zh-CN-8e72634373e1,catalog.sealed_products,b2569078-27d0-580c-a1b3-da42e447e452,insert,id,,b2569078-27d0-580c-a1b3-da42e447e452
zh-CN-8e72634373e1,catalog.sealed_products,b2569078-27d0-580c-a1b3-da42e447e452,insert,game_code,,pokemon
zh-CN-8e72634373e1,catalog.sealed_products,b2569078-27d0-580c-a1b3-da42e447e452,insert,language_code,,zh-cn
zh-CN-8e72634373e1,catalog.sealed_products,b2569078-27d0-580c-a1b3-da42e447e452,insert,set_id,,8e3da79a-1d8d-40ae-9f09-0150728cfbd6
zh-CN-8e72634373e1,catalog.sealed_products,b2569078-27d0-580c-a1b3-da42e447e452,insert,product_type,,booster_pack
zh-CN-8e72634373e1,catalog.sealed_products,b2569078-27d0-580c-a1b3-da42e447e452,insert,native_name,,收集啦151 望
zh-CN-8e72634373e1,catalog.sealed_products,b2569078-27d0-580c-a1b3-da42e447e452,insert,english_display_name,,Collection 151: Hope
zh-CN-8e72634373e1,catalog.sealed_products,b2569078-27d0-580c-a1b3-da42e447e452,insert,product_code,,151C2
zh-CN-8e72634373e1,catalog.sealed_products,b2569078-27d0-580c-a1b3-da42e447e452,insert,release_date,,2025-04-18
zh-CN-1adc23205ba3,catalog.sets,8a18b285-dbf1-4acb-8374-e693849d80e1,update,native_name,宝石包 Vol.2,宝石包VOL.2
zh-CN-1adc23205ba3,catalog.sets,8a18b285-dbf1-4acb-8374-e693849d80e1,update,english_display_name,Gem Pack Vol 2,Gem Pack Vol. 2
zh-CN-5d61b9b8011b,catalog.sets,3738516b-cd62-4541-aa2b-2cbfcb4197ce,update,english_display_name,Departure Special Pack,Journey Theme Pack
zh-CN-5d61b9b8011b,catalog.sets,3738516b-cd62-4541-aa2b-2cbfcb4197ce,update,printed_total,,49
zh-CN-5d61b9b8011b,catalog.sets,3738516b-cd62-4541-aa2b-2cbfcb4197ce,update,total,133,141
zh-CN-06deae5bed81,catalog.sealed_products,cb7cbb86-ea25-50b6-9f76-fac72e4076f1,insert,id,,cb7cbb86-ea25-50b6-9f76-fac72e4076f1
zh-CN-06deae5bed81,catalog.sealed_products,cb7cbb86-ea25-50b6-9f76-fac72e4076f1,insert,game_code,,pokemon
zh-CN-06deae5bed81,catalog.sealed_products,cb7cbb86-ea25-50b6-9f76-fac72e4076f1,insert,language_code,,zh-cn
zh-CN-06deae5bed81,catalog.sealed_products,cb7cbb86-ea25-50b6-9f76-fac72e4076f1,insert,set_id,,8e3da79a-1d8d-40ae-9f09-0150728cfbd6
zh-CN-06deae5bed81,catalog.sealed_products,cb7cbb86-ea25-50b6-9f76-fac72e4076f1,insert,product_type,,booster_pack
zh-CN-06deae5bed81,catalog.sealed_products,cb7cbb86-ea25-50b6-9f76-fac72e4076f1,insert,native_name,,收集啦151 惊
zh-CN-06deae5bed81,catalog.sealed_products,cb7cbb86-ea25-50b6-9f76-fac72e4076f1,insert,english_display_name,,Collection 151: Scare
zh-CN-06deae5bed81,catalog.sealed_products,cb7cbb86-ea25-50b6-9f76-fac72e4076f1,insert,product_code,,151C3
zh-CN-06deae5bed81,catalog.sealed_products,cb7cbb86-ea25-50b6-9f76-fac72e4076f1,insert,release_date,,2025-07-18
zh-CN-7788e508be5a,catalog.sets,9cc48fa9-3a36-4069-b58a-3f29854cca74,update,english_display_name,Dark Crystal Blaze,Ardent Obsidian
zh-CN-28f3f6b85300,catalog.sets,06ae8d84-49e1-4363-a97b-1f22ee392ed7,update,native_name,宝石包 Vol.3,宝石包VOL.3
zh-CN-28f3f6b85300,catalog.sets,06ae8d84-49e1-4363-a97b-1f22ee392ed7,update,english_display_name,Gem Pack Vol 3,Gem Pack Vol. 3
zh-CN-18809c23b06f,catalog.sealed_products,b623236b-cec0-5f50-9c46-9ead569717ca,insert,id,,b623236b-cec0-5f50-9c46-9ead569717ca
zh-CN-18809c23b06f,catalog.sealed_products,b623236b-cec0-5f50-9c46-9ead569717ca,insert,game_code,,pokemon
zh-CN-18809c23b06f,catalog.sealed_products,b623236b-cec0-5f50-9c46-9ead569717ca,insert,language_code,,zh-cn
zh-CN-18809c23b06f,catalog.sealed_products,b623236b-cec0-5f50-9c46-9ead569717ca,insert,set_id,,8e3da79a-1d8d-40ae-9f09-0150728cfbd6
zh-CN-18809c23b06f,catalog.sealed_products,b623236b-cec0-5f50-9c46-9ead569717ca,insert,product_type,,booster_pack
zh-CN-18809c23b06f,catalog.sealed_products,b623236b-cec0-5f50-9c46-9ead569717ca,insert,native_name,,收集啦151 聚
zh-CN-18809c23b06f,catalog.sealed_products,b623236b-cec0-5f50-9c46-9ead569717ca,insert,english_display_name,,Collection 151: Gather
zh-CN-18809c23b06f,catalog.sealed_products,b623236b-cec0-5f50-9c46-9ead569717ca,insert,product_code,,151C4
zh-CN-18809c23b06f,catalog.sealed_products,b623236b-cec0-5f50-9c46-9ead569717ca,insert,release_date,,2025-10-17
zh-CN-48747304f749,catalog.sets,b00d2f30-2ef5-4a8c-9263-d2b337a053be,update,release_date,2025-11-07,2025-11-17
zh-CN-48747304f749,catalog.sets,b00d2f30-2ef5-4a8c-9263-d2b337a053be,update,printed_total,,52
zh-CN-48747304f749,catalog.sets,b00d2f30-2ef5-4a8c-9263-d2b337a053be,update,total,139,147
zh-CN-10c8789df3d3,catalog.sets,1f37ca26-f79b-47b6-9ba8-87f6c14b03fa,update,english_display_name,Blade Awakened,Blade Awakening
zh-CN-10c8789df3d3,catalog.sets,1f37ca26-f79b-47b6-9ba8-87f6c14b03fa,update,release_date,2026-01-17,2026-01-16
zh-CN-af2bb9712d74,catalog.sets,ceddde89-0705-4372-95f2-88c20b89fddd,update,native_name,宝石包 第四弹,宝石包VOL.4
zh-CN-af2bb9712d74,catalog.sets,ceddde89-0705-4372-95f2-88c20b89fddd,update,english_display_name,Gem Pack Vol 4,Gem Pack Vol. 4
zh-CN-af2bb9712d74,catalog.sets,ceddde89-0705-4372-95f2-88c20b89fddd,update,release_date,2026-02-26,2026-02-06
zh-CN-b8243f986930,catalog.sets,488ef846-c6f3-42e6-8fc1-7bf2928b2bcf,update,english_display_name,Sparkling Fantasy,Sparkling Fable
zh-CN-f8b98fe843c8,catalog.sets,67ae722c-a017-4446-a14e-50d70df1f98d,update,native_name,宝石包 第五弹,宝石包VOL.5
zh-CN-f8b98fe843c8,catalog.sets,67ae722c-a017-4446-a14e-50d70df1f98d,update,english_display_name,Gem Pack Vol 5,Gem Pack Vol. 5
zh-CN-cad997c1ded1,catalog.sets,5ee47c31-74b5-4648-9326-468a939e455d,update,native_name,北上乡专题包（5张装）,北上乡专题包
zh-CN-cad997c1ded1,catalog.sets,5ee47c31-74b5-4648-9326-468a939e455d,update,printed_total,,52
zh-CN-cad997c1ded1,catalog.sets,5ee47c31-74b5-4648-9326-468a939e455d,update,total,44,141
zh-CN-952e1d8d027f,catalog.sets,8f5e256e-b756-4a9c-8aa4-80cb8fe6f5fe,update,native_name,补充包 共逐荣光,共逐荣光
zh-CN-952e1d8d027f,catalog.sets,8f5e256e-b756-4a9c-8aa4-80cb8fe6f5fe,update,english_display_name,Chasing Glory Together,Together in Pursuit of Glory
zh-CN-952e1d8d027f,catalog.sets,8f5e256e-b756-4a9c-8aa4-80cb8fe6f5fe,update,printed_total,,222
zh-CN-7f5295a2c6c4,catalog.sets,17de4b24-d0c6-59dc-a915-9ba30546df95,insert,id,,17de4b24-d0c6-59dc-a915-9ba30546df95
zh-CN-7f5295a2c6c4,catalog.sets,17de4b24-d0c6-59dc-a915-9ba30546df95,insert,game_code,,pokemon
zh-CN-7f5295a2c6c4,catalog.sets,17de4b24-d0c6-59dc-a915-9ba30546df95,insert,language_code,,zh-cn
zh-CN-7f5295a2c6c4,catalog.sets,17de4b24-d0c6-59dc-a915-9ba30546df95,insert,set_code,,CBB6
zh-CN-7f5295a2c6c4,catalog.sets,17de4b24-d0c6-59dc-a915-9ba30546df95,insert,provider_set_code,,
zh-CN-7f5295a2c6c4,catalog.sets,17de4b24-d0c6-59dc-a915-9ba30546df95,insert,release_date,,2026-08-07
zh-CN-7f5295a2c6c4,catalog.sets,17de4b24-d0c6-59dc-a915-9ba30546df95,insert,printed_total,,
zh-CN-7f5295a2c6c4,catalog.sets,17de4b24-d0c6-59dc-a915-9ba30546df95,insert,total,,196
zh-CN-7f5295a2c6c4,catalog.sets,17de4b24-d0c6-59dc-a915-9ba30546df95,insert,native_name,,宝石包VOL.6
zh-CN-7f5295a2c6c4,catalog.sets,17de4b24-d0c6-59dc-a915-9ba30546df95,insert,english_display_name,,Gem Pack Vol. 6
zh-CN-02c213890e59,catalog.sets,cce4cfb8-6a87-567f-96a0-0884827a1396,insert,id,,cce4cfb8-6a87-567f-96a0-0884827a1396
zh-CN-02c213890e59,catalog.sets,cce4cfb8-6a87-567f-96a0-0884827a1396,insert,game_code,,pokemon
zh-CN-02c213890e59,catalog.sets,cce4cfb8-6a87-567f-96a0-0884827a1396,insert,language_code,,zh-cn
zh-CN-02c213890e59,catalog.sets,cce4cfb8-6a87-567f-96a0-0884827a1396,insert,set_code,,30thC
zh-CN-02c213890e59,catalog.sets,cce4cfb8-6a87-567f-96a0-0884827a1396,insert,provider_set_code,,
zh-CN-02c213890e59,catalog.sets,cce4cfb8-6a87-567f-96a0-0884827a1396,insert,release_date,,2026-09-16
zh-CN-02c213890e59,catalog.sets,cce4cfb8-6a87-567f-96a0-0884827a1396,insert,printed_total,,
zh-CN-02c213890e59,catalog.sets,cce4cfb8-6a87-567f-96a0-0884827a1396,insert,total,,
zh-CN-02c213890e59,catalog.sets,cce4cfb8-6a87-567f-96a0-0884827a1396,insert,native_name,,30周年庆典
zh-CN-02c213890e59,catalog.sets,cce4cfb8-6a87-567f-96a0-0884827a1396,insert,english_display_name,,30th Celebration
zh-CN-6262f13e0152,catalog.sets,b6d885e6-40de-4e3d-808d-fc2294af8ad4,update,native_name,特典卡·30周年,30th-P特典卡
zh-CN-6262f13e0152,catalog.sets,b6d885e6-40de-4e3d-808d-fc2294af8ad4,update,english_display_name,30th Anniversary Promos,30th-P Promotional cards
zh-CN-6262f13e0152,catalog.sets,b6d885e6-40de-4e3d-808d-fc2294af8ad4,update,release_date,2025-01-16,2026-03-20
zh-CN-6262f13e0152,catalog.sets,b6d885e6-40de-4e3d-808d-fc2294af8ad4,update,total,18,31
zh-CN-b9059c7402f0,catalog.sets,e4149c4d-77fd-4d78-9ce5-1ffb33e7bc35,update,native_name,起始卡组 极巨争锋V,极巨争锋 V起始卡组
zh-CN-b9059c7402f0,catalog.sets,e4149c4d-77fd-4d78-9ce5-1ffb33e7bc35,update,english_display_name,Dynamax Clash V Starter Deck,Dynamax Clash V Starter Decks
zh-CN-b9059c7402f0,catalog.sealed_products,ebe83739-797f-5b60-88a0-ad35a1bc99a2,insert,id,,ebe83739-797f-5b60-88a0-ad35a1bc99a2
zh-CN-b9059c7402f0,catalog.sealed_products,ebe83739-797f-5b60-88a0-ad35a1bc99a2,insert,game_code,,pokemon
zh-CN-b9059c7402f0,catalog.sealed_products,ebe83739-797f-5b60-88a0-ad35a1bc99a2,insert,language_code,,zh-cn
zh-CN-b9059c7402f0,catalog.sealed_products,ebe83739-797f-5b60-88a0-ad35a1bc99a2,insert,set_id,,e4149c4d-77fd-4d78-9ce5-1ffb33e7bc35
zh-CN-b9059c7402f0,catalog.sealed_products,ebe83739-797f-5b60-88a0-ad35a1bc99a2,insert,product_type,,starter_deck
zh-CN-b9059c7402f0,catalog.sealed_products,ebe83739-797f-5b60-88a0-ad35a1bc99a2,insert,native_name,,极巨争锋 V起始卡组
zh-CN-b9059c7402f0,catalog.sealed_products,ebe83739-797f-5b60-88a0-ad35a1bc99a2,insert,english_display_name,,Dynamax Clash V Starter Decks
zh-CN-b9059c7402f0,catalog.sealed_products,ebe83739-797f-5b60-88a0-ad35a1bc99a2,insert,product_code,,CS1D
zh-CN-b9059c7402f0,catalog.sealed_products,ebe83739-797f-5b60-88a0-ad35a1bc99a2,insert,release_date,,2023-05-19
zh-CN-754715d30142,catalog.sets,f872bb02-eb6b-4245-a13a-b5d72b36c5d9,update,english_display_name,Brave Stars V Starter Deck,Gallant Galaxy V Starter Decks
zh-CN-754715d30142,catalog.sealed_products,70ad1a81-0966-5f2a-85a7-9ea2c3dea45a,insert,id,,70ad1a81-0966-5f2a-85a7-9ea2c3dea45a
zh-CN-754715d30142,catalog.sealed_products,70ad1a81-0966-5f2a-85a7-9ea2c3dea45a,insert,game_code,,pokemon
zh-CN-754715d30142,catalog.sealed_products,70ad1a81-0966-5f2a-85a7-9ea2c3dea45a,insert,language_code,,zh-cn
zh-CN-754715d30142,catalog.sealed_products,70ad1a81-0966-5f2a-85a7-9ea2c3dea45a,insert,set_id,,f872bb02-eb6b-4245-a13a-b5d72b36c5d9
zh-CN-754715d30142,catalog.sealed_products,70ad1a81-0966-5f2a-85a7-9ea2c3dea45a,insert,product_type,,starter_deck
zh-CN-754715d30142,catalog.sealed_products,70ad1a81-0966-5f2a-85a7-9ea2c3dea45a,insert,native_name,,勇魅群星 V起始卡组
zh-CN-754715d30142,catalog.sealed_products,70ad1a81-0966-5f2a-85a7-9ea2c3dea45a,insert,english_display_name,,Gallant Galaxy V Starter Decks
zh-CN-754715d30142,catalog.sealed_products,70ad1a81-0966-5f2a-85a7-9ea2c3dea45a,insert,product_code,,CS5D
zh-CN-754715d30142,catalog.sealed_products,70ad1a81-0966-5f2a-85a7-9ea2c3dea45a,insert,release_date,,2024-06-18
zh-CN-0b8024065063,catalog.sets,876d2425-4948-57c4-baa0-9da39a9cda53,insert,id,,876d2425-4948-57c4-baa0-9da39a9cda53
zh-CN-0b8024065063,catalog.sets,876d2425-4948-57c4-baa0-9da39a9cda53,insert,game_code,,pokemon
zh-CN-0b8024065063,catalog.sets,876d2425-4948-57c4-baa0-9da39a9cda53,insert,language_code,,zh-cn
zh-CN-0b8024065063,catalog.sets,876d2425-4948-57c4-baa0-9da39a9cda53,insert,set_code,,M-P
zh-CN-0b8024065063,catalog.sets,876d2425-4948-57c4-baa0-9da39a9cda53,insert,provider_set_code,,
zh-CN-0b8024065063,catalog.sets,876d2425-4948-57c4-baa0-9da39a9cda53,insert,release_date,,2026-08-07
zh-CN-0b8024065063,catalog.sets,876d2425-4948-57c4-baa0-9da39a9cda53,insert,printed_total,,
zh-CN-0b8024065063,catalog.sets,876d2425-4948-57c4-baa0-9da39a9cda53,insert,total,,1
zh-CN-0b8024065063,catalog.sets,876d2425-4948-57c4-baa0-9da39a9cda53,insert,native_name,,M-P特典卡
zh-CN-0b8024065063,catalog.sets,876d2425-4948-57c4-baa0-9da39a9cda53,insert,english_display_name,,M-P Promotional cards
zh-CN-17407eca3331,catalog.sets,0c923759-c6cc-4b69-b205-eda5a97d3629,update,english_display_name,Battle Academy,Pokémon Card Game Battle Academy
zh-CN-17407eca3331,catalog.sets,0c923759-c6cc-4b69-b205-eda5a97d3629,update,total,66,98
zh-CN-17407eca3331,catalog.sealed_products,8b13f39a-bea6-5090-bede-962380ae3972,insert,id,,8b13f39a-bea6-5090-bede-962380ae3972
zh-CN-17407eca3331,catalog.sealed_products,8b13f39a-bea6-5090-bede-962380ae3972,insert,game_code,,pokemon
zh-CN-17407eca3331,catalog.sealed_products,8b13f39a-bea6-5090-bede-962380ae3972,insert,language_code,,zh-cn
zh-CN-17407eca3331,catalog.sealed_products,8b13f39a-bea6-5090-bede-962380ae3972,insert,set_id,,0c923759-c6cc-4b69-b205-eda5a97d3629
zh-CN-17407eca3331,catalog.sealed_products,8b13f39a-bea6-5090-bede-962380ae3972,insert,product_type,,other
zh-CN-17407eca3331,catalog.sealed_products,8b13f39a-bea6-5090-bede-962380ae3972,insert,native_name,,对战学院
zh-CN-17407eca3331,catalog.sealed_products,8b13f39a-bea6-5090-bede-962380ae3972,insert,english_display_name,,Pokémon Card Game Battle Academy
zh-CN-17407eca3331,catalog.sealed_products,8b13f39a-bea6-5090-bede-962380ae3972,insert,product_code,,CSVS
zh-CN-17407eca3331,catalog.sealed_products,8b13f39a-bea6-5090-bede-962380ae3972,insert,release_date,,2026-01-16
zh-CN-0f55490115e0,catalog.sets,096afff5-a4ff-4084-b7be-ecf150e13b25,update,native_name,起始卡组 洪荒演武V,洪荒演武 V起始卡组
zh-CN-0f55490115e0,catalog.sets,096afff5-a4ff-4084-b7be-ecf150e13b25,update,english_display_name,Primordial Arts V Starter Deck,Primordial Arts V Starter Decks
zh-CN-0f55490115e0,catalog.sealed_products,360bfd89-b606-586e-8808-03593351a1bc,insert,id,,360bfd89-b606-586e-8808-03593351a1bc
zh-CN-0f55490115e0,catalog.sealed_products,360bfd89-b606-586e-8808-03593351a1bc,insert,game_code,,pokemon
zh-CN-0f55490115e0,catalog.sealed_products,360bfd89-b606-586e-8808-03593351a1bc,insert,language_code,,zh-cn
zh-CN-0f55490115e0,catalog.sealed_products,360bfd89-b606-586e-8808-03593351a1bc,insert,set_id,,096afff5-a4ff-4084-b7be-ecf150e13b25
zh-CN-0f55490115e0,catalog.sealed_products,360bfd89-b606-586e-8808-03593351a1bc,insert,product_type,,starter_deck
zh-CN-0f55490115e0,catalog.sealed_products,360bfd89-b606-586e-8808-03593351a1bc,insert,native_name,,洪荒演武 V起始卡组
zh-CN-0f55490115e0,catalog.sealed_products,360bfd89-b606-586e-8808-03593351a1bc,insert,english_display_name,,Primordial Arts V Starter Decks
zh-CN-0f55490115e0,catalog.sealed_products,360bfd89-b606-586e-8808-03593351a1bc,insert,product_code,,CS3D
zh-CN-0f55490115e0,catalog.sealed_products,360bfd89-b606-586e-8808-03593351a1bc,insert,release_date,,2023-11-17
zh-CN-a4ed9d742e92,catalog.sets,3858072b-8d5d-42d3-9c5c-4557c8ec6ddb,update,native_name,特典卡·剑&盾,S-P特典卡
zh-CN-a4ed9d742e92,catalog.sets,3858072b-8d5d-42d3-9c5c-4557c8ec6ddb,update,english_display_name,Sword & Shield Promos,S-P Promotional cards
zh-CN-a4ed9d742e92,catalog.sets,3858072b-8d5d-42d3-9c5c-4557c8ec6ddb,update,release_date,2023-05-18,2023-05-28
zh-CN-a4ed9d742e92,catalog.sets,3858072b-8d5d-42d3-9c5c-4557c8ec6ddb,update,total,220,180
zh-CN-b0139dcd5a32,catalog.sets,4aa930fc-35fa-4e68-a34b-624fc70fb2cb,update,native_name,特典卡·太阳&月亮,SM-P特典卡
zh-CN-b0139dcd5a32,catalog.sets,4aa930fc-35fa-4e68-a34b-624fc70fb2cb,update,english_display_name,Sun & Moon Promos,SM-P Promotional cards
zh-CN-b0139dcd5a32,catalog.sets,4aa930fc-35fa-4e68-a34b-624fc70fb2cb,update,release_date,2022-10-27,2022-10-28
zh-CN-b0139dcd5a32,catalog.sets,4aa930fc-35fa-4e68-a34b-624fc70fb2cb,update,total,50,74
zh-CN-b14492ebba16,catalog.sets,9724f830-eb52-423f-a8ce-2feb4c2e91f1,update,native_name,特典卡·朱&紫,SV-P特典卡
zh-CN-b14492ebba16,catalog.sets,9724f830-eb52-423f-a8ce-2feb4c2e91f1,update,english_display_name,Scarlet & Violet Promos,SV-P Promotional cards
zh-CN-b14492ebba16,catalog.sets,9724f830-eb52-423f-a8ce-2feb4c2e91f1,update,release_date,2025-01-16,2024-08-03
zh-CN-b14492ebba16,catalog.sets,9724f830-eb52-423f-a8ce-2feb4c2e91f1,update,total,353,434
zh-CN-bbdfaf4b06d8,catalog.sets,78341b8d-8fbc-4749-8619-ee7a3bdc2131,update,english_display_name,Shining Synergy GX Starter Deck,Shining Synergy GX Starter Decks
zh-CN-bbdfaf4b06d8,catalog.sealed_products,cb3c070f-152c-5836-989a-be715ff99e79,insert,id,,cb3c070f-152c-5836-989a-be715ff99e79
zh-CN-bbdfaf4b06d8,catalog.sealed_products,cb3c070f-152c-5836-989a-be715ff99e79,insert,game_code,,pokemon
zh-CN-bbdfaf4b06d8,catalog.sealed_products,cb3c070f-152c-5836-989a-be715ff99e79,insert,language_code,,zh-cn
zh-CN-bbdfaf4b06d8,catalog.sealed_products,cb3c070f-152c-5836-989a-be715ff99e79,insert,set_id,,78341b8d-8fbc-4749-8619-ee7a3bdc2131
zh-CN-bbdfaf4b06d8,catalog.sealed_products,cb3c070f-152c-5836-989a-be715ff99e79,insert,product_type,,starter_deck
zh-CN-bbdfaf4b06d8,catalog.sealed_products,cb3c070f-152c-5836-989a-be715ff99e79,insert,native_name,,起始卡组 交相辉映GX
zh-CN-bbdfaf4b06d8,catalog.sealed_products,cb3c070f-152c-5836-989a-be715ff99e79,insert,english_display_name,,Shining Synergy GX Starter Decks
zh-CN-bbdfaf4b06d8,catalog.sealed_products,cb3c070f-152c-5836-989a-be715ff99e79,insert,product_code,,CSM2D
zh-CN-bbdfaf4b06d8,catalog.sealed_products,cb3c070f-152c-5836-989a-be715ff99e79,insert,release_date,,2023-01-18
zh-CN-f17188026f82,catalog.sealed_products,fdcc5cde-0406-5181-8b5d-c6a32002d7f4,insert,id,,fdcc5cde-0406-5181-8b5d-c6a32002d7f4
zh-CN-f17188026f82,catalog.sealed_products,fdcc5cde-0406-5181-8b5d-c6a32002d7f4,insert,game_code,,pokemon
zh-CN-f17188026f82,catalog.sealed_products,fdcc5cde-0406-5181-8b5d-c6a32002d7f4,insert,language_code,,zh-cn
zh-CN-f17188026f82,catalog.sealed_products,fdcc5cde-0406-5181-8b5d-c6a32002d7f4,insert,set_id,,c9cdce5f-5238-4671-a1d4-af181a97dd47
zh-CN-f17188026f82,catalog.sealed_products,fdcc5cde-0406-5181-8b5d-c6a32002d7f4,insert,product_type,,starter_deck
zh-CN-f17188026f82,catalog.sealed_products,fdcc5cde-0406-5181-8b5d-c6a32002d7f4,insert,native_name,,起始卡组100
zh-CN-f17188026f82,catalog.sealed_products,fdcc5cde-0406-5181-8b5d-c6a32002d7f4,insert,english_display_name,,Start Deck 100
zh-CN-f17188026f82,catalog.sealed_products,fdcc5cde-0406-5181-8b5d-c6a32002d7f4,insert,product_code,,CS4Da
zh-CN-f17188026f82,catalog.sealed_products,fdcc5cde-0406-5181-8b5d-c6a32002d7f4,insert,release_date,,2024-05-17
zh-CN-0fba1dd957df,catalog.sets,d246467e-39b6-4b52-8b8e-abaef9094fb6,update,native_name,起始卡组 横空出世GX,横空出世GX起始卡组
zh-CN-0fba1dd957df,catalog.sets,d246467e-39b6-4b52-8b8e-abaef9094fb6,update,english_display_name,Storming Emergence GX Starter Deck,Storming Emergence GX Starter Decks
zh-CN-0fba1dd957df,catalog.sealed_products,a0defc2a-7d9a-5b0f-87f6-ee3d2d8d6543,insert,id,,a0defc2a-7d9a-5b0f-87f6-ee3d2d8d6543
zh-CN-0fba1dd957df,catalog.sealed_products,a0defc2a-7d9a-5b0f-87f6-ee3d2d8d6543,insert,game_code,,pokemon
zh-CN-0fba1dd957df,catalog.sealed_products,a0defc2a-7d9a-5b0f-87f6-ee3d2d8d6543,insert,language_code,,zh-cn
zh-CN-0fba1dd957df,catalog.sealed_products,a0defc2a-7d9a-5b0f-87f6-ee3d2d8d6543,insert,set_id,,d246467e-39b6-4b52-8b8e-abaef9094fb6
zh-CN-0fba1dd957df,catalog.sealed_products,a0defc2a-7d9a-5b0f-87f6-ee3d2d8d6543,insert,product_type,,starter_deck
zh-CN-0fba1dd957df,catalog.sealed_products,a0defc2a-7d9a-5b0f-87f6-ee3d2d8d6543,insert,native_name,,横空出世GX起始卡组
zh-CN-0fba1dd957df,catalog.sealed_products,a0defc2a-7d9a-5b0f-87f6-ee3d2d8d6543,insert,english_display_name,,Storming Emergence GX Starter Decks
zh-CN-0fba1dd957df,catalog.sealed_products,a0defc2a-7d9a-5b0f-87f6-ee3d2d8d6543,insert,product_code,,CSM1D
zh-CN-0fba1dd957df,catalog.sealed_products,a0defc2a-7d9a-5b0f-87f6-ee3d2d8d6543,insert,release_date,,2022-10-28
zh-TW-de875ceeabe3,catalog.sets,6e6cb5d1-d21b-5025-ba43-fc095d240687,insert,id,,6e6cb5d1-d21b-5025-ba43-fc095d240687
zh-TW-de875ceeabe3,catalog.sets,6e6cb5d1-d21b-5025-ba43-fc095d240687,insert,game_code,,pokemon
zh-TW-de875ceeabe3,catalog.sets,6e6cb5d1-d21b-5025-ba43-fc095d240687,insert,language_code,,zh-tw
zh-TW-de875ceeabe3,catalog.sets,6e6cb5d1-d21b-5025-ba43-fc095d240687,insert,set_code,,TW-BASE
zh-TW-de875ceeabe3,catalog.sets,6e6cb5d1-d21b-5025-ba43-fc095d240687,insert,provider_set_code,,
zh-TW-de875ceeabe3,catalog.sets,6e6cb5d1-d21b-5025-ba43-fc095d240687,insert,release_date,,
zh-TW-de875ceeabe3,catalog.sets,6e6cb5d1-d21b-5025-ba43-fc095d240687,insert,printed_total,,
zh-TW-de875ceeabe3,catalog.sets,6e6cb5d1-d21b-5025-ba43-fc095d240687,insert,total,,102
zh-TW-de875ceeabe3,catalog.sets,6e6cb5d1-d21b-5025-ba43-fc095d240687,insert,native_name,,基本系列
zh-TW-de875ceeabe3,catalog.sets,6e6cb5d1-d21b-5025-ba43-fc095d240687,insert,english_display_name,,Base Set
zh-TW-e8c0625ae4df,catalog.sets,b2df11f8-269a-5f0e-8db6-428e98412a3f,insert,id,,b2df11f8-269a-5f0e-8db6-428e98412a3f
zh-TW-e8c0625ae4df,catalog.sets,b2df11f8-269a-5f0e-8db6-428e98412a3f,insert,game_code,,pokemon
zh-TW-e8c0625ae4df,catalog.sets,b2df11f8-269a-5f0e-8db6-428e98412a3f,insert,language_code,,zh-tw
zh-TW-e8c0625ae4df,catalog.sets,b2df11f8-269a-5f0e-8db6-428e98412a3f,insert,set_code,,TW-PWC
zh-TW-e8c0625ae4df,catalog.sets,b2df11f8-269a-5f0e-8db6-428e98412a3f,insert,provider_set_code,,
zh-TW-e8c0625ae4df,catalog.sets,b2df11f8-269a-5f0e-8db6-428e98412a3f,insert,release_date,,
zh-TW-e8c0625ae4df,catalog.sets,b2df11f8-269a-5f0e-8db6-428e98412a3f,insert,printed_total,,
zh-TW-e8c0625ae4df,catalog.sets,b2df11f8-269a-5f0e-8db6-428e98412a3f,insert,total,,1
zh-TW-e8c0625ae4df,catalog.sets,b2df11f8-269a-5f0e-8db6-428e98412a3f,insert,native_name,,皮卡丘世界收藏（繁體中文卡）
zh-TW-e8c0625ae4df,catalog.sets,b2df11f8-269a-5f0e-8db6-428e98412a3f,insert,english_display_name,,Pikachu World Collection — Traditional Chinese card
zh-TW-174859e51cd4,catalog.sets,2f000f3d-7c3c-5282-930e-452629ebe9b6,insert,id,,2f000f3d-7c3c-5282-930e-452629ebe9b6
zh-TW-174859e51cd4,catalog.sets,2f000f3d-7c3c-5282-930e-452629ebe9b6,insert,game_code,,pokemon
zh-TW-174859e51cd4,catalog.sets,2f000f3d-7c3c-5282-930e-452629ebe9b6,insert,language_code,,zh-tw
zh-TW-174859e51cd4,catalog.sets,2f000f3d-7c3c-5282-930e-452629ebe9b6,insert,set_code,,TW-EXLM
zh-TW-174859e51cd4,catalog.sets,2f000f3d-7c3c-5282-930e-452629ebe9b6,insert,provider_set_code,,
zh-TW-174859e51cd4,catalog.sets,2f000f3d-7c3c-5282-930e-452629ebe9b6,insert,release_date,,
zh-TW-174859e51cd4,catalog.sets,2f000f3d-7c3c-5282-930e-452629ebe9b6,insert,printed_total,,
zh-TW-174859e51cd4,catalog.sets,2f000f3d-7c3c-5282-930e-452629ebe9b6,insert,total,,93
zh-TW-174859e51cd4,catalog.sets,2f000f3d-7c3c-5282-930e-452629ebe9b6,insert,native_name,,傳說的締造者
zh-TW-174859e51cd4,catalog.sets,2f000f3d-7c3c-5282-930e-452629ebe9b6,insert,english_display_name,,EX Legend Maker
zh-TW-1d61985413dc,catalog.sealed_products,9e07cb58-27cb-5fe0-b6db-71b26d8ca73d,insert,id,,9e07cb58-27cb-5fe0-b6db-71b26d8ca73d
zh-TW-1d61985413dc,catalog.sealed_products,9e07cb58-27cb-5fe0-b6db-71b26d8ca73d,insert,game_code,,pokemon
zh-TW-1d61985413dc,catalog.sealed_products,9e07cb58-27cb-5fe0-b6db-71b26d8ca73d,insert,language_code,,zh-tw
zh-TW-1d61985413dc,catalog.sealed_products,9e07cb58-27cb-5fe0-b6db-71b26d8ca73d,insert,set_id,,
zh-TW-1d61985413dc,catalog.sealed_products,9e07cb58-27cb-5fe0-b6db-71b26d8ca73d,insert,product_type,,other
zh-TW-1d61985413dc,catalog.sealed_products,9e07cb58-27cb-5fe0-b6db-71b26d8ca73d,insert,native_name,,訓練家裝備組
zh-TW-1d61985413dc,catalog.sealed_products,9e07cb58-27cb-5fe0-b6db-71b26d8ca73d,insert,english_display_name,,EX Trainer Kit 2
zh-TW-1d61985413dc,catalog.sealed_products,9e07cb58-27cb-5fe0-b6db-71b26d8ca73d,insert,product_code,,TW-EXTK2
zh-TW-1d61985413dc,catalog.sealed_products,9e07cb58-27cb-5fe0-b6db-71b26d8ca73d,insert,release_date,,
zh-TW-0a96f0a664ca,catalog.sets,af975f66-4635-57a9-906f-aeeec6fc04d1,insert,id,,af975f66-4635-57a9-906f-aeeec6fc04d1
zh-TW-0a96f0a664ca,catalog.sets,af975f66-4635-57a9-906f-aeeec6fc04d1,insert,game_code,,pokemon
zh-TW-0a96f0a664ca,catalog.sets,af975f66-4635-57a9-906f-aeeec6fc04d1,insert,language_code,,zh-tw
zh-TW-0a96f0a664ca,catalog.sets,af975f66-4635-57a9-906f-aeeec6fc04d1,insert,set_code,,AC1a
zh-TW-0a96f0a664ca,catalog.sets,af975f66-4635-57a9-906f-aeeec6fc04d1,insert,provider_set_code,,
zh-TW-0a96f0a664ca,catalog.sets,af975f66-4635-57a9-906f-aeeec6fc04d1,insert,release_date,,2019-10-09
zh-TW-0a96f0a664ca,catalog.sets,af975f66-4635-57a9-906f-aeeec6fc04d1,insert,printed_total,,158
zh-TW-0a96f0a664ca,catalog.sets,af975f66-4635-57a9-906f-aeeec6fc04d1,insert,total,,182
zh-TW-0a96f0a664ca,catalog.sets,af975f66-4635-57a9-906f-aeeec6fc04d1,insert,native_name,,眾星雲集組合篇 SET A
zh-TW-0a96f0a664ca,catalog.sets,af975f66-4635-57a9-906f-aeeec6fc04d1,insert,english_display_name,,All Stars Collection: Set A
zh-TW-a95d29db02ae,catalog.sets,aeab271d-301f-5d99-a7b7-0f5e1b6857d6,insert,id,,aeab271d-301f-5d99-a7b7-0f5e1b6857d6
zh-TW-a95d29db02ae,catalog.sets,aeab271d-301f-5d99-a7b7-0f5e1b6857d6,insert,game_code,,pokemon
zh-TW-a95d29db02ae,catalog.sets,aeab271d-301f-5d99-a7b7-0f5e1b6857d6,insert,language_code,,zh-tw
zh-TW-a95d29db02ae,catalog.sets,aeab271d-301f-5d99-a7b7-0f5e1b6857d6,insert,set_code,,AC1b
zh-TW-a95d29db02ae,catalog.sets,aeab271d-301f-5d99-a7b7-0f5e1b6857d6,insert,provider_set_code,,
zh-TW-a95d29db02ae,catalog.sets,aeab271d-301f-5d99-a7b7-0f5e1b6857d6,insert,release_date,,2019-10-09
zh-TW-a95d29db02ae,catalog.sets,aeab271d-301f-5d99-a7b7-0f5e1b6857d6,insert,printed_total,,158
zh-TW-a95d29db02ae,catalog.sets,aeab271d-301f-5d99-a7b7-0f5e1b6857d6,insert,total,,182
zh-TW-a95d29db02ae,catalog.sets,aeab271d-301f-5d99-a7b7-0f5e1b6857d6,insert,native_name,,眾星雲集組合篇 SET B
zh-TW-a95d29db02ae,catalog.sets,aeab271d-301f-5d99-a7b7-0f5e1b6857d6,insert,english_display_name,,All Stars Collection: Set B
zh-TW-bbd57f4d265f,catalog.sealed_products,ba87a589-f085-50d1-b169-a8562efadc44,insert,id,,ba87a589-f085-50d1-b169-a8562efadc44
zh-TW-bbd57f4d265f,catalog.sealed_products,ba87a589-f085-50d1-b169-a8562efadc44,insert,game_code,,pokemon
zh-TW-bbd57f4d265f,catalog.sealed_products,ba87a589-f085-50d1-b169-a8562efadc44,insert,language_code,,zh-tw
zh-TW-bbd57f4d265f,catalog.sealed_products,ba87a589-f085-50d1-b169-a8562efadc44,insert,set_id,,
zh-TW-bbd57f4d265f,catalog.sealed_products,ba87a589-f085-50d1-b169-a8562efadc44,insert,product_type,,starter_deck
zh-TW-bbd57f4d265f,catalog.sealed_products,ba87a589-f085-50d1-b169-a8562efadc44,insert,native_name,,G超起始牌組 眾星雲集組合篇
zh-TW-bbd57f4d265f,catalog.sealed_products,ba87a589-f085-50d1-b169-a8562efadc44,insert,english_display_name,,All Stars GX Starter Deck
zh-TW-bbd57f4d265f,catalog.sealed_products,ba87a589-f085-50d1-b169-a8562efadc44,insert,product_code,,TW-GXSD-AS
zh-TW-bbd57f4d265f,catalog.sealed_products,ba87a589-f085-50d1-b169-a8562efadc44,insert,release_date,,2019-10-09
zh-TW-72025093612f,catalog.sets,c497b580-834a-5367-9d63-fbed5cebeee8,insert,id,,c497b580-834a-5367-9d63-fbed5cebeee8
zh-TW-72025093612f,catalog.sets,c497b580-834a-5367-9d63-fbed5cebeee8,insert,game_code,,pokemon
zh-TW-72025093612f,catalog.sets,c497b580-834a-5367-9d63-fbed5cebeee8,insert,language_code,,zh-tw
zh-TW-72025093612f,catalog.sets,c497b580-834a-5367-9d63-fbed5cebeee8,insert,set_code,,AC2a
zh-TW-72025093612f,catalog.sets,c497b580-834a-5367-9d63-fbed5cebeee8,insert,provider_set_code,,
zh-TW-72025093612f,catalog.sets,c497b580-834a-5367-9d63-fbed5cebeee8,insert,release_date,,2019-12-20
zh-TW-72025093612f,catalog.sets,c497b580-834a-5367-9d63-fbed5cebeee8,insert,printed_total,,
zh-TW-72025093612f,catalog.sets,c497b580-834a-5367-9d63-fbed5cebeee8,insert,total,,226
zh-TW-72025093612f,catalog.sets,c497b580-834a-5367-9d63-fbed5cebeee8,insert,native_name,,美夢成真組合篇 SET A
zh-TW-72025093612f,catalog.sets,c497b580-834a-5367-9d63-fbed5cebeee8,insert,english_display_name,,Dreams Come True Collection: Set A
zh-TW-b2b8b4361d91,catalog.sets,05b2caa8-94ca-5f2c-b2dc-6d51a8384fe5,insert,id,,05b2caa8-94ca-5f2c-b2dc-6d51a8384fe5
zh-TW-b2b8b4361d91,catalog.sets,05b2caa8-94ca-5f2c-b2dc-6d51a8384fe5,insert,game_code,,pokemon
zh-TW-b2b8b4361d91,catalog.sets,05b2caa8-94ca-5f2c-b2dc-6d51a8384fe5,insert,language_code,,zh-tw
zh-TW-b2b8b4361d91,catalog.sets,05b2caa8-94ca-5f2c-b2dc-6d51a8384fe5,insert,set_code,,AC2b
zh-TW-b2b8b4361d91,catalog.sets,05b2caa8-94ca-5f2c-b2dc-6d51a8384fe5,insert,provider_set_code,,
zh-TW-b2b8b4361d91,catalog.sets,05b2caa8-94ca-5f2c-b2dc-6d51a8384fe5,insert,release_date,,2019-12-20
zh-TW-b2b8b4361d91,catalog.sets,05b2caa8-94ca-5f2c-b2dc-6d51a8384fe5,insert,printed_total,,
zh-TW-b2b8b4361d91,catalog.sets,05b2caa8-94ca-5f2c-b2dc-6d51a8384fe5,insert,total,,225
zh-TW-b2b8b4361d91,catalog.sets,05b2caa8-94ca-5f2c-b2dc-6d51a8384fe5,insert,native_name,,美夢成真組合篇 SET B
zh-TW-b2b8b4361d91,catalog.sets,05b2caa8-94ca-5f2c-b2dc-6d51a8384fe5,insert,english_display_name,,Dreams Come True Collection: Set B
zh-TW-6f7e74c62ae7,catalog.sealed_products,b125cbf6-526b-51de-845a-1f1175f28478,insert,id,,b125cbf6-526b-51de-845a-1f1175f28478
zh-TW-6f7e74c62ae7,catalog.sealed_products,b125cbf6-526b-51de-845a-1f1175f28478,insert,game_code,,pokemon
zh-TW-6f7e74c62ae7,catalog.sealed_products,b125cbf6-526b-51de-845a-1f1175f28478,insert,language_code,,zh-tw
zh-TW-6f7e74c62ae7,catalog.sealed_products,b125cbf6-526b-51de-845a-1f1175f28478,insert,set_id,,
zh-TW-6f7e74c62ae7,catalog.sealed_products,b125cbf6-526b-51de-845a-1f1175f28478,insert,product_type,,starter_deck
zh-TW-6f7e74c62ae7,catalog.sealed_products,b125cbf6-526b-51de-845a-1f1175f28478,insert,native_name,,G超起始牌組 美夢成真組合篇
zh-TW-6f7e74c62ae7,catalog.sealed_products,b125cbf6-526b-51de-845a-1f1175f28478,insert,english_display_name,,Dreams Come True GX Starter Deck
zh-TW-6f7e74c62ae7,catalog.sealed_products,b125cbf6-526b-51de-845a-1f1175f28478,insert,product_code,,TW-GXSD-DCT
zh-TW-6f7e74c62ae7,catalog.sealed_products,b125cbf6-526b-51de-845a-1f1175f28478,insert,release_date,,2019-12-20
zh-TW-fa701929df73,catalog.sealed_products,ffba2c7b-2061-5bff-88df-81f949be824b,insert,id,,ffba2c7b-2061-5bff-88df-81f949be824b
zh-TW-fa701929df73,catalog.sealed_products,ffba2c7b-2061-5bff-88df-81f949be824b,insert,game_code,,pokemon
zh-TW-fa701929df73,catalog.sealed_products,ffba2c7b-2061-5bff-88df-81f949be824b,insert,language_code,,zh-tw
zh-TW-fa701929df73,catalog.sealed_products,ffba2c7b-2061-5bff-88df-81f949be824b,insert,set_id,,
zh-TW-fa701929df73,catalog.sealed_products,ffba2c7b-2061-5bff-88df-81f949be824b,insert,product_type,,starter_deck
zh-TW-fa701929df73,catalog.sealed_products,ffba2c7b-2061-5bff-88df-81f949be824b,insert,native_name,,G超起始牌組 雙倍爆擊
zh-TW-fa701929df73,catalog.sealed_products,ffba2c7b-2061-5bff-88df-81f949be824b,insert,english_display_name,,Double Burst GX Starter Deck
zh-TW-fa701929df73,catalog.sealed_products,ffba2c7b-2061-5bff-88df-81f949be824b,insert,product_code,,TW-GXSD-DB
zh-TW-fa701929df73,catalog.sealed_products,ffba2c7b-2061-5bff-88df-81f949be824b,insert,release_date,,2020-02-21
zh-TW-697dc026abac,catalog.sets,bd23da5f-1d02-5009-9231-3d2850e1d1fe,insert,id,,bd23da5f-1d02-5009-9231-3d2850e1d1fe
zh-TW-697dc026abac,catalog.sets,bd23da5f-1d02-5009-9231-3d2850e1d1fe,insert,game_code,,pokemon
zh-TW-697dc026abac,catalog.sets,bd23da5f-1d02-5009-9231-3d2850e1d1fe,insert,language_code,,zh-tw
zh-TW-697dc026abac,catalog.sets,bd23da5f-1d02-5009-9231-3d2850e1d1fe,insert,set_code,,AS5a
zh-TW-697dc026abac,catalog.sets,bd23da5f-1d02-5009-9231-3d2850e1d1fe,insert,provider_set_code,,
zh-TW-697dc026abac,catalog.sets,bd23da5f-1d02-5009-9231-3d2850e1d1fe,insert,release_date,,2020-02-21
zh-TW-697dc026abac,catalog.sets,bd23da5f-1d02-5009-9231-3d2850e1d1fe,insert,printed_total,,
zh-TW-697dc026abac,catalog.sets,bd23da5f-1d02-5009-9231-3d2850e1d1fe,insert,total,,230
zh-TW-697dc026abac,catalog.sets,bd23da5f-1d02-5009-9231-3d2850e1d1fe,insert,native_name,,雙倍爆擊 SET A
zh-TW-697dc026abac,catalog.sets,bd23da5f-1d02-5009-9231-3d2850e1d1fe,insert,english_display_name,,Double Burst: Set A
zh-TW-a1c2fff1a1ef,catalog.sets,85dfa422-83fc-53d1-b306-41f179e3abf4,insert,id,,85dfa422-83fc-53d1-b306-41f179e3abf4
zh-TW-a1c2fff1a1ef,catalog.sets,85dfa422-83fc-53d1-b306-41f179e3abf4,insert,game_code,,pokemon
zh-TW-a1c2fff1a1ef,catalog.sets,85dfa422-83fc-53d1-b306-41f179e3abf4,insert,language_code,,zh-tw
zh-TW-a1c2fff1a1ef,catalog.sets,85dfa422-83fc-53d1-b306-41f179e3abf4,insert,set_code,,AS5b
zh-TW-a1c2fff1a1ef,catalog.sets,85dfa422-83fc-53d1-b306-41f179e3abf4,insert,provider_set_code,,
zh-TW-a1c2fff1a1ef,catalog.sets,85dfa422-83fc-53d1-b306-41f179e3abf4,insert,release_date,,2020-02-21
zh-TW-a1c2fff1a1ef,catalog.sets,85dfa422-83fc-53d1-b306-41f179e3abf4,insert,printed_total,,
zh-TW-a1c2fff1a1ef,catalog.sets,85dfa422-83fc-53d1-b306-41f179e3abf4,insert,total,,230
zh-TW-a1c2fff1a1ef,catalog.sets,85dfa422-83fc-53d1-b306-41f179e3abf4,insert,native_name,,雙倍爆擊 SET B
zh-TW-a1c2fff1a1ef,catalog.sets,85dfa422-83fc-53d1-b306-41f179e3abf4,insert,english_display_name,,Double Burst: Set B
zh-TW-ffbc69fcb8f3,catalog.sealed_products,6a4acd2c-4370-50de-99c6-e73eaf47c152,insert,id,,6a4acd2c-4370-50de-99c6-e73eaf47c152
zh-TW-ffbc69fcb8f3,catalog.sealed_products,6a4acd2c-4370-50de-99c6-e73eaf47c152,insert,game_code,,pokemon
zh-TW-ffbc69fcb8f3,catalog.sealed_products,6a4acd2c-4370-50de-99c6-e73eaf47c152,insert,language_code,,zh-tw
zh-TW-ffbc69fcb8f3,catalog.sealed_products,6a4acd2c-4370-50de-99c6-e73eaf47c152,insert,set_id,,
zh-TW-ffbc69fcb8f3,catalog.sealed_products,6a4acd2c-4370-50de-99c6-e73eaf47c152,insert,product_type,,starter_deck
zh-TW-ffbc69fcb8f3,catalog.sealed_products,6a4acd2c-4370-50de-99c6-e73eaf47c152,insert,native_name,,G超起始牌組 傳說交鋒
zh-TW-ffbc69fcb8f3,catalog.sealed_products,6a4acd2c-4370-50de-99c6-e73eaf47c152,insert,english_display_name,,Legendary Clash GX Starter Deck
zh-TW-ffbc69fcb8f3,catalog.sealed_products,6a4acd2c-4370-50de-99c6-e73eaf47c152,insert,product_code,,TW-GXSD-LC
zh-TW-ffbc69fcb8f3,catalog.sealed_products,6a4acd2c-4370-50de-99c6-e73eaf47c152,insert,release_date,,2020-04-10
zh-TW-a3f1035342ed,catalog.sets,e3122a15-6f5a-5359-8fb9-2a4f36966e4d,insert,id,,e3122a15-6f5a-5359-8fb9-2a4f36966e4d
zh-TW-a3f1035342ed,catalog.sets,e3122a15-6f5a-5359-8fb9-2a4f36966e4d,insert,game_code,,pokemon
zh-TW-a3f1035342ed,catalog.sets,e3122a15-6f5a-5359-8fb9-2a4f36966e4d,insert,language_code,,zh-tw
zh-TW-a3f1035342ed,catalog.sets,e3122a15-6f5a-5359-8fb9-2a4f36966e4d,insert,set_code,,AS6a
zh-TW-a3f1035342ed,catalog.sets,e3122a15-6f5a-5359-8fb9-2a4f36966e4d,insert,provider_set_code,,
zh-TW-a3f1035342ed,catalog.sets,e3122a15-6f5a-5359-8fb9-2a4f36966e4d,insert,release_date,,2020-04-10
zh-TW-a3f1035342ed,catalog.sets,e3122a15-6f5a-5359-8fb9-2a4f36966e4d,insert,printed_total,,
zh-TW-a3f1035342ed,catalog.sets,e3122a15-6f5a-5359-8fb9-2a4f36966e4d,insert,total,,252
zh-TW-a3f1035342ed,catalog.sets,e3122a15-6f5a-5359-8fb9-2a4f36966e4d,insert,native_name,,傳說交鋒 SET A
zh-TW-a3f1035342ed,catalog.sets,e3122a15-6f5a-5359-8fb9-2a4f36966e4d,insert,english_display_name,,Legendary Clash: Set A
zh-TW-d8a28fa21e5b,catalog.sets,c8f751d4-e01c-5b68-a539-c575f3f28940,insert,id,,c8f751d4-e01c-5b68-a539-c575f3f28940
zh-TW-d8a28fa21e5b,catalog.sets,c8f751d4-e01c-5b68-a539-c575f3f28940,insert,game_code,,pokemon
zh-TW-d8a28fa21e5b,catalog.sets,c8f751d4-e01c-5b68-a539-c575f3f28940,insert,language_code,,zh-tw
zh-TW-d8a28fa21e5b,catalog.sets,c8f751d4-e01c-5b68-a539-c575f3f28940,insert,set_code,,AS6b
zh-TW-d8a28fa21e5b,catalog.sets,c8f751d4-e01c-5b68-a539-c575f3f28940,insert,provider_set_code,,
zh-TW-d8a28fa21e5b,catalog.sets,c8f751d4-e01c-5b68-a539-c575f3f28940,insert,release_date,,2020-04-10
zh-TW-d8a28fa21e5b,catalog.sets,c8f751d4-e01c-5b68-a539-c575f3f28940,insert,printed_total,,
zh-TW-d8a28fa21e5b,catalog.sets,c8f751d4-e01c-5b68-a539-c575f3f28940,insert,total,,252
zh-TW-d8a28fa21e5b,catalog.sets,c8f751d4-e01c-5b68-a539-c575f3f28940,insert,native_name,,傳說交鋒 SET B
zh-TW-d8a28fa21e5b,catalog.sets,c8f751d4-e01c-5b68-a539-c575f3f28940,insert,english_display_name,,Legendary Clash: Set B
zh-TW-7a214d78ab26,catalog.sets,4b4beb82-d593-4c0b-850f-3197e7dd0ac5,update,native_name,劍&盾,V起始牌組 劍&盾
zh-TW-7a214d78ab26,catalog.sets,4b4beb82-d593-4c0b-850f-3197e7dd0ac5,update,english_display_name,劍&盾,Sword & Shield V Starter Deck
zh-TW-7a214d78ab26,catalog.sealed_products,621a9c05-9ab0-5c88-bdb2-225a696f439f,insert,id,,621a9c05-9ab0-5c88-bdb2-225a696f439f
zh-TW-7a214d78ab26,catalog.sealed_products,621a9c05-9ab0-5c88-bdb2-225a696f439f,insert,game_code,,pokemon
zh-TW-7a214d78ab26,catalog.sealed_products,621a9c05-9ab0-5c88-bdb2-225a696f439f,insert,language_code,,zh-tw
zh-TW-7a214d78ab26,catalog.sealed_products,621a9c05-9ab0-5c88-bdb2-225a696f439f,insert,set_id,,4b4beb82-d593-4c0b-850f-3197e7dd0ac5
zh-TW-7a214d78ab26,catalog.sealed_products,621a9c05-9ab0-5c88-bdb2-225a696f439f,insert,product_type,,starter_deck
zh-TW-7a214d78ab26,catalog.sealed_products,621a9c05-9ab0-5c88-bdb2-225a696f439f,insert,native_name,,V起始牌組 劍&盾
zh-TW-7a214d78ab26,catalog.sealed_products,621a9c05-9ab0-5c88-bdb2-225a696f439f,insert,english_display_name,,Sword & Shield V Starter Deck
zh-TW-7a214d78ab26,catalog.sealed_products,621a9c05-9ab0-5c88-bdb2-225a696f439f,insert,product_code,,TW-VSD-SS
zh-TW-7a214d78ab26,catalog.sealed_products,621a9c05-9ab0-5c88-bdb2-225a696f439f,insert,release_date,,2020-06-19
zh-TW-08c3dcbf7c89,catalog.sets,9ebab1ca-0ebf-429c-83ed-9fe6735f9832,update,english_display_name,劍&盾 SET A,Sword & Shield: Set A
zh-TW-08c3dcbf7c89,catalog.sets,9ebab1ca-0ebf-429c-83ed-9fe6735f9832,update,total,172,187
zh-TW-1d3647011297,catalog.sets,205ab185-9052-4965-b9f0-20fe44b7b61f,update,english_display_name,劍&盾 SET B,Sword & Shield: Set B
zh-TW-1d3647011297,catalog.sets,205ab185-9052-4965-b9f0-20fe44b7b61f,update,total,171,187
zh-TW-881ba9c7b206,catalog.sets,d14fde0e-c786-41d0-93ef-6dc69cef94d0,update,native_name,無極力量,V起始牌組 無極力量
zh-TW-881ba9c7b206,catalog.sets,d14fde0e-c786-41d0-93ef-6dc69cef94d0,update,english_display_name,無極力量,Infinite Power V Starter Deck
zh-TW-881ba9c7b206,catalog.sealed_products,e9d8177a-4945-5056-b41a-c54c8ea70c2e,insert,id,,e9d8177a-4945-5056-b41a-c54c8ea70c2e
zh-TW-881ba9c7b206,catalog.sealed_products,e9d8177a-4945-5056-b41a-c54c8ea70c2e,insert,game_code,,pokemon
zh-TW-881ba9c7b206,catalog.sealed_products,e9d8177a-4945-5056-b41a-c54c8ea70c2e,insert,language_code,,zh-tw
zh-TW-881ba9c7b206,catalog.sealed_products,e9d8177a-4945-5056-b41a-c54c8ea70c2e,insert,set_id,,d14fde0e-c786-41d0-93ef-6dc69cef94d0
zh-TW-881ba9c7b206,catalog.sealed_products,e9d8177a-4945-5056-b41a-c54c8ea70c2e,insert,product_type,,starter_deck
zh-TW-881ba9c7b206,catalog.sealed_products,e9d8177a-4945-5056-b41a-c54c8ea70c2e,insert,native_name,,V起始牌組 無極力量
zh-TW-881ba9c7b206,catalog.sealed_products,e9d8177a-4945-5056-b41a-c54c8ea70c2e,insert,english_display_name,,Infinite Power V Starter Deck
zh-TW-881ba9c7b206,catalog.sealed_products,e9d8177a-4945-5056-b41a-c54c8ea70c2e,insert,product_code,,TW-VSD-IP
zh-TW-881ba9c7b206,catalog.sealed_products,e9d8177a-4945-5056-b41a-c54c8ea70c2e,insert,release_date,,2020-08-21
zh-TW-b9871021b603,catalog.sets,8c05228d-e60d-46c6-888b-c13d4b51660d,update,english_display_name,無極力量 SET A,Infinite Power: Set A
zh-TW-b9871021b603,catalog.sets,8c05228d-e60d-46c6-888b-c13d4b51660d,update,total,145,170
zh-TW-b29b74d4c92f,catalog.sets,f3b1c12f-8002-41e4-b682-9109c6628a71,update,english_display_name,無極力量 SET B,Infinite Power: Set B
zh-TW-b29b74d4c92f,catalog.sets,f3b1c12f-8002-41e4-b682-9109c6628a71,update,total,144,172
zh-TW-4fe71a34ad45,catalog.sets,ec980234-74f1-4b88-bafa-a8c84ab36d38,update,total,100,121
zh-TW-7c2698d8198c,catalog.sets,e6feffca-611b-479c-bfb2-43b80374458f,update,total,190,330
zh-TW-34fe73a731d5,catalog.sets,41251d8a-6a1c-4f91-8e84-22e2fe7737fd,update,native_name,搭檔,V起始牌組 搭檔
zh-TW-34fe73a731d5,catalog.sets,41251d8a-6a1c-4f91-8e84-22e2fe7737fd,update,english_display_name,搭檔,V Starter Deck: Partner
zh-TW-34fe73a731d5,catalog.sealed_products,7882f28c-1620-54e5-bb52-18e7f0906e15,insert,id,,7882f28c-1620-54e5-bb52-18e7f0906e15
zh-TW-34fe73a731d5,catalog.sealed_products,7882f28c-1620-54e5-bb52-18e7f0906e15,insert,game_code,,pokemon
zh-TW-34fe73a731d5,catalog.sealed_products,7882f28c-1620-54e5-bb52-18e7f0906e15,insert,language_code,,zh-tw
zh-TW-34fe73a731d5,catalog.sealed_products,7882f28c-1620-54e5-bb52-18e7f0906e15,insert,set_id,,41251d8a-6a1c-4f91-8e84-22e2fe7737fd
zh-TW-34fe73a731d5,catalog.sealed_products,7882f28c-1620-54e5-bb52-18e7f0906e15,insert,product_type,,starter_deck
zh-TW-34fe73a731d5,catalog.sealed_products,7882f28c-1620-54e5-bb52-18e7f0906e15,insert,native_name,,V起始牌組 搭檔
zh-TW-34fe73a731d5,catalog.sealed_products,7882f28c-1620-54e5-bb52-18e7f0906e15,insert,english_display_name,,V Starter Deck: Partner
zh-TW-34fe73a731d5,catalog.sealed_products,7882f28c-1620-54e5-bb52-18e7f0906e15,insert,product_code,,TW-VSD-PARTNER
zh-TW-34fe73a731d5,catalog.sealed_products,7882f28c-1620-54e5-bb52-18e7f0906e15,insert,release_date,,2020-11-27
zh-TW-22bafcb43c40,catalog.sets,fa4fe313-ee43-4824-91bd-b3a6c16aaf7c,update,english_display_name,連撃大師,Rapid Strike Master
zh-TW-22bafcb43c40,catalog.sets,fa4fe313-ee43-4824-91bd-b3a6c16aaf7c,update,total,70,91
zh-TW-9097625c11de,catalog.sets,384319e0-5887-4575-933c-5d05848e8e1f,update,english_display_name,一撃大師,Single Strike Master
zh-TW-9097625c11de,catalog.sets,384319e0-5887-4575-933c-5d05848e8e1f,update,total,70,91
zh-TW-4f37ed1f19a0,catalog.sets,5578c7d0-f386-4945-b651-65dd2f3ee2d3,update,native_name,挑戰,V起始牌組 挑戰
zh-TW-4f37ed1f19a0,catalog.sets,5578c7d0-f386-4945-b651-65dd2f3ee2d3,update,english_display_name,挑戰,V Starter Deck: Challenge
zh-TW-4f37ed1f19a0,catalog.sealed_products,a35e7688-9261-52f1-a5e3-a3cd2045583e,insert,id,,a35e7688-9261-52f1-a5e3-a3cd2045583e
zh-TW-4f37ed1f19a0,catalog.sealed_products,a35e7688-9261-52f1-a5e3-a3cd2045583e,insert,game_code,,pokemon
zh-TW-4f37ed1f19a0,catalog.sealed_products,a35e7688-9261-52f1-a5e3-a3cd2045583e,insert,language_code,,zh-tw
zh-TW-4f37ed1f19a0,catalog.sealed_products,a35e7688-9261-52f1-a5e3-a3cd2045583e,insert,set_id,,5578c7d0-f386-4945-b651-65dd2f3ee2d3
zh-TW-4f37ed1f19a0,catalog.sealed_products,a35e7688-9261-52f1-a5e3-a3cd2045583e,insert,product_type,,starter_deck
zh-TW-4f37ed1f19a0,catalog.sealed_products,a35e7688-9261-52f1-a5e3-a3cd2045583e,insert,native_name,,V起始牌組 挑戰
zh-TW-4f37ed1f19a0,catalog.sealed_products,a35e7688-9261-52f1-a5e3-a3cd2045583e,insert,english_display_name,,V Starter Deck: Challenge
zh-TW-4f37ed1f19a0,catalog.sealed_products,a35e7688-9261-52f1-a5e3-a3cd2045583e,insert,product_code,,TW-VSD-CHALLENGE
zh-TW-4f37ed1f19a0,catalog.sealed_products,a35e7688-9261-52f1-a5e3-a3cd2045583e,insert,release_date,,2021-01-29
zh-TW-4580c5755bb6,catalog.sets,8ee58e69-05d9-4aca-94be-9b1099f0aa3f,update,english_display_name,雙璧戰士,Peerless Fighters
zh-TW-4580c5755bb6,catalog.sets,8ee58e69-05d9-4aca-94be-9b1099f0aa3f,update,total,70,96
zh-TW-948804025988,catalog.sets,565ca9b6-c3b7-4398-a96a-d0dfd1bc1886,update,english_display_name,漆黑幽魂,Jet-Black Spirit
zh-TW-948804025988,catalog.sets,565ca9b6-c3b7-4398-a96a-d0dfd1bc1886,update,total,70,95
zh-TW-1ce049c3e526,catalog.sets,631ac177-7fbc-4a0f-9ec5-85660f4009cd,update,english_display_name,銀白戰槍,Silver Lance
zh-TW-1ce049c3e526,catalog.sets,631ac177-7fbc-4a0f-9ec5-85660f4009cd,update,total,70,95
zh-TW-0a24fa37675e,catalog.sets,b4dbdf8f-b0ec-4185-8e74-0c3b2b0e7648,update,english_display_name,伊布英雄,Eevee Heroes
zh-TW-0a24fa37675e,catalog.sets,b4dbdf8f-b0ec-4185-8e74-0c3b2b0e7648,update,total,69,101
zh-TW-e025c97a3003,catalog.sets,c816b27f-f145-413b-b971-3f7b1542f24c,update,native_name,進化,V起始牌組 進化
zh-TW-e025c97a3003,catalog.sets,c816b27f-f145-413b-b971-3f7b1542f24c,update,english_display_name,Evolution,V Starter Deck: Evolution
zh-TW-e025c97a3003,catalog.sealed_products,981df187-9b9d-5563-afd3-afdd29392a51,insert,id,,981df187-9b9d-5563-afd3-afdd29392a51
zh-TW-e025c97a3003,catalog.sealed_products,981df187-9b9d-5563-afd3-afdd29392a51,insert,game_code,,pokemon
zh-TW-e025c97a3003,catalog.sealed_products,981df187-9b9d-5563-afd3-afdd29392a51,insert,language_code,,zh-tw
zh-TW-e025c97a3003,catalog.sealed_products,981df187-9b9d-5563-afd3-afdd29392a51,insert,set_id,,c816b27f-f145-413b-b971-3f7b1542f24c
zh-TW-e025c97a3003,catalog.sealed_products,981df187-9b9d-5563-afd3-afdd29392a51,insert,product_type,,starter_deck
zh-TW-e025c97a3003,catalog.sealed_products,981df187-9b9d-5563-afd3-afdd29392a51,insert,native_name,,V起始牌組 進化
zh-TW-e025c97a3003,catalog.sealed_products,981df187-9b9d-5563-afd3-afdd29392a51,insert,english_display_name,,V Starter Deck: Evolution
zh-TW-e025c97a3003,catalog.sealed_products,981df187-9b9d-5563-afd3-afdd29392a51,insert,product_code,,TW-VSD-EVOLUTION
zh-TW-e025c97a3003,catalog.sealed_products,981df187-9b9d-5563-afd3-afdd29392a51,insert,release_date,,2021-06-11
zh-TW-0896e483a152,catalog.sets,dfc21eb0-e33a-4cc8-b368-82e5bafa71da,update,english_display_name,蒼空烈流,Blue Sky Stream
zh-TW-0896e483a152,catalog.sets,dfc21eb0-e33a-4cc8-b368-82e5bafa71da,update,total,67,90
zh-TW-3c7f9a347753,catalog.sets,4a00009f-25a3-4dce-83dd-7bc6b757c046,update,english_display_name,摩天巔峰,Skyscraping Perfection
zh-TW-3c7f9a347753,catalog.sets,4a00009f-25a3-4dce-83dd-7bc6b757c046,update,total,67,90
zh-TW-ea9bed1e2837,catalog.sets,929a6c13-5b43-4aba-b887-1f86cc94ce31,update,english_display_name,寶可夢卡牌家庭組合,Family Pokémon Card Game
zh-TW-ea9bed1e2837,catalog.sets,929a6c13-5b43-4aba-b887-1f86cc94ce31,update,release_date,2021-06-28,2021-08-06
zh-TW-ea9bed1e2837,catalog.sets,929a6c13-5b43-4aba-b887-1f86cc94ce31,update,total,59,78
zh-TW-ea9bed1e2837,catalog.sealed_products,938d6c79-384c-5a7f-839d-d647fa6d9fea,insert,id,,938d6c79-384c-5a7f-839d-d647fa6d9fea
zh-TW-ea9bed1e2837,catalog.sealed_products,938d6c79-384c-5a7f-839d-d647fa6d9fea,insert,game_code,,pokemon
zh-TW-ea9bed1e2837,catalog.sealed_products,938d6c79-384c-5a7f-839d-d647fa6d9fea,insert,language_code,,zh-tw
zh-TW-ea9bed1e2837,catalog.sealed_products,938d6c79-384c-5a7f-839d-d647fa6d9fea,insert,set_id,,929a6c13-5b43-4aba-b887-1f86cc94ce31
zh-TW-ea9bed1e2837,catalog.sealed_products,938d6c79-384c-5a7f-839d-d647fa6d9fea,insert,product_type,,other
zh-TW-ea9bed1e2837,catalog.sealed_products,938d6c79-384c-5a7f-839d-d647fa6d9fea,insert,native_name,,寶可夢卡牌家庭組合
zh-TW-ea9bed1e2837,catalog.sealed_products,938d6c79-384c-5a7f-839d-d647fa6d9fea,insert,english_display_name,,Family Pokémon Card Game
zh-TW-ea9bed1e2837,catalog.sealed_products,938d6c79-384c-5a7f-839d-d647fa6d9fea,insert,product_code,,TW-FAMILY
zh-TW-ea9bed1e2837,catalog.sealed_products,938d6c79-384c-5a7f-839d-d647fa6d9fea,insert,release_date,,2021-08-06
zh-TW-1e56408052d8,catalog.sealed_products,985f0c95-1066-554d-86a3-906e48822b8b,insert,id,,985f0c95-1066-554d-86a3-906e48822b8b
zh-TW-1e56408052d8,catalog.sealed_products,985f0c95-1066-554d-86a3-906e48822b8b,insert,game_code,,pokemon
zh-TW-1e56408052d8,catalog.sealed_products,985f0c95-1066-554d-86a3-906e48822b8b,insert,language_code,,zh-tw
zh-TW-1e56408052d8,catalog.sealed_products,985f0c95-1066-554d-86a3-906e48822b8b,insert,set_id,,
zh-TW-1e56408052d8,catalog.sealed_products,985f0c95-1066-554d-86a3-906e48822b8b,insert,product_type,,other
zh-TW-1e56408052d8,catalog.sealed_products,985f0c95-1066-554d-86a3-906e48822b8b,insert,native_name,,甲賀忍蛙V-UNION
zh-TW-1e56408052d8,catalog.sealed_products,985f0c95-1066-554d-86a3-906e48822b8b,insert,english_display_name,,Greninja V-UNION
zh-TW-1e56408052d8,catalog.sealed_products,985f0c95-1066-554d-86a3-906e48822b8b,insert,product_code,,TW-VUN-GREN
zh-TW-1e56408052d8,catalog.sealed_products,985f0c95-1066-554d-86a3-906e48822b8b,insert,release_date,,2021-08-27
zh-TW-4be3f10dba4e,catalog.sealed_products,d37c4642-9bb0-53cc-ad78-b10e5536e393,insert,id,,d37c4642-9bb0-53cc-ad78-b10e5536e393
zh-TW-4be3f10dba4e,catalog.sealed_products,d37c4642-9bb0-53cc-ad78-b10e5536e393,insert,game_code,,pokemon
zh-TW-4be3f10dba4e,catalog.sealed_products,d37c4642-9bb0-53cc-ad78-b10e5536e393,insert,language_code,,zh-tw
zh-TW-4be3f10dba4e,catalog.sealed_products,d37c4642-9bb0-53cc-ad78-b10e5536e393,insert,set_id,,
zh-TW-4be3f10dba4e,catalog.sealed_products,d37c4642-9bb0-53cc-ad78-b10e5536e393,insert,product_type,,other
zh-TW-4be3f10dba4e,catalog.sealed_products,d37c4642-9bb0-53cc-ad78-b10e5536e393,insert,native_name,,超夢V-UNION
zh-TW-4be3f10dba4e,catalog.sealed_products,d37c4642-9bb0-53cc-ad78-b10e5536e393,insert,english_display_name,,Mewtwo V-UNION
zh-TW-4be3f10dba4e,catalog.sealed_products,d37c4642-9bb0-53cc-ad78-b10e5536e393,insert,product_code,,TW-VUN-MEWTWO
zh-TW-4be3f10dba4e,catalog.sealed_products,d37c4642-9bb0-53cc-ad78-b10e5536e393,insert,release_date,,2021-08-27
zh-TW-fd587194a3dc,catalog.sealed_products,61495a2e-af1b-5fd0-ae68-0f5215b25617,insert,id,,61495a2e-af1b-5fd0-ae68-0f5215b25617
zh-TW-fd587194a3dc,catalog.sealed_products,61495a2e-af1b-5fd0-ae68-0f5215b25617,insert,game_code,,pokemon
zh-TW-fd587194a3dc,catalog.sealed_products,61495a2e-af1b-5fd0-ae68-0f5215b25617,insert,language_code,,zh-tw
zh-TW-fd587194a3dc,catalog.sealed_products,61495a2e-af1b-5fd0-ae68-0f5215b25617,insert,set_id,,
zh-TW-fd587194a3dc,catalog.sealed_products,61495a2e-af1b-5fd0-ae68-0f5215b25617,insert,product_type,,other
zh-TW-fd587194a3dc,catalog.sealed_products,61495a2e-af1b-5fd0-ae68-0f5215b25617,insert,native_name,,蒼響V-UNION
zh-TW-fd587194a3dc,catalog.sealed_products,61495a2e-af1b-5fd0-ae68-0f5215b25617,insert,english_display_name,,Zacian V-UNION
zh-TW-fd587194a3dc,catalog.sealed_products,61495a2e-af1b-5fd0-ae68-0f5215b25617,insert,product_code,,TW-VUN-ZACIAN
zh-TW-fd587194a3dc,catalog.sealed_products,61495a2e-af1b-5fd0-ae68-0f5215b25617,insert,release_date,,2021-08-27
zh-TW-ed2b47d834a0,catalog.sets,87c0562d-f7e7-4395-8a2a-a17705341951,update,english_display_name,匯流藝術,Fusion Arts
zh-TW-ed2b47d834a0,catalog.sets,87c0562d-f7e7-4395-8a2a-a17705341951,update,total,100,129
zh-TW-b504d14277db,catalog.sets,70184f97-2d37-457a-8ae4-21a4b40d270c,update,native_name,強大,V起始牌組 強大
zh-TW-b504d14277db,catalog.sets,70184f97-2d37-457a-8ae4-21a4b40d270c,update,english_display_name,強大,V Starter Deck: Power
zh-TW-b504d14277db,catalog.sealed_products,d2c23a44-d1e0-546d-aa0d-6fb0997f8998,insert,id,,d2c23a44-d1e0-546d-aa0d-6fb0997f8998
zh-TW-b504d14277db,catalog.sealed_products,d2c23a44-d1e0-546d-aa0d-6fb0997f8998,insert,game_code,,pokemon
zh-TW-b504d14277db,catalog.sealed_products,d2c23a44-d1e0-546d-aa0d-6fb0997f8998,insert,language_code,,zh-tw
zh-TW-b504d14277db,catalog.sealed_products,d2c23a44-d1e0-546d-aa0d-6fb0997f8998,insert,set_id,,70184f97-2d37-457a-8ae4-21a4b40d270c
zh-TW-b504d14277db,catalog.sealed_products,d2c23a44-d1e0-546d-aa0d-6fb0997f8998,insert,product_type,,starter_deck
zh-TW-b504d14277db,catalog.sealed_products,d2c23a44-d1e0-546d-aa0d-6fb0997f8998,insert,native_name,,V起始牌組 強大
zh-TW-b504d14277db,catalog.sealed_products,d2c23a44-d1e0-546d-aa0d-6fb0997f8998,insert,english_display_name,,V Starter Deck: Power
zh-TW-b504d14277db,catalog.sealed_products,d2c23a44-d1e0-546d-aa0d-6fb0997f8998,insert,product_code,,TW-VSD-POWER
zh-TW-b504d14277db,catalog.sealed_products,d2c23a44-d1e0-546d-aa0d-6fb0997f8998,insert,release_date,,2021-10-01
zh-TW-0b27f7830bd5,catalog.sets,52d0226c-123a-4b62-bcc4-0433b5afb56f,update,english_display_name,25週年收藏款,25th Anniversary Collection
zh-TW-0b27f7830bd5,catalog.sets,52d0226c-123a-4b62-bcc4-0433b5afb56f,update,total,33,30
zh-TW-3f0100ff734e,catalog.sets,7201a603-407b-491c-b118-467f6549e400,update,total,184,285
zh-TW-da84927efd3c,catalog.sets,1217161f-69bf-4176-acce-93f23e475d04,update,english_display_name,頂級訓練家收藏箱 VSTAR,Premium Trainer Box VSTAR
zh-TW-da84927efd3c,catalog.sets,1217161f-69bf-4176-acce-93f23e475d04,update,total,30,38
zh-TW-da84927efd3c,catalog.sealed_products,2eff9b87-44c1-58c9-9e6d-56af9f3907b7,insert,id,,2eff9b87-44c1-58c9-9e6d-56af9f3907b7
zh-TW-da84927efd3c,catalog.sealed_products,2eff9b87-44c1-58c9-9e6d-56af9f3907b7,insert,game_code,,pokemon
zh-TW-da84927efd3c,catalog.sealed_products,2eff9b87-44c1-58c9-9e6d-56af9f3907b7,insert,language_code,,zh-tw
zh-TW-da84927efd3c,catalog.sealed_products,2eff9b87-44c1-58c9-9e6d-56af9f3907b7,insert,set_id,,1217161f-69bf-4176-acce-93f23e475d04
zh-TW-da84927efd3c,catalog.sealed_products,2eff9b87-44c1-58c9-9e6d-56af9f3907b7,insert,product_type,,other
zh-TW-da84927efd3c,catalog.sealed_products,2eff9b87-44c1-58c9-9e6d-56af9f3907b7,insert,native_name,,頂級訓練家收藏箱 VSTAR
zh-TW-da84927efd3c,catalog.sealed_products,2eff9b87-44c1-58c9-9e6d-56af9f3907b7,insert,english_display_name,,Premium Trainer Box VSTAR
zh-TW-da84927efd3c,catalog.sealed_products,2eff9b87-44c1-58c9-9e6d-56af9f3907b7,insert,product_code,,TW-PTB-VSTAR
zh-TW-da84927efd3c,catalog.sealed_products,2eff9b87-44c1-58c9-9e6d-56af9f3907b7,insert,release_date,,2022-01-28
zh-TW-49aecb4f6801,catalog.sets,6c446b0c-155d-4926-b0ee-5369f6ac44d3,update,native_name,藏瑪然特VS無極汰那,特別牌組組合 蒼響・藏瑪然特VS無極汰那
zh-TW-49aecb4f6801,catalog.sets,6c446b0c-155d-4926-b0ee-5369f6ac44d3,update,english_display_name,藏瑪然特VS無極汰那,Special Deck Set: Zacian & Zamazenta vs Eternatus
zh-TW-49aecb4f6801,catalog.sealed_products,73473388-a38d-5ca7-afbb-e0a98d287b57,insert,id,,73473388-a38d-5ca7-afbb-e0a98d287b57
zh-TW-49aecb4f6801,catalog.sealed_products,73473388-a38d-5ca7-afbb-e0a98d287b57,insert,game_code,,pokemon
zh-TW-49aecb4f6801,catalog.sealed_products,73473388-a38d-5ca7-afbb-e0a98d287b57,insert,language_code,,zh-tw
zh-TW-49aecb4f6801,catalog.sealed_products,73473388-a38d-5ca7-afbb-e0a98d287b57,insert,set_id,,6c446b0c-155d-4926-b0ee-5369f6ac44d3
zh-TW-49aecb4f6801,catalog.sealed_products,73473388-a38d-5ca7-afbb-e0a98d287b57,insert,product_type,,starter_deck
zh-TW-49aecb4f6801,catalog.sealed_products,73473388-a38d-5ca7-afbb-e0a98d287b57,insert,native_name,,特別牌組組合 蒼響・藏瑪然特VS無極汰那
zh-TW-49aecb4f6801,catalog.sealed_products,73473388-a38d-5ca7-afbb-e0a98d287b57,insert,english_display_name,,Special Deck Set: Zacian & Zamazenta vs Eternatus
zh-TW-49aecb4f6801,catalog.sealed_products,73473388-a38d-5ca7-afbb-e0a98d287b57,insert,product_code,,TW-SDS-ZZE
zh-TW-49aecb4f6801,catalog.sealed_products,73473388-a38d-5ca7-afbb-e0a98d287b57,insert,release_date,,2022-01-28
zh-TW-e2c3f070ae3a,catalog.sets,ec704d48-6e26-4489-9063-4eb4f5924233,update,english_display_name,星星誕生,Star Birth
zh-TW-e2c3f070ae3a,catalog.sets,ec704d48-6e26-4489-9063-4eb4f5924233,update,total,100,127
zh-TW-79452a9b4969,catalog.sets,749e4fbd-3eda-46e3-8a89-c6244595e6a2,update,english_display_name,初階牌組100,Start Deck 100
zh-TW-79452a9b4969,catalog.sealed_products,a7b9817d-6031-5ec1-b7f9-2bde86712a22,insert,id,,a7b9817d-6031-5ec1-b7f9-2bde86712a22
zh-TW-79452a9b4969,catalog.sealed_products,a7b9817d-6031-5ec1-b7f9-2bde86712a22,insert,game_code,,pokemon
zh-TW-79452a9b4969,catalog.sealed_products,a7b9817d-6031-5ec1-b7f9-2bde86712a22,insert,language_code,,zh-tw
zh-TW-79452a9b4969,catalog.sealed_products,a7b9817d-6031-5ec1-b7f9-2bde86712a22,insert,set_id,,749e4fbd-3eda-46e3-8a89-c6244595e6a2
zh-TW-79452a9b4969,catalog.sealed_products,a7b9817d-6031-5ec1-b7f9-2bde86712a22,insert,product_type,,starter_deck
zh-TW-79452a9b4969,catalog.sealed_products,a7b9817d-6031-5ec1-b7f9-2bde86712a22,insert,native_name,,初階牌組100
zh-TW-79452a9b4969,catalog.sealed_products,a7b9817d-6031-5ec1-b7f9-2bde86712a22,insert,english_display_name,,Start Deck 100
zh-TW-79452a9b4969,catalog.sealed_products,a7b9817d-6031-5ec1-b7f9-2bde86712a22,insert,product_code,,SI
zh-TW-79452a9b4969,catalog.sealed_products,a7b9817d-6031-5ec1-b7f9-2bde86712a22,insert,release_date,,2022-02-18
zh-TW-ebfd52323273,catalog.sets,834c9416-bd5e-4a1d-9170-d8e4ba817d20,update,english_display_name,對戰地區,Battle Region
zh-TW-ebfd52323273,catalog.sets,834c9416-bd5e-4a1d-9170-d8e4ba817d20,update,total,67,93
zh-TW-c1e632571ef2,catalog.sets,99d2cff9-6664-4b0f-8e9a-f9c9ed4fd563,update,english_display_name,起始組合VSTAR 達克萊伊,Starter Set VSTAR: Darkrai
zh-TW-c1e632571ef2,catalog.sealed_products,4acfbab0-027f-544f-8c27-196591388a36,insert,id,,4acfbab0-027f-544f-8c27-196591388a36
zh-TW-c1e632571ef2,catalog.sealed_products,4acfbab0-027f-544f-8c27-196591388a36,insert,game_code,,pokemon
zh-TW-c1e632571ef2,catalog.sealed_products,4acfbab0-027f-544f-8c27-196591388a36,insert,language_code,,zh-tw
zh-TW-c1e632571ef2,catalog.sealed_products,4acfbab0-027f-544f-8c27-196591388a36,insert,set_id,,99d2cff9-6664-4b0f-8e9a-f9c9ed4fd563
zh-TW-c1e632571ef2,catalog.sealed_products,4acfbab0-027f-544f-8c27-196591388a36,insert,product_type,,other
zh-TW-c1e632571ef2,catalog.sealed_products,4acfbab0-027f-544f-8c27-196591388a36,insert,native_name,,起始組合VSTAR 達克萊伊
zh-TW-c1e632571ef2,catalog.sealed_products,4acfbab0-027f-544f-8c27-196591388a36,insert,english_display_name,,Starter Set VSTAR: Darkrai
zh-TW-c1e632571ef2,catalog.sealed_products,4acfbab0-027f-544f-8c27-196591388a36,insert,product_code,,TW-SSV-DARKRAI
zh-TW-c1e632571ef2,catalog.sealed_products,4acfbab0-027f-544f-8c27-196591388a36,insert,release_date,,2022-03-11
zh-TW-9b45ecdadbd5,catalog.sets,c1a9f285-94bb-40a6-acef-547a5a0b0fb0,update,english_display_name,起始組合VSTAR 路卡利歐,Starter Set VSTAR: Lucario
zh-TW-9b45ecdadbd5,catalog.sealed_products,625fd9bb-cb4d-5ead-a64e-3b59cacba546,insert,id,,625fd9bb-cb4d-5ead-a64e-3b59cacba546
zh-TW-9b45ecdadbd5,catalog.sealed_products,625fd9bb-cb4d-5ead-a64e-3b59cacba546,insert,game_code,,pokemon
zh-TW-9b45ecdadbd5,catalog.sealed_products,625fd9bb-cb4d-5ead-a64e-3b59cacba546,insert,language_code,,zh-tw
zh-TW-9b45ecdadbd5,catalog.sealed_products,625fd9bb-cb4d-5ead-a64e-3b59cacba546,insert,set_id,,c1a9f285-94bb-40a6-acef-547a5a0b0fb0
zh-TW-9b45ecdadbd5,catalog.sealed_products,625fd9bb-cb4d-5ead-a64e-3b59cacba546,insert,product_type,,other
zh-TW-9b45ecdadbd5,catalog.sealed_products,625fd9bb-cb4d-5ead-a64e-3b59cacba546,insert,native_name,,起始組合VSTAR 路卡利歐
zh-TW-9b45ecdadbd5,catalog.sealed_products,625fd9bb-cb4d-5ead-a64e-3b59cacba546,insert,english_display_name,,Starter Set VSTAR: Lucario
zh-TW-9b45ecdadbd5,catalog.sealed_products,625fd9bb-cb4d-5ead-a64e-3b59cacba546,insert,product_code,,TW-SSV-LUCARIO
zh-TW-9b45ecdadbd5,catalog.sealed_products,625fd9bb-cb4d-5ead-a64e-3b59cacba546,insert,release_date,,2022-03-11
zh-TW-eaa598c96da0,catalog.sets,71a109c6-2c3a-4e6d-ae1b-4cdce9441c8c,update,english_display_name,空間魔術師,Space Juggler
zh-TW-eaa598c96da0,catalog.sets,71a109c6-2c3a-4e6d-ae1b-4cdce9441c8c,update,total,67,88
zh-TW-2fb8917a506c,catalog.sets,fd0c18a1-c4c3-451d-a43f-4593cd07804e,update,english_display_name,時間觀察者,Time Gazer
zh-TW-2fb8917a506c,catalog.sets,fd0c18a1-c4c3-451d-a43f-4593cd07804e,update,total,67,88
zh-TW-34c58ef32c27,catalog.sets,9a71e2aa-241a-4895-9224-959e6983c4a3,update,english_display_name,黑暗亡靈,Dark Phantasma
zh-TW-34c58ef32c27,catalog.sets,9a71e2aa-241a-4895-9224-959e6983c4a3,update,total,71,99
zh-TW-e470539f39cb,catalog.sets,ff1e5d11-3043-4137-a0a2-bc2b2da43d9e,update,total,79,93
zh-TW-94514bb5b58e,catalog.sets,a7f84e96-a008-47f0-8b41-a05de3f23618,update,native_name,三連音爆,迷途深淵
zh-TW-94514bb5b58e,catalog.sets,a7f84e96-a008-47f0-8b41-a05de3f23618,update,english_display_name,三連音爆,Lost Abyss
zh-TW-94514bb5b58e,catalog.sets,a7f84e96-a008-47f0-8b41-a05de3f23618,update,total,100,127
zh-TW-b04e14397ea6,catalog.sets,2d2c36be-9511-4b30-9979-ad6af1a4f9ee,update,english_display_name,VSTAR&VMAX 高級牌組 代歐奇希斯,VSTAR & VMAX High-Class Deck: Deoxys
zh-TW-b04e14397ea6,catalog.sealed_products,b9a9d951-ecda-5308-ac2a-cae0f9ed0f1a,insert,id,,b9a9d951-ecda-5308-ac2a-cae0f9ed0f1a
zh-TW-b04e14397ea6,catalog.sealed_products,b9a9d951-ecda-5308-ac2a-cae0f9ed0f1a,insert,game_code,,pokemon
zh-TW-b04e14397ea6,catalog.sealed_products,b9a9d951-ecda-5308-ac2a-cae0f9ed0f1a,insert,language_code,,zh-tw
zh-TW-b04e14397ea6,catalog.sealed_products,b9a9d951-ecda-5308-ac2a-cae0f9ed0f1a,insert,set_id,,2d2c36be-9511-4b30-9979-ad6af1a4f9ee
zh-TW-b04e14397ea6,catalog.sealed_products,b9a9d951-ecda-5308-ac2a-cae0f9ed0f1a,insert,product_type,,starter_deck
zh-TW-b04e14397ea6,catalog.sealed_products,b9a9d951-ecda-5308-ac2a-cae0f9ed0f1a,insert,native_name,,VSTAR&VMAX 高級牌組 代歐奇希斯
zh-TW-b04e14397ea6,catalog.sealed_products,b9a9d951-ecda-5308-ac2a-cae0f9ed0f1a,insert,english_display_name,,VSTAR & VMAX High-Class Deck: Deoxys
zh-TW-b04e14397ea6,catalog.sealed_products,b9a9d951-ecda-5308-ac2a-cae0f9ed0f1a,insert,product_code,,TW-HCD-DEOXYS
zh-TW-b04e14397ea6,catalog.sealed_products,b9a9d951-ecda-5308-ac2a-cae0f9ed0f1a,insert,release_date,,2022-08-26
zh-TW-d5f405f1ae6f,catalog.sets,0dc7982d-2a45-4984-b930-0d4e688d4fa9,update,english_display_name,VSTAR&VMAX 高級牌組 捷拉奧拉,VSTAR & VMAX High-Class Deck: Zeraora
zh-TW-d5f405f1ae6f,catalog.sealed_products,053a8714-4d78-568f-8c53-af9e6150db5e,insert,id,,053a8714-4d78-568f-8c53-af9e6150db5e
zh-TW-d5f405f1ae6f,catalog.sealed_products,053a8714-4d78-568f-8c53-af9e6150db5e,insert,game_code,,pokemon
zh-TW-d5f405f1ae6f,catalog.sealed_products,053a8714-4d78-568f-8c53-af9e6150db5e,insert,language_code,,zh-tw
zh-TW-d5f405f1ae6f,catalog.sealed_products,053a8714-4d78-568f-8c53-af9e6150db5e,insert,set_id,,0dc7982d-2a45-4984-b930-0d4e688d4fa9
zh-TW-d5f405f1ae6f,catalog.sealed_products,053a8714-4d78-568f-8c53-af9e6150db5e,insert,product_type,,starter_deck
zh-TW-d5f405f1ae6f,catalog.sealed_products,053a8714-4d78-568f-8c53-af9e6150db5e,insert,native_name,,VSTAR&VMAX 高級牌組 捷拉奧拉
zh-TW-d5f405f1ae6f,catalog.sealed_products,053a8714-4d78-568f-8c53-af9e6150db5e,insert,english_display_name,,VSTAR & VMAX High-Class Deck: Zeraora
zh-TW-d5f405f1ae6f,catalog.sealed_products,053a8714-4d78-568f-8c53-af9e6150db5e,insert,product_code,,SPZ
zh-TW-d5f405f1ae6f,catalog.sealed_products,053a8714-4d78-568f-8c53-af9e6150db5e,insert,release_date,,2022-08-26
zh-TW-c31260236d59,catalog.sets,b29d2b28-f5a2-474a-9173-0d29fb5aeb55,update,english_display_name,VSTAR特別組合,VSTAR Special Set
zh-TW-c31260236d59,catalog.sealed_products,1f44f8c1-8c28-54dc-8387-ecdbaed65eb7,insert,id,,1f44f8c1-8c28-54dc-8387-ecdbaed65eb7
zh-TW-c31260236d59,catalog.sealed_products,1f44f8c1-8c28-54dc-8387-ecdbaed65eb7,insert,game_code,,pokemon
zh-TW-c31260236d59,catalog.sealed_products,1f44f8c1-8c28-54dc-8387-ecdbaed65eb7,insert,language_code,,zh-tw
zh-TW-c31260236d59,catalog.sealed_products,1f44f8c1-8c28-54dc-8387-ecdbaed65eb7,insert,set_id,,b29d2b28-f5a2-474a-9173-0d29fb5aeb55
zh-TW-c31260236d59,catalog.sealed_products,1f44f8c1-8c28-54dc-8387-ecdbaed65eb7,insert,product_type,,other
zh-TW-c31260236d59,catalog.sealed_products,1f44f8c1-8c28-54dc-8387-ecdbaed65eb7,insert,native_name,,VSTAR特別組合
zh-TW-c31260236d59,catalog.sealed_products,1f44f8c1-8c28-54dc-8387-ecdbaed65eb7,insert,english_display_name,,VSTAR Special Set
zh-TW-c31260236d59,catalog.sealed_products,1f44f8c1-8c28-54dc-8387-ecdbaed65eb7,insert,product_code,,TW-VSTAR-SS
zh-TW-c31260236d59,catalog.sealed_products,1f44f8c1-8c28-54dc-8387-ecdbaed65eb7,insert,release_date,,2022-08-26
zh-TW-0cda223fc777,catalog.sets,545b8020-25d6-4e10-b380-1856f905956f,update,english_display_name,白熱奧祕,Incandescent Arcana
zh-TW-0cda223fc777,catalog.sets,545b8020-25d6-4e10-b380-1856f905956f,update,total,68,94
zh-TW-1d3741cdbc9b,catalog.sets,9932f014-e867-49a3-8597-424386f59ba5,update,english_display_name,初階牌組100 特別版,Start Deck 100 Special Edition
zh-TW-1d3741cdbc9b,catalog.sealed_products,b5d74eb6-1fec-5d56-8e31-35b5d5727704,insert,id,,b5d74eb6-1fec-5d56-8e31-35b5d5727704
zh-TW-1d3741cdbc9b,catalog.sealed_products,b5d74eb6-1fec-5d56-8e31-35b5d5727704,insert,game_code,,pokemon
zh-TW-1d3741cdbc9b,catalog.sealed_products,b5d74eb6-1fec-5d56-8e31-35b5d5727704,insert,language_code,,zh-tw
zh-TW-1d3741cdbc9b,catalog.sealed_products,b5d74eb6-1fec-5d56-8e31-35b5d5727704,insert,set_id,,9932f014-e867-49a3-8597-424386f59ba5
zh-TW-1d3741cdbc9b,catalog.sealed_products,b5d74eb6-1fec-5d56-8e31-35b5d5727704,insert,product_type,,starter_deck
zh-TW-1d3741cdbc9b,catalog.sealed_products,b5d74eb6-1fec-5d56-8e31-35b5d5727704,insert,native_name,,初階牌組100 特別版
zh-TW-1d3741cdbc9b,catalog.sealed_products,b5d74eb6-1fec-5d56-8e31-35b5d5727704,insert,english_display_name,,Start Deck 100 Special Edition
zh-TW-1d3741cdbc9b,catalog.sealed_products,b5d74eb6-1fec-5d56-8e31-35b5d5727704,insert,product_code,,TW-SI-SP
zh-TW-1d3741cdbc9b,catalog.sealed_products,b5d74eb6-1fec-5d56-8e31-35b5d5727704,insert,release_date,,2022-10-02
zh-TW-5be09528cd62,catalog.sets,eb834c9a-e8b3-474b-8ddb-6f57bf58d3d2,update,english_display_name,思維激盪,Paradigm Trigger
zh-TW-5be09528cd62,catalog.sets,eb834c9a-e8b3-474b-8ddb-6f57bf58d3d2,update,total,114,125
zh-TW-35e579fae35b,catalog.sets,86911534-c30a-4701-9443-2eb4916d2fe8,update,native_name,噴火龍,V初階牌組 噴火龍
zh-TW-35e579fae35b,catalog.sets,86911534-c30a-4701-9443-2eb4916d2fe8,update,english_display_name,噴火龍,V Start Deck: Charizard
zh-TW-35e579fae35b,catalog.sealed_products,e8dd40fb-208b-5e01-8d77-7ea40b56adb1,insert,id,,e8dd40fb-208b-5e01-8d77-7ea40b56adb1
zh-TW-35e579fae35b,catalog.sealed_products,e8dd40fb-208b-5e01-8d77-7ea40b56adb1,insert,game_code,,pokemon
zh-TW-35e579fae35b,catalog.sealed_products,e8dd40fb-208b-5e01-8d77-7ea40b56adb1,insert,language_code,,zh-tw
zh-TW-35e579fae35b,catalog.sealed_products,e8dd40fb-208b-5e01-8d77-7ea40b56adb1,insert,set_id,,86911534-c30a-4701-9443-2eb4916d2fe8
zh-TW-35e579fae35b,catalog.sealed_products,e8dd40fb-208b-5e01-8d77-7ea40b56adb1,insert,product_type,,starter_deck
zh-TW-35e579fae35b,catalog.sealed_products,e8dd40fb-208b-5e01-8d77-7ea40b56adb1,insert,native_name,,V初階牌組 噴火龍
zh-TW-35e579fae35b,catalog.sealed_products,e8dd40fb-208b-5e01-8d77-7ea40b56adb1,insert,english_display_name,,V Start Deck: Charizard
zh-TW-35e579fae35b,catalog.sealed_products,e8dd40fb-208b-5e01-8d77-7ea40b56adb1,insert,product_code,,TW-VSD-CHARIZARD
zh-TW-35e579fae35b,catalog.sealed_products,e8dd40fb-208b-5e01-8d77-7ea40b56adb1,insert,release_date,,2022-11-04
zh-TW-a438f4fbf85e,catalog.sets,1ff38683-60fc-448a-9e8e-f6096dd8608b,update,native_name,超夢,V初階牌組 超夢
zh-TW-a438f4fbf85e,catalog.sets,1ff38683-60fc-448a-9e8e-f6096dd8608b,update,english_display_name,超夢,V Start Deck: Mewtwo
zh-TW-a438f4fbf85e,catalog.sealed_products,6097516d-2402-5609-976d-07fb784641fb,insert,id,,6097516d-2402-5609-976d-07fb784641fb
zh-TW-a438f4fbf85e,catalog.sealed_products,6097516d-2402-5609-976d-07fb784641fb,insert,game_code,,pokemon
zh-TW-a438f4fbf85e,catalog.sealed_products,6097516d-2402-5609-976d-07fb784641fb,insert,language_code,,zh-tw
zh-TW-a438f4fbf85e,catalog.sealed_products,6097516d-2402-5609-976d-07fb784641fb,insert,set_id,,1ff38683-60fc-448a-9e8e-f6096dd8608b
zh-TW-a438f4fbf85e,catalog.sealed_products,6097516d-2402-5609-976d-07fb784641fb,insert,product_type,,starter_deck
zh-TW-a438f4fbf85e,catalog.sealed_products,6097516d-2402-5609-976d-07fb784641fb,insert,native_name,,V初階牌組 超夢
zh-TW-a438f4fbf85e,catalog.sealed_products,6097516d-2402-5609-976d-07fb784641fb,insert,english_display_name,,V Start Deck: Mewtwo
zh-TW-a438f4fbf85e,catalog.sealed_products,6097516d-2402-5609-976d-07fb784641fb,insert,product_code,,TW-VSD-MEWTWO
zh-TW-a438f4fbf85e,catalog.sealed_products,6097516d-2402-5609-976d-07fb784641fb,insert,release_date,,2022-11-04
zh-TW-698096b84e15,catalog.sets,8f6936bf-5b7c-4072-9331-e85f423ade80,update,native_name,皮卡丘,V初階牌組 皮卡丘
zh-TW-698096b84e15,catalog.sets,8f6936bf-5b7c-4072-9331-e85f423ade80,update,english_display_name,皮卡丘,V Start Deck: Pikachu
zh-TW-698096b84e15,catalog.sealed_products,7c4b1936-b1ce-5104-a300-4e568ed8344c,insert,id,,7c4b1936-b1ce-5104-a300-4e568ed8344c
zh-TW-698096b84e15,catalog.sealed_products,7c4b1936-b1ce-5104-a300-4e568ed8344c,insert,game_code,,pokemon
zh-TW-698096b84e15,catalog.sealed_products,7c4b1936-b1ce-5104-a300-4e568ed8344c,insert,language_code,,zh-tw
zh-TW-698096b84e15,catalog.sealed_products,7c4b1936-b1ce-5104-a300-4e568ed8344c,insert,set_id,,8f6936bf-5b7c-4072-9331-e85f423ade80
zh-TW-698096b84e15,catalog.sealed_products,7c4b1936-b1ce-5104-a300-4e568ed8344c,insert,product_type,,starter_deck
zh-TW-698096b84e15,catalog.sealed_products,7c4b1936-b1ce-5104-a300-4e568ed8344c,insert,native_name,,V初階牌組 皮卡丘
zh-TW-698096b84e15,catalog.sealed_products,7c4b1936-b1ce-5104-a300-4e568ed8344c,insert,english_display_name,,V Start Deck: Pikachu
zh-TW-698096b84e15,catalog.sealed_products,7c4b1936-b1ce-5104-a300-4e568ed8344c,insert,product_code,,TW-VSD-PIKACHU
zh-TW-698096b84e15,catalog.sealed_products,7c4b1936-b1ce-5104-a300-4e568ed8344c,insert,release_date,,2022-11-04
zh-TW-f19bf711ab15,catalog.sets,eed3fcbd-fd4c-4b7f-9b75-a68e15d61476,update,english_display_name,天地萬物VSTAR,VSTAR Universe
zh-TW-f19bf711ab15,catalog.sets,eed3fcbd-fd4c-4b7f-9b75-a68e15d61476,update,release_date,2022-12-02,2022-12-16
zh-TW-f19bf711ab15,catalog.sets,eed3fcbd-fd4c-4b7f-9b75-a68e15d61476,update,total,250,262
zh-TW-6213b9de84cd,catalog.sealed_products,b7a76b67-1167-5fbd-884d-969764fd2fa6,insert,id,,b7a76b67-1167-5fbd-884d-969764fd2fa6
zh-TW-6213b9de84cd,catalog.sealed_products,b7a76b67-1167-5fbd-884d-969764fd2fa6,insert,game_code,,pokemon
zh-TW-6213b9de84cd,catalog.sealed_products,b7a76b67-1167-5fbd-884d-969764fd2fa6,insert,language_code,,zh-tw
zh-TW-6213b9de84cd,catalog.sealed_products,b7a76b67-1167-5fbd-884d-969764fd2fa6,insert,set_id,,
zh-TW-6213b9de84cd,catalog.sealed_products,b7a76b67-1167-5fbd-884d-969764fd2fa6,insert,product_type,,starter_deck
zh-TW-6213b9de84cd,catalog.sealed_products,b7a76b67-1167-5fbd-884d-969764fd2fa6,insert,native_name,,特別牌組組合 噴火龍VSTAR vs 烈空坐VMAX
zh-TW-6213b9de84cd,catalog.sealed_products,b7a76b67-1167-5fbd-884d-969764fd2fa6,insert,english_display_name,,Special Deck Set: Charizard VSTAR vs Rayquaza VMAX
zh-TW-6213b9de84cd,catalog.sealed_products,b7a76b67-1167-5fbd-884d-969764fd2fa6,insert,product_code,,SO
zh-TW-6213b9de84cd,catalog.sealed_products,b7a76b67-1167-5fbd-884d-969764fd2fa6,insert,release_date,,2023-01-13
zh-TW-15c77b4e7ab4,catalog.sets,92afdf21-b16e-4e85-b54f-5f0603cbf6fa,update,english_display_name,朱ex,Scarlet ex
zh-TW-15c77b4e7ab4,catalog.sets,92afdf21-b16e-4e85-b54f-5f0603cbf6fa,update,total,78,108
zh-TW-1431bed2cddd,catalog.sets,bb1ba963-5030-4f3f-8f06-dee6c668fb05,update,english_display_name,起始組合ex 呆火鱷&電龍 ex,Starter Set ex: Fuecoco & Ampharos ex
zh-TW-1431bed2cddd,catalog.sets,bb1ba963-5030-4f3f-8f06-dee6c668fb05,update,release_date,2023-08-11,2023-02-03
zh-TW-1431bed2cddd,catalog.sets,bb1ba963-5030-4f3f-8f06-dee6c668fb05,update,total,23,24
zh-TW-1431bed2cddd,catalog.sealed_products,1eebd789-fa06-5d06-849f-e191fc49ab60,insert,id,,1eebd789-fa06-5d06-849f-e191fc49ab60
zh-TW-1431bed2cddd,catalog.sealed_products,1eebd789-fa06-5d06-849f-e191fc49ab60,insert,game_code,,pokemon
zh-TW-1431bed2cddd,catalog.sealed_products,1eebd789-fa06-5d06-849f-e191fc49ab60,insert,language_code,,zh-tw
zh-TW-1431bed2cddd,catalog.sealed_products,1eebd789-fa06-5d06-849f-e191fc49ab60,insert,set_id,,bb1ba963-5030-4f3f-8f06-dee6c668fb05
zh-TW-1431bed2cddd,catalog.sealed_products,1eebd789-fa06-5d06-849f-e191fc49ab60,insert,product_type,,other
zh-TW-1431bed2cddd,catalog.sealed_products,1eebd789-fa06-5d06-849f-e191fc49ab60,insert,native_name,,起始組合ex 呆火鱷&電龍 ex
zh-TW-1431bed2cddd,catalog.sealed_products,1eebd789-fa06-5d06-849f-e191fc49ab60,insert,english_display_name,,Starter Set ex: Fuecoco & Ampharos ex
zh-TW-1431bed2cddd,catalog.sealed_products,1eebd789-fa06-5d06-849f-e191fc49ab60,insert,product_code,,TW-SSEX-FUECOCO
zh-TW-1431bed2cddd,catalog.sealed_products,1eebd789-fa06-5d06-849f-e191fc49ab60,insert,release_date,,2023-02-03
zh-TW-0e91100f19e4,catalog.sets,2f9aa179-e91b-4643-84d6-968944833c66,update,english_display_name,起始組合ex 潤水鴨&謎擬Ｑ ex,Starter Set ex: Quaxly & Mimikyu ex
zh-TW-0e91100f19e4,catalog.sets,2f9aa179-e91b-4643-84d6-968944833c66,update,release_date,2023-08-11,2023-02-03
zh-TW-0e91100f19e4,catalog.sets,2f9aa179-e91b-4643-84d6-968944833c66,update,total,25,26
zh-TW-0e91100f19e4,catalog.sealed_products,4e985bae-663c-54b4-b67f-452607b82de6,insert,id,,4e985bae-663c-54b4-b67f-452607b82de6
zh-TW-0e91100f19e4,catalog.sealed_products,4e985bae-663c-54b4-b67f-452607b82de6,insert,game_code,,pokemon
zh-TW-0e91100f19e4,catalog.sealed_products,4e985bae-663c-54b4-b67f-452607b82de6,insert,language_code,,zh-tw
zh-TW-0e91100f19e4,catalog.sealed_products,4e985bae-663c-54b4-b67f-452607b82de6,insert,set_id,,2f9aa179-e91b-4643-84d6-968944833c66
zh-TW-0e91100f19e4,catalog.sealed_products,4e985bae-663c-54b4-b67f-452607b82de6,insert,product_type,,other
zh-TW-0e91100f19e4,catalog.sealed_products,4e985bae-663c-54b4-b67f-452607b82de6,insert,native_name,,起始組合ex 潤水鴨&謎擬Ｑ ex
zh-TW-0e91100f19e4,catalog.sealed_products,4e985bae-663c-54b4-b67f-452607b82de6,insert,english_display_name,,Starter Set ex: Quaxly & Mimikyu ex
zh-TW-0e91100f19e4,catalog.sealed_products,4e985bae-663c-54b4-b67f-452607b82de6,insert,product_code,,TW-SSEX-QUAXLY
zh-TW-0e91100f19e4,catalog.sealed_products,4e985bae-663c-54b4-b67f-452607b82de6,insert,release_date,,2023-02-03
zh-TW-097b4570ee69,catalog.sets,005e4850-7601-4765-b538-290882ded6d8,update,english_display_name,起始組合ex 新葉喵&路卡利歐 ex,Starter Set ex: Sprigatito & Lucario ex
zh-TW-097b4570ee69,catalog.sets,005e4850-7601-4765-b538-290882ded6d8,update,release_date,2023-08-11,2023-02-03
zh-TW-097b4570ee69,catalog.sealed_products,724ca71f-2d02-5888-87c1-75ff16c7e5fe,insert,id,,724ca71f-2d02-5888-87c1-75ff16c7e5fe
zh-TW-097b4570ee69,catalog.sealed_products,724ca71f-2d02-5888-87c1-75ff16c7e5fe,insert,game_code,,pokemon
zh-TW-097b4570ee69,catalog.sealed_products,724ca71f-2d02-5888-87c1-75ff16c7e5fe,insert,language_code,,zh-tw
zh-TW-097b4570ee69,catalog.sealed_products,724ca71f-2d02-5888-87c1-75ff16c7e5fe,insert,set_id,,005e4850-7601-4765-b538-290882ded6d8
zh-TW-097b4570ee69,catalog.sealed_products,724ca71f-2d02-5888-87c1-75ff16c7e5fe,insert,product_type,,other
zh-TW-097b4570ee69,catalog.sealed_products,724ca71f-2d02-5888-87c1-75ff16c7e5fe,insert,native_name,,起始組合ex 新葉喵&路卡利歐 ex
zh-TW-097b4570ee69,catalog.sealed_products,724ca71f-2d02-5888-87c1-75ff16c7e5fe,insert,english_display_name,,Starter Set ex: Sprigatito & Lucario ex
zh-TW-097b4570ee69,catalog.sealed_products,724ca71f-2d02-5888-87c1-75ff16c7e5fe,insert,product_code,,SVAM
zh-TW-097b4570ee69,catalog.sealed_products,724ca71f-2d02-5888-87c1-75ff16c7e5fe,insert,release_date,,2023-02-03
zh-TW-88527930c211,catalog.sets,496f02eb-5cda-4b1b-a5cf-e46816c6f834,update,english_display_name,紫ex,Violet ex
zh-TW-88527930c211,catalog.sets,496f02eb-5cda-4b1b-a5cf-e46816c6f834,update,release_date,2023-01-20,2023-02-03
zh-TW-88527930c211,catalog.sets,496f02eb-5cda-4b1b-a5cf-e46816c6f834,update,total,78,108
zh-TW-ad64ada63d4e,catalog.sets,88d9f4ce-d66f-46c6-9c98-cadcdbe617ff,update,english_display_name,頂級訓練家收藏箱ex,Premium Trainer Box ex
zh-TW-ad64ada63d4e,catalog.sealed_products,095b3f7f-1eef-5b1e-9fdf-cb5b21c45e06,insert,id,,095b3f7f-1eef-5b1e-9fdf-cb5b21c45e06
zh-TW-ad64ada63d4e,catalog.sealed_products,095b3f7f-1eef-5b1e-9fdf-cb5b21c45e06,insert,game_code,,pokemon
zh-TW-ad64ada63d4e,catalog.sealed_products,095b3f7f-1eef-5b1e-9fdf-cb5b21c45e06,insert,language_code,,zh-tw
zh-TW-ad64ada63d4e,catalog.sealed_products,095b3f7f-1eef-5b1e-9fdf-cb5b21c45e06,insert,set_id,,88d9f4ce-d66f-46c6-9c98-cadcdbe617ff
zh-TW-ad64ada63d4e,catalog.sealed_products,095b3f7f-1eef-5b1e-9fdf-cb5b21c45e06,insert,product_type,,other
zh-TW-ad64ada63d4e,catalog.sealed_products,095b3f7f-1eef-5b1e-9fdf-cb5b21c45e06,insert,native_name,,頂級訓練家收藏箱ex
zh-TW-ad64ada63d4e,catalog.sealed_products,095b3f7f-1eef-5b1e-9fdf-cb5b21c45e06,insert,english_display_name,,Premium Trainer Box ex
zh-TW-ad64ada63d4e,catalog.sealed_products,095b3f7f-1eef-5b1e-9fdf-cb5b21c45e06,insert,product_code,,SVB
zh-TW-ad64ada63d4e,catalog.sealed_products,095b3f7f-1eef-5b1e-9fdf-cb5b21c45e06,insert,release_date,,2023-03-03
zh-TW-a9afe84246a2,catalog.sets,f3d6f626-76dc-40f6-b20c-f37f76de7a69,update,english_display_name,三連音爆,Triplet Beat
zh-TW-a9afe84246a2,catalog.sets,f3d6f626-76dc-40f6-b20c-f37f76de7a69,update,total,73,103
zh-TW-294bff0baa30,catalog.sets,8ea4465e-f94f-4cb8-af60-8b7e954400b9,update,english_display_name,碟旋暴擊,Clay Burst
zh-TW-294bff0baa30,catalog.sets,8ea4465e-f94f-4cb8-af60-8b7e954400b9,update,release_date,2023-04-14,2023-04-28
zh-TW-294bff0baa30,catalog.sets,8ea4465e-f94f-4cb8-af60-8b7e954400b9,update,total,71,99
zh-TW-2d7f316f10e4,catalog.sets,0c790038-ee1a-411f-bd9c-fed9238c1c42,update,english_display_name,冰雪險境,Snow Hazard
zh-TW-2d7f316f10e4,catalog.sets,0c790038-ee1a-411f-bd9c-fed9238c1c42,update,release_date,2023-04-14,2023-04-28
zh-TW-2d7f316f10e4,catalog.sets,0c790038-ee1a-411f-bd9c-fed9238c1c42,update,total,71,99
zh-TW-51bdd451cf9e,catalog.sets,0c39417c-7e51-4c2e-83a4-e7180ff18ed1,update,native_name,皮卡丘特別組合,起始組合ex 皮卡丘特別組合
zh-TW-51bdd451cf9e,catalog.sets,0c39417c-7e51-4c2e-83a4-e7180ff18ed1,update,english_display_name,皮卡丘特別組合,Starter Set ex: Pikachu Special Set
zh-TW-51bdd451cf9e,catalog.sealed_products,f52f37eb-fa0e-55e8-80a1-af68eafca4ec,insert,id,,f52f37eb-fa0e-55e8-80a1-af68eafca4ec
zh-TW-51bdd451cf9e,catalog.sealed_products,f52f37eb-fa0e-55e8-80a1-af68eafca4ec,insert,game_code,,pokemon
zh-TW-51bdd451cf9e,catalog.sealed_products,f52f37eb-fa0e-55e8-80a1-af68eafca4ec,insert,language_code,,zh-tw
zh-TW-51bdd451cf9e,catalog.sealed_products,f52f37eb-fa0e-55e8-80a1-af68eafca4ec,insert,set_id,,0c39417c-7e51-4c2e-83a4-e7180ff18ed1
zh-TW-51bdd451cf9e,catalog.sealed_products,f52f37eb-fa0e-55e8-80a1-af68eafca4ec,insert,product_type,,other
zh-TW-51bdd451cf9e,catalog.sealed_products,f52f37eb-fa0e-55e8-80a1-af68eafca4ec,insert,native_name,,起始組合ex 皮卡丘特別組合
zh-TW-51bdd451cf9e,catalog.sealed_products,f52f37eb-fa0e-55e8-80a1-af68eafca4ec,insert,english_display_name,,Starter Set ex: Pikachu Special Set
zh-TW-51bdd451cf9e,catalog.sealed_products,f52f37eb-fa0e-55e8-80a1-af68eafca4ec,insert,product_code,,SVC
zh-TW-51bdd451cf9e,catalog.sealed_products,f52f37eb-fa0e-55e8-80a1-af68eafca4ec,insert,release_date,,2023-04-28
zh-TW-2bde775c2fe4,catalog.sets,34e5af6e-66d0-4fea-98ce-b1fa1ec1d1dd,update,english_display_name,ex特別組合,ex Special Set
zh-TW-2bde775c2fe4,catalog.sealed_products,4480470a-6068-5aed-9840-5469908e0aa4,insert,id,,4480470a-6068-5aed-9840-5469908e0aa4
zh-TW-2bde775c2fe4,catalog.sealed_products,4480470a-6068-5aed-9840-5469908e0aa4,insert,game_code,,pokemon
zh-TW-2bde775c2fe4,catalog.sealed_products,4480470a-6068-5aed-9840-5469908e0aa4,insert,language_code,,zh-tw
zh-TW-2bde775c2fe4,catalog.sealed_products,4480470a-6068-5aed-9840-5469908e0aa4,insert,set_id,,34e5af6e-66d0-4fea-98ce-b1fa1ec1d1dd
zh-TW-2bde775c2fe4,catalog.sealed_products,4480470a-6068-5aed-9840-5469908e0aa4,insert,product_type,,other
zh-TW-2bde775c2fe4,catalog.sealed_products,4480470a-6068-5aed-9840-5469908e0aa4,insert,native_name,,ex特別組合
zh-TW-2bde775c2fe4,catalog.sealed_products,4480470a-6068-5aed-9840-5469908e0aa4,insert,english_display_name,,ex Special Set
zh-TW-2bde775c2fe4,catalog.sealed_products,4480470a-6068-5aed-9840-5469908e0aa4,insert,product_code,,SVP1
zh-TW-2bde775c2fe4,catalog.sealed_products,4480470a-6068-5aed-9840-5469908e0aa4,insert,release_date,,2023-06-02
zh-TW-0e83523e5e22,catalog.sets,3c0c1ae1-7d62-4384-97f1-734ff9460162,update,english_display_name,寶可夢卡牌151,Pokémon Card 151
zh-TW-0e83523e5e22,catalog.sets,3c0c1ae1-7d62-4384-97f1-734ff9460162,update,release_date,2023-06-16,2023-06-30
zh-TW-0e83523e5e22,catalog.sets,3c0c1ae1-7d62-4384-97f1-734ff9460162,update,total,207,210
zh-TW-16c34ed22967,catalog.sets,aeacc226-2669-41be-87af-adb0792b6a26,update,english_display_name,ex初階牌組,ex Start Decks
zh-TW-16c34ed22967,catalog.sealed_products,5a828c23-efa5-5c20-ac0c-ab5fbbc2b40d,insert,id,,5a828c23-efa5-5c20-ac0c-ab5fbbc2b40d
zh-TW-16c34ed22967,catalog.sealed_products,5a828c23-efa5-5c20-ac0c-ab5fbbc2b40d,insert,game_code,,pokemon
zh-TW-16c34ed22967,catalog.sealed_products,5a828c23-efa5-5c20-ac0c-ab5fbbc2b40d,insert,language_code,,zh-tw
zh-TW-16c34ed22967,catalog.sealed_products,5a828c23-efa5-5c20-ac0c-ab5fbbc2b40d,insert,set_id,,aeacc226-2669-41be-87af-adb0792b6a26
zh-TW-16c34ed22967,catalog.sealed_products,5a828c23-efa5-5c20-ac0c-ab5fbbc2b40d,insert,product_type,,starter_deck
zh-TW-16c34ed22967,catalog.sealed_products,5a828c23-efa5-5c20-ac0c-ab5fbbc2b40d,insert,native_name,,ex初階牌組
zh-TW-16c34ed22967,catalog.sealed_products,5a828c23-efa5-5c20-ac0c-ab5fbbc2b40d,insert,english_display_name,,ex Start Decks
zh-TW-16c34ed22967,catalog.sealed_products,5a828c23-efa5-5c20-ac0c-ab5fbbc2b40d,insert,product_code,,SVD
zh-TW-16c34ed22967,catalog.sealed_products,5a828c23-efa5-5c20-ac0c-ab5fbbc2b40d,insert,release_date,,2023-07-21
zh-TW-17bf7041d61f,catalog.sets,319b65a2-a424-4273-bfff-6c18965ab00a,update,native_name,黯焰支配者,牌組構築BOX 黯焰支配者
zh-TW-17bf7041d61f,catalog.sets,319b65a2-a424-4273-bfff-6c18965ab00a,update,english_display_name,黯焰支配者,Deck Build Box Ruler of the Black Flame
zh-TW-17bf7041d61f,catalog.sealed_products,4d8ad425-e99a-53bc-8ea8-9c49e79c2ded,insert,id,,4d8ad425-e99a-53bc-8ea8-9c49e79c2ded
zh-TW-17bf7041d61f,catalog.sealed_products,4d8ad425-e99a-53bc-8ea8-9c49e79c2ded,insert,game_code,,pokemon
zh-TW-17bf7041d61f,catalog.sealed_products,4d8ad425-e99a-53bc-8ea8-9c49e79c2ded,insert,language_code,,zh-tw
zh-TW-17bf7041d61f,catalog.sealed_products,4d8ad425-e99a-53bc-8ea8-9c49e79c2ded,insert,set_id,,319b65a2-a424-4273-bfff-6c18965ab00a
zh-TW-17bf7041d61f,catalog.sealed_products,4d8ad425-e99a-53bc-8ea8-9c49e79c2ded,insert,product_type,,starter_deck
zh-TW-17bf7041d61f,catalog.sealed_products,4d8ad425-e99a-53bc-8ea8-9c49e79c2ded,insert,native_name,,牌組構築BOX 黯焰支配者
zh-TW-17bf7041d61f,catalog.sealed_products,4d8ad425-e99a-53bc-8ea8-9c49e79c2ded,insert,english_display_name,,Deck Build Box Ruler of the Black Flame
zh-TW-17bf7041d61f,catalog.sealed_products,4d8ad425-e99a-53bc-8ea8-9c49e79c2ded,insert,product_code,,SVF
zh-TW-17bf7041d61f,catalog.sealed_products,4d8ad425-e99a-53bc-8ea8-9c49e79c2ded,insert,release_date,,2023-08-11
zh-TW-97582d8a2d7c,catalog.sets,0dbaa91f-c0c6-497d-8ef0-fc4370c5ed8a,update,english_display_name,黯焰支配者,Ruler of the Black Flame
zh-TW-97582d8a2d7c,catalog.sets,0dbaa91f-c0c6-497d-8ef0-fc4370c5ed8a,update,total,138,141
zh-TW-a993463f10a7,catalog.sets,16b683e4-6270-4625-9fae-b2478a08c659,update,english_display_name,激狂駭浪,Raging Surf
zh-TW-a993463f10a7,catalog.sets,16b683e4-6270-4625-9fae-b2478a08c659,update,release_date,2023-09-22,2023-09-29
zh-TW-a993463f10a7,catalog.sets,16b683e4-6270-4625-9fae-b2478a08c659,update,total,89,92
zh-TW-dd10ca3114e3,catalog.sets,afefc691-41e8-4ac7-97d8-776ded533215,update,native_name,超夢ex,起始組合 太晶 超夢ex
zh-TW-dd10ca3114e3,catalog.sets,afefc691-41e8-4ac7-97d8-776ded533215,update,english_display_name,超夢ex,Starter Set: Tera Mewtwo ex
zh-TW-dd10ca3114e3,catalog.sealed_products,a920d51b-f71d-5c60-8f7a-477cb8b8b37d,insert,id,,a920d51b-f71d-5c60-8f7a-477cb8b8b37d
zh-TW-dd10ca3114e3,catalog.sealed_products,a920d51b-f71d-5c60-8f7a-477cb8b8b37d,insert,game_code,,pokemon
zh-TW-dd10ca3114e3,catalog.sealed_products,a920d51b-f71d-5c60-8f7a-477cb8b8b37d,insert,language_code,,zh-tw
zh-TW-dd10ca3114e3,catalog.sealed_products,a920d51b-f71d-5c60-8f7a-477cb8b8b37d,insert,set_id,,afefc691-41e8-4ac7-97d8-776ded533215
zh-TW-dd10ca3114e3,catalog.sealed_products,a920d51b-f71d-5c60-8f7a-477cb8b8b37d,insert,product_type,,other
zh-TW-dd10ca3114e3,catalog.sealed_products,a920d51b-f71d-5c60-8f7a-477cb8b8b37d,insert,native_name,,起始組合 太晶 超夢ex
zh-TW-dd10ca3114e3,catalog.sealed_products,a920d51b-f71d-5c60-8f7a-477cb8b8b37d,insert,english_display_name,,Starter Set: Tera Mewtwo ex
zh-TW-dd10ca3114e3,catalog.sealed_products,a920d51b-f71d-5c60-8f7a-477cb8b8b37d,insert,product_code,,SVEM
zh-TW-dd10ca3114e3,catalog.sealed_products,a920d51b-f71d-5c60-8f7a-477cb8b8b37d,insert,release_date,,2023-09-29
zh-TW-223009b1f580,catalog.sets,471359a2-3314-463e-aea4-d5c302663333,update,native_name,骨紋巨聲鱷ex,起始組合 太晶 骨紋巨聲鱷ex
zh-TW-223009b1f580,catalog.sets,471359a2-3314-463e-aea4-d5c302663333,update,english_display_name,骨紋巨聲鱷ex,Starter Set: Tera Skeledirge ex
zh-TW-223009b1f580,catalog.sealed_products,421c8eab-ad3a-5479-9d1b-baba0de485da,insert,id,,421c8eab-ad3a-5479-9d1b-baba0de485da
zh-TW-223009b1f580,catalog.sealed_products,421c8eab-ad3a-5479-9d1b-baba0de485da,insert,game_code,,pokemon
zh-TW-223009b1f580,catalog.sealed_products,421c8eab-ad3a-5479-9d1b-baba0de485da,insert,language_code,,zh-tw
zh-TW-223009b1f580,catalog.sealed_products,421c8eab-ad3a-5479-9d1b-baba0de485da,insert,set_id,,471359a2-3314-463e-aea4-d5c302663333
zh-TW-223009b1f580,catalog.sealed_products,421c8eab-ad3a-5479-9d1b-baba0de485da,insert,product_type,,other
zh-TW-223009b1f580,catalog.sealed_products,421c8eab-ad3a-5479-9d1b-baba0de485da,insert,native_name,,起始組合 太晶 骨紋巨聲鱷ex
zh-TW-223009b1f580,catalog.sealed_products,421c8eab-ad3a-5479-9d1b-baba0de485da,insert,english_display_name,,Starter Set: Tera Skeledirge ex
zh-TW-223009b1f580,catalog.sealed_products,421c8eab-ad3a-5479-9d1b-baba0de485da,insert,product_code,,SVEL
zh-TW-223009b1f580,catalog.sealed_products,421c8eab-ad3a-5479-9d1b-baba0de485da,insert,release_date,,2023-09-29
zh-TW-6b7f80cfa785,catalog.sets,15442620-179d-4442-a040-d9fa0060c7e4,update,english_display_name,古代咆哮,Ancient Roar
zh-TW-6b7f80cfa785,catalog.sets,15442620-179d-4442-a040-d9fa0060c7e4,update,release_date,2023-10-27,2023-11-10
zh-TW-6b7f80cfa785,catalog.sets,15442620-179d-4442-a040-d9fa0060c7e4,update,total,66,95
zh-TW-f036e3380424,catalog.sets,2abc3c6e-7715-4f79-900f-a2c567e4e1c9,update,english_display_name,未來閃光,Future Flash
zh-TW-f036e3380424,catalog.sets,2abc3c6e-7715-4f79-900f-a2c567e4e1c9,update,release_date,2023-10-27,2023-11-10
zh-TW-f036e3380424,catalog.sets,2abc3c6e-7715-4f79-900f-a2c567e4e1c9,update,total,66,95
zh-TW-e7000c380e86,catalog.sets,34f73eff-5db3-4617-bd57-73421edebb86,update,english_display_name,閃色寶藏ex,Shiny Treasure ex
zh-TW-e7000c380e86,catalog.sets,34f73eff-5db3-4617-bd57-73421edebb86,update,release_date,2023-12-01,2023-12-22
zh-TW-e7000c380e86,catalog.sets,34f73eff-5db3-4617-bd57-73421edebb86,update,total,314,360
zh-TW-59408e931538,catalog.sets,6979a86e-8439-443d-b8b3-b9e2ebfb0bd3,update,english_display_name,異度審判,Cyber Judge
zh-TW-59408e931538,catalog.sets,6979a86e-8439-443d-b8b3-b9e2ebfb0bd3,update,release_date,2024-01-26,2024-02-02
zh-TW-59408e931538,catalog.sets,6979a86e-8439-443d-b8b3-b9e2ebfb0bd3,update,total,97,100
zh-TW-ce9c29c7e2f0,catalog.sets,c1728b7e-684e-445f-a12b-4f7b2dcc8fba,update,native_name,未來密勒頓ex,起始組合 古代故勒頓ex
zh-TW-ce9c29c7e2f0,catalog.sets,c1728b7e-684e-445f-a12b-4f7b2dcc8fba,update,english_display_name,未來密勒頓ex,Starter Set: Ancient Koraidon ex
zh-TW-ce9c29c7e2f0,catalog.sealed_products,23b89b20-5403-5e4f-8e11-5c9da4ca5ef4,insert,id,,23b89b20-5403-5e4f-8e11-5c9da4ca5ef4
zh-TW-ce9c29c7e2f0,catalog.sealed_products,23b89b20-5403-5e4f-8e11-5c9da4ca5ef4,insert,game_code,,pokemon
zh-TW-ce9c29c7e2f0,catalog.sealed_products,23b89b20-5403-5e4f-8e11-5c9da4ca5ef4,insert,language_code,,zh-tw
zh-TW-ce9c29c7e2f0,catalog.sealed_products,23b89b20-5403-5e4f-8e11-5c9da4ca5ef4,insert,set_id,,c1728b7e-684e-445f-a12b-4f7b2dcc8fba
zh-TW-ce9c29c7e2f0,catalog.sealed_products,23b89b20-5403-5e4f-8e11-5c9da4ca5ef4,insert,product_type,,other
zh-TW-ce9c29c7e2f0,catalog.sealed_products,23b89b20-5403-5e4f-8e11-5c9da4ca5ef4,insert,native_name,,起始組合 古代故勒頓ex
zh-TW-ce9c29c7e2f0,catalog.sealed_products,23b89b20-5403-5e4f-8e11-5c9da4ca5ef4,insert,english_display_name,,Starter Set: Ancient Koraidon ex
zh-TW-ce9c29c7e2f0,catalog.sealed_products,23b89b20-5403-5e4f-8e11-5c9da4ca5ef4,insert,product_code,,SVHK
zh-TW-ce9c29c7e2f0,catalog.sealed_products,23b89b20-5403-5e4f-8e11-5c9da4ca5ef4,insert,release_date,,2024-02-02
zh-TW-016cca521d10,catalog.sets,d72c9fe3-b3d5-4a4d-9fcc-eb7cca2a88bc,update,native_name,閃色寶藏ex,起始組合 未來密勒頓ex
zh-TW-016cca521d10,catalog.sets,d72c9fe3-b3d5-4a4d-9fcc-eb7cca2a88bc,update,english_display_name,閃色寶藏ex,Starter Set: Future Miraidon ex
zh-TW-016cca521d10,catalog.sealed_products,500d7436-53d4-5dbf-b153-a33802d22b66,insert,id,,500d7436-53d4-5dbf-b153-a33802d22b66
zh-TW-016cca521d10,catalog.sealed_products,500d7436-53d4-5dbf-b153-a33802d22b66,insert,game_code,,pokemon
zh-TW-016cca521d10,catalog.sealed_products,500d7436-53d4-5dbf-b153-a33802d22b66,insert,language_code,,zh-tw
zh-TW-016cca521d10,catalog.sealed_products,500d7436-53d4-5dbf-b153-a33802d22b66,insert,set_id,,d72c9fe3-b3d5-4a4d-9fcc-eb7cca2a88bc
zh-TW-016cca521d10,catalog.sealed_products,500d7436-53d4-5dbf-b153-a33802d22b66,insert,product_type,,other
zh-TW-016cca521d10,catalog.sealed_products,500d7436-53d4-5dbf-b153-a33802d22b66,insert,native_name,,起始組合 未來密勒頓ex
zh-TW-016cca521d10,catalog.sealed_products,500d7436-53d4-5dbf-b153-a33802d22b66,insert,english_display_name,,Starter Set: Future Miraidon ex
zh-TW-016cca521d10,catalog.sealed_products,500d7436-53d4-5dbf-b153-a33802d22b66,insert,product_code,,SVHM
zh-TW-016cca521d10,catalog.sealed_products,500d7436-53d4-5dbf-b153-a33802d22b66,insert,release_date,,2024-02-02
zh-TW-8fe572a829b0,catalog.sets,8dc60098-a384-4259-88b9-d2efa74b5a1d,update,english_display_name,緋紅薄霧,Crimson Haze
zh-TW-8fe572a829b0,catalog.sets,8dc60098-a384-4259-88b9-d2efa74b5a1d,update,release_date,2024-03-22,2024-04-03
zh-TW-8fe572a829b0,catalog.sets,8dc60098-a384-4259-88b9-d2efa74b5a1d,update,total,66,96
zh-TW-98e99def19ee,catalog.sets,b933f0ba-40ac-4846-80ee-74c4a2b1cf71,update,english_display_name,變幻假面,Transformation Mask
zh-TW-98e99def19ee,catalog.sets,b933f0ba-40ac-4846-80ee-74c4a2b1cf71,update,release_date,2024-04-26,2024-05-10
zh-TW-98e99def19ee,catalog.sets,b933f0ba-40ac-4846-80ee-74c4a2b1cf71,update,total,130,133
zh-TW-04373519f7b5,catalog.sets,adcb6f6c-95f3-4a55-b9e5-464ed79a1ac3,update,english_display_name,黑夜漫遊者,Night Wanderer
zh-TW-04373519f7b5,catalog.sets,adcb6f6c-95f3-4a55-b9e5-464ed79a1ac3,update,release_date,2024-06-07,2024-06-21
zh-TW-04373519f7b5,catalog.sets,adcb6f6c-95f3-4a55-b9e5-464ed79a1ac3,update,total,64,94
zh-TW-4de816b05a4e,catalog.sealed_products,f4b9dfa3-e38f-5af5-a14f-2e4c2112691a,insert,id,,f4b9dfa3-e38f-5af5-a14f-2e4c2112691a
zh-TW-4de816b05a4e,catalog.sealed_products,f4b9dfa3-e38f-5af5-a14f-2e4c2112691a,insert,game_code,,pokemon
zh-TW-4de816b05a4e,catalog.sealed_products,f4b9dfa3-e38f-5af5-a14f-2e4c2112691a,insert,language_code,,zh-tw
zh-TW-4de816b05a4e,catalog.sealed_products,f4b9dfa3-e38f-5af5-a14f-2e4c2112691a,insert,set_id,,
zh-TW-4de816b05a4e,catalog.sealed_products,f4b9dfa3-e38f-5af5-a14f-2e4c2112691a,insert,product_type,,starter_deck
zh-TW-4de816b05a4e,catalog.sealed_products,f4b9dfa3-e38f-5af5-a14f-2e4c2112691a,insert,native_name,,戰術牌組 沙奈朵ex
zh-TW-4de816b05a4e,catalog.sealed_products,f4b9dfa3-e38f-5af5-a14f-2e4c2112691a,insert,english_display_name,,Tactical Deck: Gardevoir ex
zh-TW-4de816b05a4e,catalog.sealed_products,f4b9dfa3-e38f-5af5-a14f-2e4c2112691a,insert,product_code,,TW-TD-GARDEVOIR
zh-TW-4de816b05a4e,catalog.sealed_products,f4b9dfa3-e38f-5af5-a14f-2e4c2112691a,insert,release_date,,2024-07-19
zh-TW-c9078c8d0f32,catalog.sealed_products,cfcd457f-0a22-5947-9126-007637c3f6c2,insert,id,,cfcd457f-0a22-5947-9126-007637c3f6c2
zh-TW-c9078c8d0f32,catalog.sealed_products,cfcd457f-0a22-5947-9126-007637c3f6c2,insert,game_code,,pokemon
zh-TW-c9078c8d0f32,catalog.sealed_products,cfcd457f-0a22-5947-9126-007637c3f6c2,insert,language_code,,zh-tw
zh-TW-c9078c8d0f32,catalog.sealed_products,cfcd457f-0a22-5947-9126-007637c3f6c2,insert,set_id,,
zh-TW-c9078c8d0f32,catalog.sealed_products,cfcd457f-0a22-5947-9126-007637c3f6c2,insert,product_type,,starter_deck
zh-TW-c9078c8d0f32,catalog.sealed_products,cfcd457f-0a22-5947-9126-007637c3f6c2,insert,native_name,,戰術牌組 魔幻假面喵ex
zh-TW-c9078c8d0f32,catalog.sealed_products,cfcd457f-0a22-5947-9126-007637c3f6c2,insert,english_display_name,,Tactical Deck: Meowscarada ex
zh-TW-c9078c8d0f32,catalog.sealed_products,cfcd457f-0a22-5947-9126-007637c3f6c2,insert,product_code,,TW-TD-MEOWSCARADA
zh-TW-c9078c8d0f32,catalog.sealed_products,cfcd457f-0a22-5947-9126-007637c3f6c2,insert,release_date,,2024-07-19
zh-TW-558de9471c94,catalog.sealed_products,4e3ce582-1c5e-5092-b553-dcc8379358f5,insert,id,,4e3ce582-1c5e-5092-b553-dcc8379358f5
zh-TW-558de9471c94,catalog.sealed_products,4e3ce582-1c5e-5092-b553-dcc8379358f5,insert,game_code,,pokemon
zh-TW-558de9471c94,catalog.sealed_products,4e3ce582-1c5e-5092-b553-dcc8379358f5,insert,language_code,,zh-tw
zh-TW-558de9471c94,catalog.sealed_products,4e3ce582-1c5e-5092-b553-dcc8379358f5,insert,set_id,,
zh-TW-558de9471c94,catalog.sealed_products,4e3ce582-1c5e-5092-b553-dcc8379358f5,insert,product_type,,starter_deck
zh-TW-558de9471c94,catalog.sealed_products,4e3ce582-1c5e-5092-b553-dcc8379358f5,insert,native_name,,戰術牌組 密勒頓ex
zh-TW-558de9471c94,catalog.sealed_products,4e3ce582-1c5e-5092-b553-dcc8379358f5,insert,english_display_name,,Tactical Deck: Miraidon ex
zh-TW-558de9471c94,catalog.sealed_products,4e3ce582-1c5e-5092-b553-dcc8379358f5,insert,product_code,,TW-TD-MIRAIDON
zh-TW-558de9471c94,catalog.sealed_products,4e3ce582-1c5e-5092-b553-dcc8379358f5,insert,release_date,,2024-07-19
zh-TW-15708abcba22,catalog.sealed_products,9499b9d8-6b5b-5ac3-ae11-d03a57908e68,insert,id,,9499b9d8-6b5b-5ac3-ae11-d03a57908e68
zh-TW-15708abcba22,catalog.sealed_products,9499b9d8-6b5b-5ac3-ae11-d03a57908e68,insert,game_code,,pokemon
zh-TW-15708abcba22,catalog.sealed_products,9499b9d8-6b5b-5ac3-ae11-d03a57908e68,insert,language_code,,zh-tw
zh-TW-15708abcba22,catalog.sealed_products,9499b9d8-6b5b-5ac3-ae11-d03a57908e68,insert,set_id,,
zh-TW-15708abcba22,catalog.sealed_products,9499b9d8-6b5b-5ac3-ae11-d03a57908e68,insert,product_type,,starter_deck
zh-TW-15708abcba22,catalog.sealed_products,9499b9d8-6b5b-5ac3-ae11-d03a57908e68,insert,native_name,,戰術牌組 巨鉗螳螂ex
zh-TW-15708abcba22,catalog.sealed_products,9499b9d8-6b5b-5ac3-ae11-d03a57908e68,insert,english_display_name,,Tactical Deck: Scizor ex
zh-TW-15708abcba22,catalog.sealed_products,9499b9d8-6b5b-5ac3-ae11-d03a57908e68,insert,product_code,,TW-TD-SCIZOR
zh-TW-15708abcba22,catalog.sealed_products,9499b9d8-6b5b-5ac3-ae11-d03a57908e68,insert,release_date,,2024-07-19
zh-TW-d004bb41fcd7,catalog.sealed_products,79ef53a6-3dd0-5798-b150-ff36edd47366,insert,id,,79ef53a6-3dd0-5798-b150-ff36edd47366
zh-TW-d004bb41fcd7,catalog.sealed_products,79ef53a6-3dd0-5798-b150-ff36edd47366,insert,game_code,,pokemon
zh-TW-d004bb41fcd7,catalog.sealed_products,79ef53a6-3dd0-5798-b150-ff36edd47366,insert,language_code,,zh-tw
zh-TW-d004bb41fcd7,catalog.sealed_products,79ef53a6-3dd0-5798-b150-ff36edd47366,insert,set_id,,
zh-TW-d004bb41fcd7,catalog.sealed_products,79ef53a6-3dd0-5798-b150-ff36edd47366,insert,product_type,,starter_deck
zh-TW-d004bb41fcd7,catalog.sealed_products,79ef53a6-3dd0-5798-b150-ff36edd47366,insert,native_name,,戰術牌組 太晶噴火龍ex
zh-TW-d004bb41fcd7,catalog.sealed_products,79ef53a6-3dd0-5798-b150-ff36edd47366,insert,english_display_name,,Tactical Deck: Tera Charizard ex
zh-TW-d004bb41fcd7,catalog.sealed_products,79ef53a6-3dd0-5798-b150-ff36edd47366,insert,product_code,,TW-TD-TCHAR
zh-TW-d004bb41fcd7,catalog.sealed_products,79ef53a6-3dd0-5798-b150-ff36edd47366,insert,release_date,,2024-07-19
zh-TW-92dede729e8e,catalog.sealed_products,654df417-dd34-5345-b02a-bfdc4a6d3546,insert,id,,654df417-dd34-5345-b02a-bfdc4a6d3546
zh-TW-92dede729e8e,catalog.sealed_products,654df417-dd34-5345-b02a-bfdc4a6d3546,insert,game_code,,pokemon
zh-TW-92dede729e8e,catalog.sealed_products,654df417-dd34-5345-b02a-bfdc4a6d3546,insert,language_code,,zh-tw
zh-TW-92dede729e8e,catalog.sealed_products,654df417-dd34-5345-b02a-bfdc4a6d3546,insert,set_id,,
zh-TW-92dede729e8e,catalog.sealed_products,654df417-dd34-5345-b02a-bfdc4a6d3546,insert,product_type,,starter_deck
zh-TW-92dede729e8e,catalog.sealed_products,654df417-dd34-5345-b02a-bfdc4a6d3546,insert,native_name,,戰術牌組 太晶烈咬陸鯊ex
zh-TW-92dede729e8e,catalog.sealed_products,654df417-dd34-5345-b02a-bfdc4a6d3546,insert,english_display_name,,Tactical Deck: Tera Garchomp ex
zh-TW-92dede729e8e,catalog.sealed_products,654df417-dd34-5345-b02a-bfdc4a6d3546,insert,product_code,,SVTG
zh-TW-92dede729e8e,catalog.sealed_products,654df417-dd34-5345-b02a-bfdc4a6d3546,insert,release_date,,2024-07-19
zh-TW-2a8a58fea56e,catalog.sets,bf50694e-8be5-4fa4-a77e-6fdb73ec17ac,update,english_display_name,星晶奇跡,Stellar Miracle
zh-TW-2a8a58fea56e,catalog.sets,bf50694e-8be5-4fa4-a77e-6fdb73ec17ac,update,release_date,2024-07-19,2024-08-02
zh-TW-2a8a58fea56e,catalog.sets,bf50694e-8be5-4fa4-a77e-6fdb73ec17ac,update,total,132,135
zh-TW-7ed5d482e561,catalog.sealed_products,02a66121-7846-5a03-806f-e460b773edb5,insert,id,,02a66121-7846-5a03-806f-e460b773edb5
zh-TW-7ed5d482e561,catalog.sealed_products,02a66121-7846-5a03-806f-e460b773edb5,insert,game_code,,pokemon
zh-TW-7ed5d482e561,catalog.sealed_products,02a66121-7846-5a03-806f-e460b773edb5,insert,language_code,,zh-tw
zh-TW-7ed5d482e561,catalog.sealed_products,02a66121-7846-5a03-806f-e460b773edb5,insert,set_id,,
zh-TW-7ed5d482e561,catalog.sealed_products,02a66121-7846-5a03-806f-e460b773edb5,insert,product_type,,starter_deck
zh-TW-7ed5d482e561,catalog.sealed_products,02a66121-7846-5a03-806f-e460b773edb5,insert,native_name,,牌組構築BOX 樂園騰龍
zh-TW-7ed5d482e561,catalog.sealed_products,02a66121-7846-5a03-806f-e460b773edb5,insert,english_display_name,,Deck Build Box Paradise Dragona
zh-TW-7ed5d482e561,catalog.sealed_products,02a66121-7846-5a03-806f-e460b773edb5,insert,product_code,,SVK
zh-TW-7ed5d482e561,catalog.sealed_products,02a66121-7846-5a03-806f-e460b773edb5,insert,release_date,,2024-09-27
zh-TW-d3a71a0aa467,catalog.sets,e044ea13-4498-4aa8-b46c-71bcc203bc89,update,english_display_name,樂園騰龍,Paradise Dragona
zh-TW-d3a71a0aa467,catalog.sets,e044ea13-4498-4aa8-b46c-71bcc203bc89,update,release_date,2024-09-13,2024-09-27
zh-TW-d3a71a0aa467,catalog.sets,e044ea13-4498-4aa8-b46c-71bcc203bc89,update,total,64,94
zh-TW-c86b9b559cbe,catalog.sealed_products,0e795955-205c-5e3e-b8b6-033089d67260,insert,id,,0e795955-205c-5e3e-b8b6-033089d67260
zh-TW-c86b9b559cbe,catalog.sealed_products,0e795955-205c-5e3e-b8b6-033089d67260,insert,game_code,,pokemon
zh-TW-c86b9b559cbe,catalog.sealed_products,0e795955-205c-5e3e-b8b6-033089d67260,insert,language_code,,zh-tw
zh-TW-c86b9b559cbe,catalog.sealed_products,0e795955-205c-5e3e-b8b6-033089d67260,insert,set_id,,
zh-TW-c86b9b559cbe,catalog.sealed_products,0e795955-205c-5e3e-b8b6-033089d67260,insert,product_type,,other
zh-TW-c86b9b559cbe,catalog.sealed_products,0e795955-205c-5e3e-b8b6-033089d67260,insert,native_name,,ex特別組合 太晶屬性：星晶 蒼炎刃鬼ex
zh-TW-c86b9b559cbe,catalog.sealed_products,0e795955-205c-5e3e-b8b6-033089d67260,insert,english_display_name,,Stellar Tera ex Special Set: Ceruledge ex
zh-TW-c86b9b559cbe,catalog.sealed_products,0e795955-205c-5e3e-b8b6-033089d67260,insert,product_code,,TW-STEX-CERU
zh-TW-c86b9b559cbe,catalog.sealed_products,0e795955-205c-5e3e-b8b6-033089d67260,insert,release_date,,2024-09-27
zh-TW-1afd1f797fa7,catalog.sealed_products,c2b61a4f-d6e0-5eec-83f4-e0f99035449f,insert,id,,c2b61a4f-d6e0-5eec-83f4-e0f99035449f
zh-TW-1afd1f797fa7,catalog.sealed_products,c2b61a4f-d6e0-5eec-83f4-e0f99035449f,insert,game_code,,pokemon
zh-TW-1afd1f797fa7,catalog.sealed_products,c2b61a4f-d6e0-5eec-83f4-e0f99035449f,insert,language_code,,zh-tw
zh-TW-1afd1f797fa7,catalog.sealed_products,c2b61a4f-d6e0-5eec-83f4-e0f99035449f,insert,set_id,,
zh-TW-1afd1f797fa7,catalog.sealed_products,c2b61a4f-d6e0-5eec-83f4-e0f99035449f,insert,product_type,,other
zh-TW-1afd1f797fa7,catalog.sealed_products,c2b61a4f-d6e0-5eec-83f4-e0f99035449f,insert,native_name,,ex特別組合 太晶屬性：星晶 仙子伊布ex
zh-TW-1afd1f797fa7,catalog.sealed_products,c2b61a4f-d6e0-5eec-83f4-e0f99035449f,insert,english_display_name,,Stellar Tera ex Special Set: Sylveon ex
zh-TW-1afd1f797fa7,catalog.sealed_products,c2b61a4f-d6e0-5eec-83f4-e0f99035449f,insert,product_code,,TW-STEX-SYLV
zh-TW-1afd1f797fa7,catalog.sealed_products,c2b61a4f-d6e0-5eec-83f4-e0f99035449f,insert,release_date,,2024-09-27
zh-TW-9fcaa17761b6,catalog.sets,05597373-2080-4842-bb67-c314e884f856,update,english_display_name,超電突圍,Super Electric Breaker
zh-TW-9fcaa17761b6,catalog.sets,05597373-2080-4842-bb67-c314e884f856,update,release_date,2024-10-18,2024-10-25
zh-TW-9fcaa17761b6,catalog.sets,05597373-2080-4842-bb67-c314e884f856,update,total,106,138
zh-TW-88100117b37e,catalog.sealed_products,f41c8efb-8779-5c9e-be9f-d5a1efb3a4e0,insert,id,,f41c8efb-8779-5c9e-be9f-d5a1efb3a4e0
zh-TW-88100117b37e,catalog.sealed_products,f41c8efb-8779-5c9e-be9f-d5a1efb3a4e0,insert,game_code,,pokemon
zh-TW-88100117b37e,catalog.sealed_products,f41c8efb-8779-5c9e-be9f-d5a1efb3a4e0,insert,language_code,,zh-tw
zh-TW-88100117b37e,catalog.sealed_products,f41c8efb-8779-5c9e-be9f-d5a1efb3a4e0,insert,set_id,,
zh-TW-88100117b37e,catalog.sealed_products,f41c8efb-8779-5c9e-be9f-d5a1efb3a4e0,insert,product_type,,starter_deck
zh-TW-88100117b37e,catalog.sealed_products,f41c8efb-8779-5c9e-be9f-d5a1efb3a4e0,insert,native_name,,雙ex初階牌組 Generations
zh-TW-88100117b37e,catalog.sealed_products,f41c8efb-8779-5c9e-be9f-d5a1efb3a4e0,insert,english_display_name,,Double ex Start Deck Generations
zh-TW-88100117b37e,catalog.sealed_products,f41c8efb-8779-5c9e-be9f-d5a1efb3a4e0,insert,product_code,,TW-SVC
zh-TW-88100117b37e,catalog.sealed_products,f41c8efb-8779-5c9e-be9f-d5a1efb3a4e0,insert,release_date,,2024-12-20
zh-TW-49e639772529,catalog.sets,d53eee17-75b8-48a8-bde5-50ac129a3558,update,english_display_name,太晶慶典ex,Terastal Fest ex
zh-TW-49e639772529,catalog.sets,d53eee17-75b8-48a8-bde5-50ac129a3558,update,release_date,2024-12-06,2024-12-20
zh-TW-ffcdd91b700e,catalog.sets,cd44897f-ea2e-4f63-b662-e4ddce1ac7e7,update,english_display_name,對戰搭檔,Battle Partners
zh-TW-ffcdd91b700e,catalog.sets,cd44897f-ea2e-4f63-b662-e4ddce1ac7e7,update,release_date,2025-01-24,2025-02-07
zh-TW-ffcdd91b700e,catalog.sets,cd44897f-ea2e-4f63-b662-e4ddce1ac7e7,update,total,100,132
zh-TW-15f40046e9ad,catalog.sealed_products,99b49551-ca76-57aa-8ff2-9fb5ac85d767,insert,id,,99b49551-ca76-57aa-8ff2-9fb5ac85d767
zh-TW-15f40046e9ad,catalog.sealed_products,99b49551-ca76-57aa-8ff2-9fb5ac85d767,insert,game_code,,pokemon
zh-TW-15f40046e9ad,catalog.sealed_products,99b49551-ca76-57aa-8ff2-9fb5ac85d767,insert,language_code,,zh-tw
zh-TW-15f40046e9ad,catalog.sealed_products,99b49551-ca76-57aa-8ff2-9fb5ac85d767,insert,set_id,,
zh-TW-15f40046e9ad,catalog.sealed_products,99b49551-ca76-57aa-8ff2-9fb5ac85d767,insert,product_type,,starter_deck
zh-TW-15f40046e9ad,catalog.sealed_products,99b49551-ca76-57aa-8ff2-9fb5ac85d767,insert,native_name,,挑戰牌組 瑪俐的莫魯貝可&長毛巨魔ex
zh-TW-15f40046e9ad,catalog.sealed_products,99b49551-ca76-57aa-8ff2-9fb5ac85d767,insert,english_display_name,,Challenge Deck: Marnie's Morpeko & Grimmsnarl ex
zh-TW-15f40046e9ad,catalog.sealed_products,99b49551-ca76-57aa-8ff2-9fb5ac85d767,insert,product_code,,TW-SVF-M
zh-TW-15f40046e9ad,catalog.sealed_products,99b49551-ca76-57aa-8ff2-9fb5ac85d767,insert,release_date,,2025-03-07
zh-TW-2ffb668f198e,catalog.sealed_products,a0260dee-db0d-5565-ae6f-59e6d3a7da63,insert,id,,a0260dee-db0d-5565-ae6f-59e6d3a7da63
zh-TW-2ffb668f198e,catalog.sealed_products,a0260dee-db0d-5565-ae6f-59e6d3a7da63,insert,game_code,,pokemon
zh-TW-2ffb668f198e,catalog.sealed_products,a0260dee-db0d-5565-ae6f-59e6d3a7da63,insert,language_code,,zh-tw
zh-TW-2ffb668f198e,catalog.sealed_products,a0260dee-db0d-5565-ae6f-59e6d3a7da63,insert,set_id,,
zh-TW-2ffb668f198e,catalog.sealed_products,a0260dee-db0d-5565-ae6f-59e6d3a7da63,insert,product_type,,starter_deck
zh-TW-2ffb668f198e,catalog.sealed_products,a0260dee-db0d-5565-ae6f-59e6d3a7da63,insert,native_name,,挑戰牌組 大吾的鐵啞鈴&巨金怪ex
zh-TW-2ffb668f198e,catalog.sealed_products,a0260dee-db0d-5565-ae6f-59e6d3a7da63,insert,english_display_name,,Challenge Deck: Steven's Beldum & Metagross ex
zh-TW-2ffb668f198e,catalog.sealed_products,a0260dee-db0d-5565-ae6f-59e6d3a7da63,insert,product_code,,TW-SVF-S
zh-TW-2ffb668f198e,catalog.sealed_products,a0260dee-db0d-5565-ae6f-59e6d3a7da63,insert,release_date,,2025-03-07
zh-TW-974fa735782e,catalog.sets,664d717f-745d-4178-ae4f-5863ae558a2f,update,english_display_name,熱風競技場,Hot Wind Arena
zh-TW-974fa735782e,catalog.sets,664d717f-745d-4178-ae4f-5863ae558a2f,update,release_date,2025-03-14,2025-03-28
zh-TW-dd68ad1c0890,catalog.sets,4f84057b-edcf-4523-967c-5997ae696987,update,english_display_name,Destined Rivals,Glory of the Rocket Gang
zh-TW-dd68ad1c0890,catalog.sets,4f84057b-edcf-4523-967c-5997ae696987,update,total,98,132
zh-TW-77c7643aa5ed,catalog.sets,1d98735e-860e-57d3-bad3-dccd36de8db9,insert,id,,1d98735e-860e-57d3-bad3-dccd36de8db9
zh-TW-77c7643aa5ed,catalog.sets,1d98735e-860e-57d3-bad3-dccd36de8db9,insert,game_code,,pokemon
zh-TW-77c7643aa5ed,catalog.sets,1d98735e-860e-57d3-bad3-dccd36de8db9,insert,language_code,,zh-tw
zh-TW-77c7643aa5ed,catalog.sets,1d98735e-860e-57d3-bad3-dccd36de8db9,insert,set_code,,TW-SV11B
zh-TW-77c7643aa5ed,catalog.sets,1d98735e-860e-57d3-bad3-dccd36de8db9,insert,provider_set_code,,
zh-TW-77c7643aa5ed,catalog.sets,1d98735e-860e-57d3-bad3-dccd36de8db9,insert,release_date,,2025-06-20
zh-TW-77c7643aa5ed,catalog.sets,1d98735e-860e-57d3-bad3-dccd36de8db9,insert,printed_total,,
zh-TW-77c7643aa5ed,catalog.sets,1d98735e-860e-57d3-bad3-dccd36de8db9,insert,total,,174
zh-TW-77c7643aa5ed,catalog.sets,1d98735e-860e-57d3-bad3-dccd36de8db9,insert,native_name,,漆黑伏特
zh-TW-77c7643aa5ed,catalog.sets,1d98735e-860e-57d3-bad3-dccd36de8db9,insert,english_display_name,,Black Bolt
zh-TW-f6512185fc4f,catalog.sets,64efbb7f-dc08-5d16-8bce-0ecb44073fbf,insert,id,,64efbb7f-dc08-5d16-8bce-0ecb44073fbf
zh-TW-f6512185fc4f,catalog.sets,64efbb7f-dc08-5d16-8bce-0ecb44073fbf,insert,game_code,,pokemon
zh-TW-f6512185fc4f,catalog.sets,64efbb7f-dc08-5d16-8bce-0ecb44073fbf,insert,language_code,,zh-tw
zh-TW-f6512185fc4f,catalog.sets,64efbb7f-dc08-5d16-8bce-0ecb44073fbf,insert,set_code,,SV11W
zh-TW-f6512185fc4f,catalog.sets,64efbb7f-dc08-5d16-8bce-0ecb44073fbf,insert,provider_set_code,,
zh-TW-f6512185fc4f,catalog.sets,64efbb7f-dc08-5d16-8bce-0ecb44073fbf,insert,release_date,,2025-06-20
zh-TW-f6512185fc4f,catalog.sets,64efbb7f-dc08-5d16-8bce-0ecb44073fbf,insert,printed_total,,
zh-TW-f6512185fc4f,catalog.sets,64efbb7f-dc08-5d16-8bce-0ecb44073fbf,insert,total,,174
zh-TW-f6512185fc4f,catalog.sets,64efbb7f-dc08-5d16-8bce-0ecb44073fbf,insert,native_name,,純白閃焰
zh-TW-f6512185fc4f,catalog.sets,64efbb7f-dc08-5d16-8bce-0ecb44073fbf,insert,english_display_name,,White Flare
zh-TW-e124fcba7d1d,catalog.sealed_products,4e204f60-9832-5e9a-8346-cd797ef479c4,insert,id,,4e204f60-9832-5e9a-8346-cd797ef479c4
zh-TW-e124fcba7d1d,catalog.sealed_products,4e204f60-9832-5e9a-8346-cd797ef479c4,insert,game_code,,pokemon
zh-TW-e124fcba7d1d,catalog.sealed_products,4e204f60-9832-5e9a-8346-cd797ef479c4,insert,language_code,,zh-tw
zh-TW-e124fcba7d1d,catalog.sealed_products,4e204f60-9832-5e9a-8346-cd797ef479c4,insert,set_id,,
zh-TW-e124fcba7d1d,catalog.sealed_products,4e204f60-9832-5e9a-8346-cd797ef479c4,insert,product_type,,starter_deck
zh-TW-e124fcba7d1d,catalog.sealed_products,4e204f60-9832-5e9a-8346-cd797ef479c4,insert,native_name,,ex初階牌組 噴火龍
zh-TW-e124fcba7d1d,catalog.sealed_products,4e204f60-9832-5e9a-8346-cd797ef479c4,insert,english_display_name,,ex Start Deck: Charizard
zh-TW-e124fcba7d1d,catalog.sealed_products,4e204f60-9832-5e9a-8346-cd797ef479c4,insert,product_code,,SVQL
zh-TW-e124fcba7d1d,catalog.sealed_products,4e204f60-9832-5e9a-8346-cd797ef479c4,insert,release_date,,2025-07-18
zh-TW-949def28022a,catalog.sealed_products,b227b99d-6596-5eca-9a2f-fa1419a8a8ce,insert,id,,b227b99d-6596-5eca-9a2f-fa1419a8a8ce
zh-TW-949def28022a,catalog.sealed_products,b227b99d-6596-5eca-9a2f-fa1419a8a8ce,insert,game_code,,pokemon
zh-TW-949def28022a,catalog.sealed_products,b227b99d-6596-5eca-9a2f-fa1419a8a8ce,insert,language_code,,zh-tw
zh-TW-949def28022a,catalog.sealed_products,b227b99d-6596-5eca-9a2f-fa1419a8a8ce,insert,set_id,,
zh-TW-949def28022a,catalog.sealed_products,b227b99d-6596-5eca-9a2f-fa1419a8a8ce,insert,product_type,,starter_deck
zh-TW-949def28022a,catalog.sealed_products,b227b99d-6596-5eca-9a2f-fa1419a8a8ce,insert,native_name,,ex初階牌組 皮卡丘
zh-TW-949def28022a,catalog.sealed_products,b227b99d-6596-5eca-9a2f-fa1419a8a8ce,insert,english_display_name,,ex Start Deck: Pikachu
zh-TW-949def28022a,catalog.sealed_products,b227b99d-6596-5eca-9a2f-fa1419a8a8ce,insert,product_code,,SVQP
zh-TW-949def28022a,catalog.sealed_products,b227b99d-6596-5eca-9a2f-fa1419a8a8ce,insert,release_date,,2025-07-18
zh-TW-5cd724144f1f,catalog.sets,3dc56ff3-cdfc-573b-86d2-2f07d439d3a6,insert,id,,3dc56ff3-cdfc-573b-86d2-2f07d439d3a6
zh-TW-5cd724144f1f,catalog.sets,3dc56ff3-cdfc-573b-86d2-2f07d439d3a6,insert,game_code,,pokemon
zh-TW-5cd724144f1f,catalog.sets,3dc56ff3-cdfc-573b-86d2-2f07d439d3a6,insert,language_code,,zh-tw
zh-TW-5cd724144f1f,catalog.sets,3dc56ff3-cdfc-573b-86d2-2f07d439d3a6,insert,set_code,,M1L
zh-TW-5cd724144f1f,catalog.sets,3dc56ff3-cdfc-573b-86d2-2f07d439d3a6,insert,provider_set_code,,
zh-TW-5cd724144f1f,catalog.sets,3dc56ff3-cdfc-573b-86d2-2f07d439d3a6,insert,release_date,,2025-08-15
zh-TW-5cd724144f1f,catalog.sets,3dc56ff3-cdfc-573b-86d2-2f07d439d3a6,insert,printed_total,,
zh-TW-5cd724144f1f,catalog.sets,3dc56ff3-cdfc-573b-86d2-2f07d439d3a6,insert,total,,92
zh-TW-5cd724144f1f,catalog.sets,3dc56ff3-cdfc-573b-86d2-2f07d439d3a6,insert,native_name,,超級勇氣
zh-TW-5cd724144f1f,catalog.sets,3dc56ff3-cdfc-573b-86d2-2f07d439d3a6,insert,english_display_name,,Mega Brave
zh-TW-0f37c5f8c336,catalog.sets,8bc2bb53-9c42-5b81-988c-7e3c9e029e5f,insert,id,,8bc2bb53-9c42-5b81-988c-7e3c9e029e5f
zh-TW-0f37c5f8c336,catalog.sets,8bc2bb53-9c42-5b81-988c-7e3c9e029e5f,insert,game_code,,pokemon
zh-TW-0f37c5f8c336,catalog.sets,8bc2bb53-9c42-5b81-988c-7e3c9e029e5f,insert,language_code,,zh-tw
zh-TW-0f37c5f8c336,catalog.sets,8bc2bb53-9c42-5b81-988c-7e3c9e029e5f,insert,set_code,,M1S
zh-TW-0f37c5f8c336,catalog.sets,8bc2bb53-9c42-5b81-988c-7e3c9e029e5f,insert,provider_set_code,,
zh-TW-0f37c5f8c336,catalog.sets,8bc2bb53-9c42-5b81-988c-7e3c9e029e5f,insert,release_date,,2025-08-15
zh-TW-0f37c5f8c336,catalog.sets,8bc2bb53-9c42-5b81-988c-7e3c9e029e5f,insert,printed_total,,
zh-TW-0f37c5f8c336,catalog.sets,8bc2bb53-9c42-5b81-988c-7e3c9e029e5f,insert,total,,92
zh-TW-0f37c5f8c336,catalog.sets,8bc2bb53-9c42-5b81-988c-7e3c9e029e5f,insert,native_name,,超級交響樂
zh-TW-0f37c5f8c336,catalog.sets,8bc2bb53-9c42-5b81-988c-7e3c9e029e5f,insert,english_display_name,,Mega Symphonia
zh-TW-a1a18e45b7d6,catalog.sealed_products,61771444-2ce2-5cf3-a8be-feebd95a610a,insert,id,,61771444-2ce2-5cf3-a8be-feebd95a610a
zh-TW-a1a18e45b7d6,catalog.sealed_products,61771444-2ce2-5cf3-a8be-feebd95a610a,insert,game_code,,pokemon
zh-TW-a1a18e45b7d6,catalog.sealed_products,61771444-2ce2-5cf3-a8be-feebd95a610a,insert,language_code,,zh-tw
zh-TW-a1a18e45b7d6,catalog.sealed_products,61771444-2ce2-5cf3-a8be-feebd95a610a,insert,set_id,,
zh-TW-a1a18e45b7d6,catalog.sealed_products,61771444-2ce2-5cf3-a8be-feebd95a610a,insert,product_type,,starter_deck
zh-TW-a1a18e45b7d6,catalog.sealed_products,61771444-2ce2-5cf3-a8be-feebd95a610a,insert,native_name,,挑戰牌組 超級蒂安希ex
zh-TW-a1a18e45b7d6,catalog.sealed_products,61771444-2ce2-5cf3-a8be-feebd95a610a,insert,english_display_name,,Challenge Deck: Mega Diancie ex
zh-TW-a1a18e45b7d6,catalog.sealed_products,61771444-2ce2-5cf3-a8be-feebd95a610a,insert,product_code,,MBD
zh-TW-a1a18e45b7d6,catalog.sealed_products,61771444-2ce2-5cf3-a8be-feebd95a610a,insert,release_date,,2025-09-19
zh-TW-4e5a9002b259,catalog.sealed_products,64b4074f-7b48-56c5-a102-ee753d54cd69,insert,id,,64b4074f-7b48-56c5-a102-ee753d54cd69
zh-TW-4e5a9002b259,catalog.sealed_products,64b4074f-7b48-56c5-a102-ee753d54cd69,insert,game_code,,pokemon
zh-TW-4e5a9002b259,catalog.sealed_products,64b4074f-7b48-56c5-a102-ee753d54cd69,insert,language_code,,zh-tw
zh-TW-4e5a9002b259,catalog.sealed_products,64b4074f-7b48-56c5-a102-ee753d54cd69,insert,set_id,,
zh-TW-4e5a9002b259,catalog.sealed_products,64b4074f-7b48-56c5-a102-ee753d54cd69,insert,product_type,,starter_deck
zh-TW-4e5a9002b259,catalog.sealed_products,64b4074f-7b48-56c5-a102-ee753d54cd69,insert,native_name,,挑戰牌組 超級耿鬼ex
zh-TW-4e5a9002b259,catalog.sealed_products,64b4074f-7b48-56c5-a102-ee753d54cd69,insert,english_display_name,,Challenge Deck: Mega Gengar ex
zh-TW-4e5a9002b259,catalog.sealed_products,64b4074f-7b48-56c5-a102-ee753d54cd69,insert,product_code,,MBG
zh-TW-4e5a9002b259,catalog.sealed_products,64b4074f-7b48-56c5-a102-ee753d54cd69,insert,release_date,,2025-09-19
zh-TW-46e6de88e93e,catalog.sets,32828f7c-dc1e-5ca9-b2d8-123dce722591,insert,id,,32828f7c-dc1e-5ca9-b2d8-123dce722591
zh-TW-46e6de88e93e,catalog.sets,32828f7c-dc1e-5ca9-b2d8-123dce722591,insert,game_code,,pokemon
zh-TW-46e6de88e93e,catalog.sets,32828f7c-dc1e-5ca9-b2d8-123dce722591,insert,language_code,,zh-tw
zh-TW-46e6de88e93e,catalog.sets,32828f7c-dc1e-5ca9-b2d8-123dce722591,insert,set_code,,M2
zh-TW-46e6de88e93e,catalog.sets,32828f7c-dc1e-5ca9-b2d8-123dce722591,insert,provider_set_code,,
zh-TW-46e6de88e93e,catalog.sets,32828f7c-dc1e-5ca9-b2d8-123dce722591,insert,release_date,,2025-10-09
zh-TW-46e6de88e93e,catalog.sets,32828f7c-dc1e-5ca9-b2d8-123dce722591,insert,printed_total,,
zh-TW-46e6de88e93e,catalog.sets,32828f7c-dc1e-5ca9-b2d8-123dce722591,insert,total,,116
zh-TW-46e6de88e93e,catalog.sets,32828f7c-dc1e-5ca9-b2d8-123dce722591,insert,native_name,,烈獄狂火X
zh-TW-46e6de88e93e,catalog.sets,32828f7c-dc1e-5ca9-b2d8-123dce722591,insert,english_display_name,,Inferno X
zh-TW-cde90de02356,catalog.sets,dc0cd156-0f26-5d40-9c31-572f9933a022,insert,id,,dc0cd156-0f26-5d40-9c31-572f9933a022
zh-TW-cde90de02356,catalog.sets,dc0cd156-0f26-5d40-9c31-572f9933a022,insert,game_code,,pokemon
zh-TW-cde90de02356,catalog.sets,dc0cd156-0f26-5d40-9c31-572f9933a022,insert,language_code,,zh-tw
zh-TW-cde90de02356,catalog.sets,dc0cd156-0f26-5d40-9c31-572f9933a022,insert,set_code,,M2a
zh-TW-cde90de02356,catalog.sets,dc0cd156-0f26-5d40-9c31-572f9933a022,insert,provider_set_code,,
zh-TW-cde90de02356,catalog.sets,dc0cd156-0f26-5d40-9c31-572f9933a022,insert,release_date,,2025-12-05
zh-TW-cde90de02356,catalog.sets,dc0cd156-0f26-5d40-9c31-572f9933a022,insert,printed_total,,
zh-TW-cde90de02356,catalog.sets,dc0cd156-0f26-5d40-9c31-572f9933a022,insert,total,,250
zh-TW-cde90de02356,catalog.sets,dc0cd156-0f26-5d40-9c31-572f9933a022,insert,native_name,,超級進化夢想ex
zh-TW-cde90de02356,catalog.sets,dc0cd156-0f26-5d40-9c31-572f9933a022,insert,english_display_name,,MEGA Dream ex
zh-TW-3fe2b38c6ebe,catalog.sealed_products,172fa5b2-4af4-5c60-afd1-4c8e6b2e6ed8,insert,id,,172fa5b2-4af4-5c60-afd1-4c8e6b2e6ed8
zh-TW-3fe2b38c6ebe,catalog.sealed_products,172fa5b2-4af4-5c60-afd1-4c8e6b2e6ed8,insert,game_code,,pokemon
zh-TW-3fe2b38c6ebe,catalog.sealed_products,172fa5b2-4af4-5c60-afd1-4c8e6b2e6ed8,insert,language_code,,zh-tw
zh-TW-3fe2b38c6ebe,catalog.sealed_products,172fa5b2-4af4-5c60-afd1-4c8e6b2e6ed8,insert,set_id,,
zh-TW-3fe2b38c6ebe,catalog.sealed_products,172fa5b2-4af4-5c60-afd1-4c8e6b2e6ed8,insert,product_type,,starter_deck
zh-TW-3fe2b38c6ebe,catalog.sealed_products,172fa5b2-4af4-5c60-afd1-4c8e6b2e6ed8,insert,native_name,,初階牌組100對戰收藏
zh-TW-3fe2b38c6ebe,catalog.sealed_products,172fa5b2-4af4-5c60-afd1-4c8e6b2e6ed8,insert,english_display_name,,Start Deck 100 Battle Collection
zh-TW-3fe2b38c6ebe,catalog.sealed_products,172fa5b2-4af4-5c60-afd1-4c8e6b2e6ed8,insert,product_code,,TW-SD100-BC
zh-TW-3fe2b38c6ebe,catalog.sealed_products,172fa5b2-4af4-5c60-afd1-4c8e6b2e6ed8,insert,release_date,,2026-01-16
zh-TW-bc558463633d,catalog.sets,e1a8f7a2-a981-5ddc-9ed4-4d45bad629ea,insert,id,,e1a8f7a2-a981-5ddc-9ed4-4d45bad629ea
zh-TW-bc558463633d,catalog.sets,e1a8f7a2-a981-5ddc-9ed4-4d45bad629ea,insert,game_code,,pokemon
zh-TW-bc558463633d,catalog.sets,e1a8f7a2-a981-5ddc-9ed4-4d45bad629ea,insert,language_code,,zh-tw
zh-TW-bc558463633d,catalog.sets,e1a8f7a2-a981-5ddc-9ed4-4d45bad629ea,insert,set_code,,M3
zh-TW-bc558463633d,catalog.sets,e1a8f7a2-a981-5ddc-9ed4-4d45bad629ea,insert,provider_set_code,,
zh-TW-bc558463633d,catalog.sets,e1a8f7a2-a981-5ddc-9ed4-4d45bad629ea,insert,release_date,,2026-02-06
zh-TW-bc558463633d,catalog.sets,e1a8f7a2-a981-5ddc-9ed4-4d45bad629ea,insert,printed_total,,
zh-TW-bc558463633d,catalog.sets,e1a8f7a2-a981-5ddc-9ed4-4d45bad629ea,insert,total,,117
zh-TW-bc558463633d,catalog.sets,e1a8f7a2-a981-5ddc-9ed4-4d45bad629ea,insert,native_name,,虛無歸零
zh-TW-bc558463633d,catalog.sets,e1a8f7a2-a981-5ddc-9ed4-4d45bad629ea,insert,english_display_name,,Nihil Zero
zh-TW-6dd574732d59,catalog.sets,fddfe1f9-6ed5-55e2-8610-f8d2fd69ab4d,insert,id,,fddfe1f9-6ed5-55e2-8610-f8d2fd69ab4d
zh-TW-6dd574732d59,catalog.sets,fddfe1f9-6ed5-55e2-8610-f8d2fd69ab4d,insert,game_code,,pokemon
zh-TW-6dd574732d59,catalog.sets,fddfe1f9-6ed5-55e2-8610-f8d2fd69ab4d,insert,language_code,,zh-tw
zh-TW-6dd574732d59,catalog.sets,fddfe1f9-6ed5-55e2-8610-f8d2fd69ab4d,insert,set_code,,M4
zh-TW-6dd574732d59,catalog.sets,fddfe1f9-6ed5-55e2-8610-f8d2fd69ab4d,insert,provider_set_code,,
zh-TW-6dd574732d59,catalog.sets,fddfe1f9-6ed5-55e2-8610-f8d2fd69ab4d,insert,release_date,,2026-03-27
zh-TW-6dd574732d59,catalog.sets,fddfe1f9-6ed5-55e2-8610-f8d2fd69ab4d,insert,printed_total,,
zh-TW-6dd574732d59,catalog.sets,fddfe1f9-6ed5-55e2-8610-f8d2fd69ab4d,insert,total,,120
zh-TW-6dd574732d59,catalog.sets,fddfe1f9-6ed5-55e2-8610-f8d2fd69ab4d,insert,native_name,,忍者飛旋
zh-TW-6dd574732d59,catalog.sets,fddfe1f9-6ed5-55e2-8610-f8d2fd69ab4d,insert,english_display_name,,Ninja Spinner
zh-TW-5d0f2c0fb6e0,catalog.sets,41e9353b-bb1b-5965-9227-8cb0f804d1ac,insert,id,,41e9353b-bb1b-5965-9227-8cb0f804d1ac
zh-TW-5d0f2c0fb6e0,catalog.sets,41e9353b-bb1b-5965-9227-8cb0f804d1ac,insert,game_code,,pokemon
zh-TW-5d0f2c0fb6e0,catalog.sets,41e9353b-bb1b-5965-9227-8cb0f804d1ac,insert,language_code,,zh-tw
zh-TW-5d0f2c0fb6e0,catalog.sets,41e9353b-bb1b-5965-9227-8cb0f804d1ac,insert,set_code,,M5
zh-TW-5d0f2c0fb6e0,catalog.sets,41e9353b-bb1b-5965-9227-8cb0f804d1ac,insert,provider_set_code,,
zh-TW-5d0f2c0fb6e0,catalog.sets,41e9353b-bb1b-5965-9227-8cb0f804d1ac,insert,release_date,,2026-06-05
zh-TW-5d0f2c0fb6e0,catalog.sets,41e9353b-bb1b-5965-9227-8cb0f804d1ac,insert,printed_total,,
zh-TW-5d0f2c0fb6e0,catalog.sets,41e9353b-bb1b-5965-9227-8cb0f804d1ac,insert,total,,118
zh-TW-5d0f2c0fb6e0,catalog.sets,41e9353b-bb1b-5965-9227-8cb0f804d1ac,insert,native_name,,深淵之瞳
zh-TW-5d0f2c0fb6e0,catalog.sets,41e9353b-bb1b-5965-9227-8cb0f804d1ac,insert,english_display_name,,Abyss Eye
zh-TW-860e5a5ea101,catalog.sealed_products,794fc9f2-e4ca-5b12-93f4-b0acc102127b,insert,id,,794fc9f2-e4ca-5b12-93f4-b0acc102127b
zh-TW-860e5a5ea101,catalog.sealed_products,794fc9f2-e4ca-5b12-93f4-b0acc102127b,insert,game_code,,pokemon
zh-TW-860e5a5ea101,catalog.sealed_products,794fc9f2-e4ca-5b12-93f4-b0acc102127b,insert,language_code,,zh-tw
zh-TW-860e5a5ea101,catalog.sealed_products,794fc9f2-e4ca-5b12-93f4-b0acc102127b,insert,set_id,,
zh-TW-860e5a5ea101,catalog.sealed_products,794fc9f2-e4ca-5b12-93f4-b0acc102127b,insert,product_type,,starter_deck
zh-TW-860e5a5ea101,catalog.sealed_products,794fc9f2-e4ca-5b12-93f4-b0acc102127b,insert,native_name,,戰術牌組 超級噴火龍Xex
zh-TW-860e5a5ea101,catalog.sealed_products,794fc9f2-e4ca-5b12-93f4-b0acc102127b,insert,english_display_name,,Tactical Deck: Mega Charizard X ex
zh-TW-860e5a5ea101,catalog.sealed_products,794fc9f2-e4ca-5b12-93f4-b0acc102127b,insert,product_code,,MTL
zh-TW-860e5a5ea101,catalog.sealed_products,794fc9f2-e4ca-5b12-93f4-b0acc102127b,insert,release_date,,2026-07-17
zh-TW-77c7d2bfb26b,catalog.sealed_products,cd04b6b8-5dfc-5f1a-8224-44765fab60c0,insert,id,,cd04b6b8-5dfc-5f1a-8224-44765fab60c0
zh-TW-77c7d2bfb26b,catalog.sealed_products,cd04b6b8-5dfc-5f1a-8224-44765fab60c0,insert,game_code,,pokemon
zh-TW-77c7d2bfb26b,catalog.sealed_products,cd04b6b8-5dfc-5f1a-8224-44765fab60c0,insert,language_code,,zh-tw
zh-TW-77c7d2bfb26b,catalog.sealed_products,cd04b6b8-5dfc-5f1a-8224-44765fab60c0,insert,set_id,,
zh-TW-77c7d2bfb26b,catalog.sealed_products,cd04b6b8-5dfc-5f1a-8224-44765fab60c0,insert,product_type,,starter_deck
zh-TW-77c7d2bfb26b,catalog.sealed_products,cd04b6b8-5dfc-5f1a-8224-44765fab60c0,insert,native_name,,戰術牌組 超級快龍ex
zh-TW-77c7d2bfb26b,catalog.sealed_products,cd04b6b8-5dfc-5f1a-8224-44765fab60c0,insert,english_display_name,,Tactical Deck: Mega Dragonite ex
zh-TW-77c7d2bfb26b,catalog.sealed_products,cd04b6b8-5dfc-5f1a-8224-44765fab60c0,insert,product_code,,MTK
zh-TW-77c7d2bfb26b,catalog.sealed_products,cd04b6b8-5dfc-5f1a-8224-44765fab60c0,insert,release_date,,2026-07-17
zh-TW-157f7b2ae355,catalog.sealed_products,e9d6d101-4e9d-5545-bbe7-342f56c125c6,insert,id,,e9d6d101-4e9d-5545-bbe7-342f56c125c6
zh-TW-157f7b2ae355,catalog.sealed_products,e9d6d101-4e9d-5545-bbe7-342f56c125c6,insert,game_code,,pokemon
zh-TW-157f7b2ae355,catalog.sealed_products,e9d6d101-4e9d-5545-bbe7-342f56c125c6,insert,language_code,,zh-tw
zh-TW-157f7b2ae355,catalog.sealed_products,e9d6d101-4e9d-5545-bbe7-342f56c125c6,insert,set_id,,
zh-TW-157f7b2ae355,catalog.sealed_products,e9d6d101-4e9d-5545-bbe7-342f56c125c6,insert,product_type,,starter_deck
zh-TW-157f7b2ae355,catalog.sealed_products,e9d6d101-4e9d-5545-bbe7-342f56c125c6,insert,native_name,,戰術牌組 超級沙奈朵ex
zh-TW-157f7b2ae355,catalog.sealed_products,e9d6d101-4e9d-5545-bbe7-342f56c125c6,insert,english_display_name,,Tactical Deck: Mega Gardevoir ex
zh-TW-157f7b2ae355,catalog.sealed_products,e9d6d101-4e9d-5545-bbe7-342f56c125c6,insert,product_code,,TW-MGEX-G
zh-TW-157f7b2ae355,catalog.sealed_products,e9d6d101-4e9d-5545-bbe7-342f56c125c6,insert,release_date,,2026-07-17
zh-TW-945a283ffa50,catalog.sealed_products,2200a18a-f4ff-5513-8a0b-139357b230e2,insert,id,,2200a18a-f4ff-5513-8a0b-139357b230e2
zh-TW-945a283ffa50,catalog.sealed_products,2200a18a-f4ff-5513-8a0b-139357b230e2,insert,game_code,,pokemon
zh-TW-945a283ffa50,catalog.sealed_products,2200a18a-f4ff-5513-8a0b-139357b230e2,insert,language_code,,zh-tw
zh-TW-945a283ffa50,catalog.sealed_products,2200a18a-f4ff-5513-8a0b-139357b230e2,insert,set_id,,
zh-TW-945a283ffa50,catalog.sealed_products,2200a18a-f4ff-5513-8a0b-139357b230e2,insert,product_type,,starter_deck
zh-TW-945a283ffa50,catalog.sealed_products,2200a18a-f4ff-5513-8a0b-139357b230e2,insert,native_name,,戰術牌組 超級巨牙鯊ex
zh-TW-945a283ffa50,catalog.sealed_products,2200a18a-f4ff-5513-8a0b-139357b230e2,insert,english_display_name,,Tactical Deck: Mega Sharpedo ex
zh-TW-945a283ffa50,catalog.sealed_products,2200a18a-f4ff-5513-8a0b-139357b230e2,insert,product_code,,TW-MGEX-S
zh-TW-945a283ffa50,catalog.sealed_products,2200a18a-f4ff-5513-8a0b-139357b230e2,insert,release_date,,2026-07-17
zh-TW-e1227d8b54e9,catalog.sets,98b77caa-5114-5a1b-8214-b42971f9440b,insert,id,,98b77caa-5114-5a1b-8214-b42971f9440b
zh-TW-e1227d8b54e9,catalog.sets,98b77caa-5114-5a1b-8214-b42971f9440b,insert,game_code,,pokemon
zh-TW-e1227d8b54e9,catalog.sets,98b77caa-5114-5a1b-8214-b42971f9440b,insert,language_code,,zh-tw
zh-TW-e1227d8b54e9,catalog.sets,98b77caa-5114-5a1b-8214-b42971f9440b,insert,set_code,,M6
zh-TW-e1227d8b54e9,catalog.sets,98b77caa-5114-5a1b-8214-b42971f9440b,insert,provider_set_code,,
zh-TW-e1227d8b54e9,catalog.sets,98b77caa-5114-5a1b-8214-b42971f9440b,insert,release_date,,2026-08-07
zh-TW-e1227d8b54e9,catalog.sets,98b77caa-5114-5a1b-8214-b42971f9440b,insert,printed_total,,
zh-TW-e1227d8b54e9,catalog.sets,98b77caa-5114-5a1b-8214-b42971f9440b,insert,total,,113
zh-TW-e1227d8b54e9,catalog.sets,98b77caa-5114-5a1b-8214-b42971f9440b,insert,native_name,,綠寶石風暴
zh-TW-e1227d8b54e9,catalog.sets,98b77caa-5114-5a1b-8214-b42971f9440b,insert,english_display_name,,Storm Emeralda
zh-TW-3076e4f29fbe,catalog.sets,b01eef0a-7c02-5d1f-bd5c-ca4507944754,insert,id,,b01eef0a-7c02-5d1f-bd5c-ca4507944754
zh-TW-3076e4f29fbe,catalog.sets,b01eef0a-7c02-5d1f-bd5c-ca4507944754,insert,game_code,,pokemon
zh-TW-3076e4f29fbe,catalog.sets,b01eef0a-7c02-5d1f-bd5c-ca4507944754,insert,language_code,,zh-tw
zh-TW-3076e4f29fbe,catalog.sets,b01eef0a-7c02-5d1f-bd5c-ca4507944754,insert,set_code,,M6a
zh-TW-3076e4f29fbe,catalog.sets,b01eef0a-7c02-5d1f-bd5c-ca4507944754,insert,provider_set_code,,
zh-TW-3076e4f29fbe,catalog.sets,b01eef0a-7c02-5d1f-bd5c-ca4507944754,insert,release_date,,2026-09-16
zh-TW-3076e4f29fbe,catalog.sets,b01eef0a-7c02-5d1f-bd5c-ca4507944754,insert,printed_total,,
zh-TW-3076e4f29fbe,catalog.sets,b01eef0a-7c02-5d1f-bd5c-ca4507944754,insert,total,,
zh-TW-3076e4f29fbe,catalog.sets,b01eef0a-7c02-5d1f-bd5c-ca4507944754,insert,native_name,,30th CELEBRATION
zh-TW-3076e4f29fbe,catalog.sets,b01eef0a-7c02-5d1f-bd5c-ca4507944754,insert,english_display_name,,30th Celebration
zh-TW-9c14d01812fd,catalog.sealed_products,70a1a365-8d86-5995-9d47-5fbc2ad307e2,insert,id,,70a1a365-8d86-5995-9d47-5fbc2ad307e2
zh-TW-9c14d01812fd,catalog.sealed_products,70a1a365-8d86-5995-9d47-5fbc2ad307e2,insert,game_code,,pokemon
zh-TW-9c14d01812fd,catalog.sealed_products,70a1a365-8d86-5995-9d47-5fbc2ad307e2,insert,language_code,,zh-tw
zh-TW-9c14d01812fd,catalog.sealed_products,70a1a365-8d86-5995-9d47-5fbc2ad307e2,insert,set_id,,
zh-TW-9c14d01812fd,catalog.sealed_products,70a1a365-8d86-5995-9d47-5fbc2ad307e2,insert,product_type,,starter_deck
zh-TW-9c14d01812fd,catalog.sealed_products,70a1a365-8d86-5995-9d47-5fbc2ad307e2,insert,native_name,,頂級牌組組合 太陽伊布・月亮伊布
zh-TW-9c14d01812fd,catalog.sealed_products,70a1a365-8d86-5995-9d47-5fbc2ad307e2,insert,english_display_name,,Premium Deck Set: Espeon & Umbreon
zh-TW-9c14d01812fd,catalog.sealed_products,70a1a365-8d86-5995-9d47-5fbc2ad307e2,insert,product_code,,TW-PDS-EU
zh-TW-9c14d01812fd,catalog.sealed_products,70a1a365-8d86-5995-9d47-5fbc2ad307e2,insert,release_date,,2026-09-16
zh-TW-43aee0909785,catalog.sets,75e39f96-6bc1-5803-b905-ffec8306edd6,insert,id,,75e39f96-6bc1-5803-b905-ffec8306edd6
zh-TW-43aee0909785,catalog.sets,75e39f96-6bc1-5803-b905-ffec8306edd6,insert,game_code,,pokemon
zh-TW-43aee0909785,catalog.sets,75e39f96-6bc1-5803-b905-ffec8306edd6,insert,language_code,,zh-tw
zh-TW-43aee0909785,catalog.sets,75e39f96-6bc1-5803-b905-ffec8306edd6,insert,set_code,,M-P
zh-TW-43aee0909785,catalog.sets,75e39f96-6bc1-5803-b905-ffec8306edd6,insert,provider_set_code,,
zh-TW-43aee0909785,catalog.sets,75e39f96-6bc1-5803-b905-ffec8306edd6,insert,release_date,,2025-08-15
zh-TW-43aee0909785,catalog.sets,75e39f96-6bc1-5803-b905-ffec8306edd6,insert,printed_total,,
zh-TW-43aee0909785,catalog.sets,75e39f96-6bc1-5803-b905-ffec8306edd6,insert,total,,
zh-TW-43aee0909785,catalog.sets,75e39f96-6bc1-5803-b905-ffec8306edd6,insert,native_name,,特典卡 超級進化
zh-TW-43aee0909785,catalog.sets,75e39f96-6bc1-5803-b905-ffec8306edd6,insert,english_display_name,,Mega Evolution Promotional cards
zh-TW-2906d27bb5d9,catalog.sets,25b5a960-6481-497d-86b8-b0845a504501,update,english_display_name,特典卡 朱&紫,Scarlet & Violet Promotional cards
zh-TW-2906d27bb5d9,catalog.sets,25b5a960-6481-497d-86b8-b0845a504501,update,release_date,2022-11-29,2022-11-18
zh-TW-a6040164d394,catalog.sets,83193f7e-959b-5ddf-a958-707885d9815c,insert,id,,83193f7e-959b-5ddf-a958-707885d9815c
zh-TW-a6040164d394,catalog.sets,83193f7e-959b-5ddf-a958-707885d9815c,insert,game_code,,pokemon
zh-TW-a6040164d394,catalog.sets,83193f7e-959b-5ddf-a958-707885d9815c,insert,language_code,,zh-tw
zh-TW-a6040164d394,catalog.sets,83193f7e-959b-5ddf-a958-707885d9815c,insert,set_code,,SM-P
zh-TW-a6040164d394,catalog.sets,83193f7e-959b-5ddf-a958-707885d9815c,insert,provider_set_code,,
zh-TW-a6040164d394,catalog.sets,83193f7e-959b-5ddf-a958-707885d9815c,insert,release_date,,
zh-TW-a6040164d394,catalog.sets,83193f7e-959b-5ddf-a958-707885d9815c,insert,printed_total,,
zh-TW-a6040164d394,catalog.sets,83193f7e-959b-5ddf-a958-707885d9815c,insert,total,,78
zh-TW-a6040164d394,catalog.sets,83193f7e-959b-5ddf-a958-707885d9815c,insert,native_name,,特典卡 太陽&月亮
zh-TW-a6040164d394,catalog.sets,83193f7e-959b-5ddf-a958-707885d9815c,insert,english_display_name,,Sun & Moon Promotional cards
zh-TW-e5a8fb2a002d,catalog.sets,ecee23e0-5058-5f54-b39a-7147a17727d3,insert,id,,ecee23e0-5058-5f54-b39a-7147a17727d3
zh-TW-e5a8fb2a002d,catalog.sets,ecee23e0-5058-5f54-b39a-7147a17727d3,insert,game_code,,pokemon
zh-TW-e5a8fb2a002d,catalog.sets,ecee23e0-5058-5f54-b39a-7147a17727d3,insert,language_code,,zh-tw
zh-TW-e5a8fb2a002d,catalog.sets,ecee23e0-5058-5f54-b39a-7147a17727d3,insert,set_code,,S-P
zh-TW-e5a8fb2a002d,catalog.sets,ecee23e0-5058-5f54-b39a-7147a17727d3,insert,provider_set_code,,
zh-TW-e5a8fb2a002d,catalog.sets,ecee23e0-5058-5f54-b39a-7147a17727d3,insert,release_date,,
zh-TW-e5a8fb2a002d,catalog.sets,ecee23e0-5058-5f54-b39a-7147a17727d3,insert,printed_total,,
zh-TW-e5a8fb2a002d,catalog.sets,ecee23e0-5058-5f54-b39a-7147a17727d3,insert,total,,
zh-TW-e5a8fb2a002d,catalog.sets,ecee23e0-5058-5f54-b39a-7147a17727d3,insert,native_name,,特典卡 劍&盾
zh-TW-e5a8fb2a002d,catalog.sets,ecee23e0-5058-5f54-b39a-7147a17727d3,insert,english_display_name,,Sword & Shield Promotional cards
