"language","setCode","cardId","defaultVariantId","collectorNumber","variants","approvedFacePresent","beforePreferredBlank","afterPreferredBlank","presentation","sourceVariantId","assetId"
"en","swsh7","64605614-67ae-453f-ac15-6a642e2513a7","1e864459-6621-4c3c-993d-99d6c534f410","3","2","true","false","false","shared","ddef4a71-607b-4413-bb84-2a4ac62c1b65","44aae85b-5b66-4b22-aff1-16edd3ae9d7d"
"en","swsh7","d3baf5ae-994a-44e5-bce5-446a75f19a64","13435bc1-de47-48a1-948a-c731901a898e","4","2","true","false","false","exact","13435bc1-de47-48a1-948a-c731901a898e","37cbc151-85eb-4aba-91c8-a97a95eaaf74"
"en","swsh7","503a9acf-22e5-4217-99f8-3b65c0fd59b9","275ff3ff-eaaf-4d55-be67-12af59816d14","5","2","true","false","false","exact","275ff3ff-eaaf-4d55-be67-12af59816d14","46d9ed1a-455d-412d-8e39-eb31d95ae3ac"
"en","swsh7","bdfc6677-ac23-4554-b529-4d10b051bc45","191ae7ec-0b7c-4d1e-9a2e-09b01fd4bc0c","6","2","true","false","false","shared","4ec19529-5f61-4fea-a848-e63000f97438","1170327a-0279-4d5f-aff1-545e2e460035"
"en","swsh7","53eadfb7-3f3f-41f3-ae81-aa8a387d0db2","36a0417c-bf2d-4353-991e-5ebd1bfcf660","7","1","true","false","false","exact","36a0417c-bf2d-4353-991e-5ebd1bfcf660","77b466d2-ba37-44f8-8978-793d3b3c833c"
"en","swsh7","9427906b-08df-4d68-8d51-e2fb655c1c7b","2351fbc8-8492-4c0e-9dfb-67a1738362b8","9","2","true","false","false","shared","9c8861a8-282a-4299-a4fb-41cae41b799d","327ceb60-fec8-417d-8dcd-784d413057c7"
"en","swsh7","99d04433-38a2-43a6-9728-02c72282c4a0","32db9850-2573-4d0d-b250-3e46b1e9b42c","10","2","true","false","false","exact","32db9850-2573-4d0d-b250-3e46b1e9b42c","54c5e7de-c2ed-4153-a67b-908521277212"
"en","swsh7","f17b9142-5516-46e9-b76c-6c7b3d70345d","27af2583-d9e0-4a8b-b016-867388d55dbf","11","2","true","false","false","shared","f5be8380-1bd4-4a94-b886-a032730af3c5","49010672-bf76-42b7-b157-727294663b66"
"en","swsh7","03e22d56-62ff-448f-a571-b879bb587a14","448b42de-c072-4fcf-ad65-ba362f05e17e","14","1","true","false","false","exact","448b42de-c072-4fcf-ad65-ba362f05e17e","c7835452-8ad4-45a6-8b97-5b0b25ba20b5"
"en","swsh7","ff037b81-0b9b-4211-b48d-b9c0b5007ae3","19ce5e26-cb82-49b0-9aae-8d74b9c33038","16","2","true","false","false","shared","d6345ad7-7a4d-4c65-aa64-3f4e1e9f15f8","102b9e01-1c31-44d5-a171-b15c5a1e317c"
"en","swsh7","4229058e-185e-48d6-b72f-7112af2e4a7b","1b66af4e-4927-47aa-9aea-726997191b79","19","2","true","false","false","exact","1b66af4e-4927-47aa-9aea-726997191b79","4986df40-701c-4bf1-b4e9-b1f6995fd50b"
"en","swsh7","63e667be-8565-40dc-84b7-e3acaa422310","1e58aa75-ba33-4f62-a7ce-001f8497d48e","24","2","true","false","false","shared","3be2c806-040d-4b87-80e0-5477f62063ec","39ae0119-568b-4e61-94f1-3bf1873f4dd9"
"en","swsh7","f31c2467-53b5-46c8-8339-97e02ac5f661","0afd0739-8075-4121-8899-94d168a1d1a5","26","2","true","false","false","shared","e05ce380-6a4c-45f0-be6b-cc448bb87162","b8f32b56-76a6-4935-8b16-9a5f2131a07c"
"en","swsh7","7b0e73e6-813e-439b-b4d3-78110fdaf766","2730ecf2-5bb0-4227-93fa-137a801916e3","27","2","true","false","false","exact","2730ecf2-5bb0-4227-93fa-137a801916e3","48bf25ee-75c6-4d6a-aa1d-b24cb0adde7b"
"en","swsh7","cc001b88-6225-40c9-b6de-0e3353a34d67","30c8c1de-93e6-46e6-a3cd-cf7b23d8525d","29","1","true","false","false","exact","30c8c1de-93e6-46e6-a3cd-cf7b23d8525d","8cc34710-f459-4dc6-8199-a32314185d86"
"en","swsh7","de50facd-3c5a-4a8a-93c8-d379b84d45a3","250996d3-a285-44ad-aca3-78a4acca5769","33","2","true","false","false","exact","250996d3-a285-44ad-aca3-78a4acca5769","7d54f2cd-fc53-4db8-b922-b9e0ae314612"
"en","swsh7","a894ea95-0915-46e5-98cc-3c1b824b9d1b","04189da2-f99b-47a5-82a3-188abe9d54e8","34","2","true","false","false","shared","e0fb0267-f1b0-4145-8d1f-7e3c8a8891ef","019a3327-4acc-45bd-aece-a53f28a0adaf"
"en","swsh7","85077f52-9716-460f-b90d-a2a0b84b3dc2","3650fbe9-be2d-47df-b5cc-e8bc87e6552a","35","2","true","false","false","exact","3650fbe9-be2d-47df-b5cc-e8bc87e6552a","58b38f33-3e74-4706-a143-5225ac2f126a"
"en","swsh7","1369b51b-371e-4806-bc79-2216cebc98e2","2d7e1f76-46c0-4689-8cb8-5f31a35c69fb","36","2","true","false","false","shared","5390111e-9144-4967-9ccb-dc3046f1c90c","342eed41-4d36-4184-a4e7-537caace9d78"
"en","swsh7","f91008d0-0e46-43cc-a1ce-46c2ea90aedd","235c7f8d-93aa-4034-889d-09587335fb43","41","1","true","false","false","exact","235c7f8d-93aa-4034-889d-09587335fb43","1910ed82-c70d-4682-bec9-67fbb6f44b1e"
"en","swsh7","c61ecb02-9d81-4b43-81bd-c3f6e3b8c908","3a1c9a84-d65b-4558-94fc-fcfe2aadac8a","45","2","true","false","false","shared","1444009a-5ff1-4a73-a6ae-e5e90830d9ca","3aa22a2f-5184-4bb7-8ec3-a2ffae1ec47a"
"en","swsh7","b6233872-36e5-4c4d-ad6b-31d919350a39","2de5c38d-639a-4016-93e2-f9791612e067","46","2","true","false","false","shared","d449f3b0-07ff-4ddd-ab19-83fa2fc1b0db","0a55a986-2b86-461c-bc28-05e57b66ef9f"
"en","swsh7","7788ac3f-2407-441a-91c0-d85ea2aba10b","28a266d4-57a9-4fa3-a44f-535111937168","52","2","true","false","false","shared","20150a8c-7e13-41eb-8504-c9b2258b5b38","1eeae91b-43f5-47e9-b22a-ca39c4336f0b"
"en","swsh7","6729bd71-6871-4a08-a104-fcd24825840c","314f3cbc-52fc-47d3-a58f-34e02fd40c13","56","2","true","false","false","exact","314f3cbc-52fc-47d3-a58f-34e02fd40c13","9fb61271-897f-486b-a2f7-6467008604b6"
"en","swsh7","a6176e76-b77d-4d1f-a9c9-e4df13077f44","16124e70-4e54-490e-982a-42f00e84810b","57","2","true","false","false","shared","8d20cd64-ceed-414d-ab9b-caa14ae845ec","5a3bea77-e7da-4fab-9321-d2aa59ea0700"
"en","swsh7","3b6db742-9dc1-4450-9a8d-36bd982b75b3","40af2d87-4a30-466a-81e8-6dc6d419cd13","59","1","true","false","false","exact","40af2d87-4a30-466a-81e8-6dc6d419cd13","6bcbddad-6872-4302-b08f-153aaa52c71e"
"en","swsh7","20178f71-0f97-45ff-bb80-fb0ef6bb778d","359403a3-9e9a-4a8c-9ab1-66f62fd8ac13","62","2","true","false","false","shared","5c4097e9-1ae9-4019-8af8-ffe2ac389bc8","4071d360-86b8-4ab8-86ad-cc174311c247"
"en","swsh7","d893a6ae-e46b-4a72-bfa9-285b9ae91fdf","3490d129-0c04-4668-a96f-2a18b2a42085","63","2","true","false","false","exact","3490d129-0c04-4668-a96f-2a18b2a42085","30bafc5c-d6e7-46ef-98a8-7401191deb7a"
"en","swsh7","44cefcea-39b2-479a-a594-272bbc833f51","1d2cb4b0-de20-4241-9caf-282f2834ae34","72","2","true","false","false","shared","9ee84b7a-42e5-4f89-8cca-f810597afbfd","72a0f239-9e62-4efb-b7aa-09781131b9c6"
"en","swsh7","448ac932-6f58-48f6-a652-8d4298d4d774","0a6691e7-53b8-446f-a641-fa3dc467066c","73","2","true","false","false","shared","5a4f9f33-8827-47ad-ac76-55ea3aab8f09","0936cb6b-5b0d-4051-bd97-5237cd6f2649"
"en","swsh7","b49bbb6b-d334-4bdb-a7ec-2dd1fb5fa754","1d961300-db77-4bf7-9127-b7a3e41f0da4","74","1","true","false","false","exact","1d961300-db77-4bf7-9127-b7a3e41f0da4","f3be6d03-223f-4c37-8fee-a8eb3aa2c1b9"
"en","swsh7","e6a0ff2e-2a48-41d0-9feb-23e9d78e0280","19aa6937-176b-4fe9-84d5-a1bb5c397fb4","77","2","true","false","false","shared","9a9d1e55-6ae9-41cc-bd3b-5e045cba541f","15754020-1550-44db-bf54-860d75316e4e"
"en","swsh7","72790893-9003-4cee-921a-3dda98b036e7","0afb6249-f5ed-40e5-a341-38195999640f","79","2","true","false","false","exact","0afb6249-f5ed-40e5-a341-38195999640f","2dd5f172-0859-47c2-ae62-0b9fec14c0f8"
"en","swsh7","edb7fdc8-31d9-4de4-9dec-48d6616307cd","264fafb5-4ea4-4f76-a055-e0b460148941","81","2","true","false","false","shared","5d0d01d4-25b4-49f6-bdec-d83524fdffa7","212efeec-7824-4b93-9a34-555c56dd32be"
"en","swsh7","9e316b1c-a53b-43be-852c-f2b903847da4","2d7ea9fa-4e22-43ad-bb05-984cae7eb8e2","82","2","true","false","false","shared","2ecf062e-b56f-4b12-a294-28c8e71b74ce","9ec6ecab-5af4-4dd7-8021-2af8fe87e7bb"
"en","swsh7","165827b4-b2e8-48ae-a303-905bdc2e9eae","0d2414fd-bb84-4dac-ba99-c955c4f95a36","85","2","true","false","false","exact","0d2414fd-bb84-4dac-ba99-c955c4f95a36","b39554ca-854a-4f9e-a8a8-28103b5ecdaf"
"en","swsh7","c48e4902-f81b-4db3-9715-ff68092d66be","3d4593b2-21a1-4aa4-b3e0-56bc46412944","86","2","true","false","false","exact","3d4593b2-21a1-4aa4-b3e0-56bc46412944","9b955a96-1c8d-40bc-8f69-651665818b59"
"en","swsh7","4f131932-7be4-4e98-b07f-2ceafc6d24ac","0b1b4036-a6d9-4c86-9ade-35ca1dc96137","90","2","true","false","false","shared","cc60edd9-dcd7-4fff-bfcd-7bf0f3958c68","34296ec2-ed4c-4c10-bd63-b7025067691d"
"en","swsh7","60094e0d-445e-4269-8b7e-539bdc4b1a9e","04a98e82-3734-455e-8d5b-9bec73901d5f","94","1","true","false","false","exact","04a98e82-3734-455e-8d5b-9bec73901d5f","89fa1929-91a6-4675-87ad-4bc89198a634"
"en","swsh7","94d233cb-7222-442c-8fa7-61d353e2e924","42fbaa06-9177-485f-822f-7c4fc5c46f6a","97","2","true","false","false","exact","42fbaa06-9177-485f-822f-7c4fc5c46f6a","633ebaa9-99dc-4be8-83a2-8f19fc8a53dc"
"en","swsh7","76a527f8-25dc-4bec-afe6-38b9b90c3bce","28402537-8323-4973-8bcc-06a7b2f70958","98","2","true","false","false","shared","8a660bb7-6464-49bc-95d7-031cb639407d","1805f7d4-cf1e-4231-b62c-466beeeaf6d2"
"en","swsh7","20b0893b-0a4a-44ac-a5f1-2f89b860efc1","380939e3-1543-4a41-bf4c-267a87524854","100","1","true","false","false","exact","380939e3-1543-4a41-bf4c-267a87524854","23857e49-87c1-454d-8bce-86026567ff97"
"en","swsh7","8c9ae9d7-f818-4952-8198-0a09b374d400","158cae38-5b86-4b4a-964a-830705bb91ef","101","1","true","false","false","exact","158cae38-5b86-4b4a-964a-830705bb91ef","90b54655-a60f-42f1-9238-203b5a7f7fe9"
"en","swsh7","fa7e0ac5-e65c-47c8-9bd4-9557604fb727","1fffd4a7-92d7-43aa-a1f5-cad34b66df52","105","2","true","false","false","shared","c583e99e-3b03-43d2-b11e-1937ebe1c53d","14a92992-cc8e-455a-86b9-03dda37c7b46"
"en","swsh7","b9d29d22-7025-416d-b6b6-5e67bfe9eba6","1bd92e52-2340-47ab-a34f-c4751de1cbdc","106","2","true","false","false","shared","6a50be34-3b42-468d-bb00-98ac1a184231","44ce25fa-346d-4610-8311-e98acb443113"
"en","swsh7","985200e6-a116-42d1-9a57-c7fc3ddc6c7c","430b008b-bda9-424a-8a5f-1099e50b99ad","107","2","true","false","false","exact","430b008b-bda9-424a-8a5f-1099e50b99ad","094c95d9-c8ef-405d-898c-7c3e3ced19a5"
"en","swsh7","d26339d4-f9d8-4deb-aa71-6a5837a65513","2d40ed07-a955-4a6b-a18d-b9952517adc5","108","2","true","false","false","shared","f548a9cc-5b4f-4228-81ee-b093dbed22fc","73c4be7d-44ba-47be-8e37-637a9bd1b759"
"en","swsh7","f0305780-aa0c-4da1-9d60-854e46257069","165e4bbc-69a4-4776-b835-b056cc47771e","116","2","true","false","false","exact","165e4bbc-69a4-4776-b835-b056cc47771e","82a4749c-fd79-4cd0-8ede-c528acb896a9"
"en","swsh7","eb3bd84b-485c-4724-a7a9-b0e2dcf92336","1147fa0c-31f3-4982-83ab-698478eab923","117","1","true","false","false","exact","1147fa0c-31f3-4982-83ab-698478eab923","debdc0a7-507e-49f5-b3a2-c5c599432d4c"
"en","swsh7","4d5e0063-cbe7-482a-9100-58b578764b18","14f0437a-7b81-4197-99d2-992f8a5f3e20","121","2","true","false","false","exact","14f0437a-7b81-4197-99d2-992f8a5f3e20","32d5bded-a825-4313-9fc8-8a0784d7f043"
"en","swsh7","83ec0545-c386-4055-b714-ce7f19ba3e20","3c3c382f-4a3b-4f98-8b0e-611dcec160fb","123","1","true","false","false","exact","3c3c382f-4a3b-4f98-8b0e-611dcec160fb","bb515b83-c905-4897-92c2-a607b58fb9f5"
"en","swsh7","c468bb70-abcf-4a0b-b0a5-84a24818e0cf","370c9eaa-8bdd-4cd0-93bf-3a5427631955","124","2","true","false","false","exact","370c9eaa-8bdd-4cd0-93bf-3a5427631955","91486144-6e2c-47f8-b033-6345a5226696"
"en","swsh7","fc82b5f8-07c2-48ba-978b-e75efba73dcd","078ce49d-e574-4d74-8c50-b8e36fb6a041","125","2","true","false","false","shared","720a4a69-5868-4798-b15e-647c24537dd9","843d9603-9898-423c-ad7e-aea9995ab0e7"
"en","swsh7","7d6e5840-4f22-420e-bdf0-8a449a6a31d8","31d1eb03-da6b-4636-a2fd-2c67b58adcf9","130","2","true","false","false","shared","b8147a92-d335-4a6e-bfd7-a657ab855c7e","7f018971-619f-4466-af5c-cb7ab26a15d3"
"en","swsh7","e8019612-a328-4786-80aa-07716c8724a6","04719e2d-dcec-4d92-8351-33f51fb062f3","140","2","true","false","false","shared","4664bf68-181d-40e1-b819-a1bf1c6f5a07","213b83cf-f126-4ef0-a96e-37d6503bd58a"
"en","swsh7","7893ca26-a87c-4775-8d10-2f9e62e8147d","0a23b1a4-b0ed-490b-92db-8d6fccd6e058","141","2","true","false","false","exact","0a23b1a4-b0ed-490b-92db-8d6fccd6e058","3b19e365-5e0e-4339-9b10-3a75a747d2fc"
"en","swsh7","ab62adab-7f23-473b-9e57-c4be04d03fe7","0a2d1455-a988-43c8-a366-e44290588243","146","2","true","false","false","exact","0a2d1455-a988-43c8-a366-e44290588243","063452fc-6795-4ea3-b1de-a8c8e1137f04"
"en","swsh7","d944f05f-f65c-4ccf-b246-f84a4b250d02","07fdd12a-94e1-476a-9197-17bfd036bcf2","149","2","true","false","false","shared","036348f6-8a3b-498a-8a5c-48a2be58aa35","9e2bab9f-654a-4595-b850-b2788ae9fb4b"
"en","swsh7","c6894c24-d77c-46b0-bdf5-aa1aaa803470","3888efa9-d4d5-44b5-ac72-e54b77d05e1d","151","2","true","false","false","shared","ebe3d98a-7b8c-4d2d-bd90-bf89ea5aac7a","aa41eda4-18e8-4e2b-b7e4-bfec7ab7c1d0"
"en","swsh7","59f61b3c-1f13-44fb-af2f-4296aaf032f3","31efa77e-0ba3-4756-85f4-0358c0ceea70","152","2","true","false","false","shared","cfd392fe-fa8b-4f05-ae55-cc55a1febfee","6f3461f6-57ff-45c5-9c34-326c1d7ce7e3"
"en","swsh7","826226b3-0192-4966-ac7c-ddc491c61fa7","3a80c67f-7202-4494-b886-ee7d82666f3f","153","2","true","false","false","shared","85f725a9-17d6-48a7-9e42-452daec529b8","a05c18eb-f648-48a0-986f-92bcb9276919"
"en","swsh7","25981b1a-d666-4108-b6cd-bbe320ffeb23","19bd8ad5-fb14-49a2-806d-3bf479de1ab9","154","2","true","false","false","exact","19bd8ad5-fb14-49a2-806d-3bf479de1ab9","a9643148-ce5d-4c6e-aa96-e2c864f89f25"
"en","swsh7","797f4501-441a-4ffb-9b52-11da1232ea7a","2708f83a-579b-4806-bbba-f56a65a870f1","155","2","true","false","false","exact","2708f83a-579b-4806-bbba-f56a65a870f1","0f2ebdd3-2227-4d16-94ab-b74afcc4f93e"
"en","swsh7","bda1795c-358b-4f21-8e25-6c8f9adb4696","40f1ad84-1ba8-4e67-b48b-d6a70660d2f2","157","2","true","false","false","shared","4841647b-3c77-43b1-b971-8447231f64ce","9d866dfe-1b60-48c1-adfd-10d14ace5bf5"
"en","swsh7","d35ea659-b46d-4e4a-af9d-e2683627b881","444449c7-1647-4bd3-861b-beee89229274","159","2","true","false","false","shared","7bc24536-5c89-4c51-9ea8-e5e74be706f5","3036b28f-c3f4-4fd2-89c4-557ccd8cf8cc"
"en","swsh7","571a78a8-9079-4a8e-a98d-fba3efce27ab","1148f6d9-66d2-4ced-9d80-a3b3f3e98516","161","2","true","false","false","shared","e92c3a93-3f21-4679-a7bf-f693a424615d","2af150f3-d24c-46d6-8d85-02b5e15fc1e4"
"en","swsh7","d018830f-0382-405e-8b47-6a7169c50f63","018660c3-843c-4441-a63d-bfe3014944e0","162","2","true","false","false","shared","a0c4f7df-69ff-453e-b41c-f64aa7e7031a","ac168248-6dc9-47d8-ab40-99007d89f8d9"
"en","swsh7","c2fad96a-1456-4843-a5e8-5f51c54b0c1b","32428d61-fbf3-4b5d-85b8-a483c83e8df2","163","2","true","false","false","shared","b8150327-6102-46b4-bdb6-9378f8222c3b","2e64cab8-03bc-472d-a3d8-c94977b2a20f"
"en","swsh7","cc75b4c1-97e2-4526-9050-dd58b00f36a9","354186d6-9eae-4dea-beae-30a896b858b3","165","2","true","false","false","shared","bd324471-7cd5-4d51-8a2f-263c9757074d","1983e95a-dedd-41dc-a3cd-3b2e3c1b8624"
"en","swsh7","aebb1895-b489-4b39-ab35-398458c2ce6c","1080ebf8-9609-4cfa-a0a2-403d17a538ea","178","1","true","false","false","exact","1080ebf8-9609-4cfa-a0a2-403d17a538ea","82b4e61d-ee74-43d1-8841-85da729b0fe7"
"en","swsh7","e2da0d1b-ecdb-43b4-81ac-1d9597d73e13","1445bbbd-9bdd-4efb-9ab3-bfa5ded940e3","179","1","true","false","false","exact","1445bbbd-9bdd-4efb-9ab3-bfa5ded940e3","c97b3135-1d9c-49b0-8db3-ad078a7dfb93"
"en","swsh7","12ec602a-ed24-492b-a815-426f72a345ae","132e75d5-1674-428d-896f-d3eeda4565ea","180","1","true","false","false","exact","132e75d5-1674-428d-896f-d3eeda4565ea","b1519fb1-1ae7-40bf-a09a-86b71c2b2686"
"en","swsh7","5d841f7a-f6ce-4f3d-9248-9ab6d0f3b9f0","43978a0b-60bb-4d99-a40a-32c0dc44ef6f","182","1","true","false","false","exact","43978a0b-60bb-4d99-a40a-32c0dc44ef6f","f72a6ea1-6dff-4d4b-815c-f55d5995ff51"
"en","swsh7","7e999ce0-45e3-4c62-9c71-3eb4c0808b9d","2ea39709-fc28-4653-9a42-6d0dee1ee9af","183","1","true","false","false","exact","2ea39709-fc28-4653-9a42-6d0dee1ee9af","cf4b73d1-b532-4e55-9339-127877a410ae"
"en","swsh7","97961742-8589-4c67-9eff-70c2f43265da","09c1fe98-ba41-4879-b6f7-dc854392e609","186","1","true","false","false","exact","09c1fe98-ba41-4879-b6f7-dc854392e609","e3a9601f-1313-4256-9b94-abf07f92c7f6"
"en","swsh7","02722b2e-95d5-4cd3-8656-ad5c90fd83b1","23a5f3ed-5050-40d5-9a2f-b63e9c36c940","191","1","true","false","false","exact","23a5f3ed-5050-40d5-9a2f-b63e9c36c940","6cbf7bfc-749e-4cef-bb95-6c9a4474a799"
"en","swsh7","2773b35b-d627-49e3-b14c-2179ca2a0020","2e8dc2dd-7d40-4a92-8951-3558fdd36718","192","1","true","false","false","exact","2e8dc2dd-7d40-4a92-8951-3558fdd36718","b8e080e1-c4b8-47b4-a4af-3f52792dee54"
"en","swsh7","b5509a14-4bf1-4fd2-a1b7-c9b6d9541139","0e3f9681-aa84-4900-b264-bc13b4740ef5","193","1","true","false","false","exact","0e3f9681-aa84-4900-b264-bc13b4740ef5","553acd53-38b4-4b06-801a-19b0eecc7eb0"
"en","swsh7","b3a07ec3-ebd9-4040-bca4-2602b33819b8","0157d2f0-665c-4eed-a256-5c6bcb2d6229","198","1","true","false","false","exact","0157d2f0-665c-4eed-a256-5c6bcb2d6229","2fe2d34c-636c-49ef-949b-9880ea3e5ce2"
"en","swsh7","073c6e73-4f65-47c7-8fc1-2b81ed60fb25","44355956-7560-4ceb-9944-09e11f9edc08","204","1","true","false","false","exact","44355956-7560-4ceb-9944-09e11f9edc08","86cb514e-1815-460a-9dfb-6c3e6de35c9b"
"en","swsh7","4c0d0dad-f574-44ae-8970-09778713664a","0ecc33b1-8f71-4c3a-a958-cdb9e7d8b1cd","208","1","true","false","false","exact","0ecc33b1-8f71-4c3a-a958-cdb9e7d8b1cd","d51ef6e3-9657-4115-bec8-3a9d8de1ebb0"
"en","swsh7","16d4fa77-a89e-4f88-8b4b-9254472756e6","04d24f3c-6c94-4a65-80e8-ed4a9e58835a","214","1","true","false","false","exact","04d24f3c-6c94-4a65-80e8-ed4a9e58835a","d7cf8d32-168f-4aea-ab16-e9ed2e543ce6"
"en","swsh7","b56bb0fa-976c-457b-aea2-02473182ced8","0faa8236-a1f6-4ad1-b681-6bbc369c6a91","215","1","true","false","false","exact","0faa8236-a1f6-4ad1-b681-6bbc369c6a91","44aaf3e5-0164-4a36-9933-d3cd3c79d9eb"
"en","swsh7","2fed1084-a19f-4092-a124-38b792644dd0","1ad12a5f-9653-4c25-a101-c8902608b813","217","1","true","false","false","exact","1ad12a5f-9653-4c25-a101-c8902608b813","a49d5b7d-4cc8-4cc8-8e95-f97c17bdd4ad"
"en","swsh7","ec8686cf-e468-4b8f-8694-71d8cada638a","3a79e477-c93d-4789-a1c0-1b5ae445a3f3","220","1","true","false","false","exact","3a79e477-c93d-4789-a1c0-1b5ae445a3f3","3b323ac0-dbb3-49e4-a0b6-149ba0939df1"
"en","swsh7","e9a304a3-bac9-4f82-9efd-964aa00ef0d1","0e234032-de60-4944-9f9e-23df4bb2a65f","224","1","true","false","false","exact","0e234032-de60-4944-9f9e-23df4bb2a65f","87242ade-4dd6-4abf-8795-a8644b9e9150"
"en","swsh7","b7cb8c87-bc08-4243-813f-3d051271d546","1f2820f0-93b4-4c59-90e1-d89db0ad3f38","226","1","true","false","false","exact","1f2820f0-93b4-4c59-90e1-d89db0ad3f38","7c570a00-0fef-4a7b-9a58-065b91df7900"
"en","swsh7","da81d40d-3668-4422-a2e6-321777c5a51f","2583055e-85cc-4cd9-8399-261a4836d437","227","1","true","false","false","exact","2583055e-85cc-4cd9-8399-261a4836d437","2ecc6695-6a5b-4c2f-a229-f92f2cca01f8"
"en","swsh7","64b04acf-2229-4cb2-9149-087c2a784371","38bdfc3a-6686-42a5-91c1-57dcf0712854","233","1","true","false","false","exact","38bdfc3a-6686-42a5-91c1-57dcf0712854","59becea2-e4ab-4473-bee8-835ac155ad06"
"en","swsh7","c5315a0d-1bbd-4990-b44a-22ffec799bf5","2033addf-8fdc-43e6-80dc-9cff57c0eb6a","236","1","true","false","false","exact","2033addf-8fdc-43e6-80dc-9cff57c0eb6a","09eb886b-5a33-4829-8d23-a42d02511ce1"
"en","swsh7","a4f5155e-9b10-4de0-b0f7-68270e8f0f35","7b6d3d81-ccd6-4fb2-9034-878ba423a2c4","1","2","true","false","false","shared","b6e0957a-7a14-4a46-878a-c44e60cdfcc0","6aa85f92-77ff-42d4-b501-1451a98c55fe"
"en","swsh7","be17137d-b1f5-4460-a7dd-277d5d277d45","80b6c3ac-0ec3-421c-af56-75eefcd19508","2","2","true","false","false","shared","9e373851-6013-4a21-b5e4-313c7cb88a2b","4741b90e-d5c0-4a59-9f5d-da34c9087b75"
"en","swsh7","cf2f0887-b423-4189-8668-1cfc060fe82d","66a3036d-61cc-4dbf-9de4-97327830bc10","12","2","true","false","false","exact","66a3036d-61cc-4dbf-9de4-97327830bc10","4d628939-5799-4fef-b3d5-f5b649c74c48"
"en","swsh7","43513488-fde3-4bbe-8362-02bfff30585f","78f627a6-6717-4203-92fb-775b2d1e8d28","15","2","true","false","false","exact","78f627a6-6717-4203-92fb-775b2d1e8d28","3bd8927f-a311-4f51-a7f0-d5db2d1953e5"
"en","swsh7","e306e28f-f547-43b9-b1d5-213023b7f867","88c10039-ceaf-4a3f-b73d-582fc216ec16","20","2","true","false","false","shared","d2c421d6-e2f1-4ddc-8345-7b465011d6bf","4c00cce4-706b-45b6-a9d3-fdcd6a2b4ec3"
"en","swsh7","85afa7db-6cdf-4849-8427-1cc050a88232","6fd2fd5d-373b-4bc2-ae54-705457eae519","25","2","true","false","false","exact","6fd2fd5d-373b-4bc2-ae54-705457eae519","1a927e09-49ee-41d9-b550-ae33eecaca8f"
"en","swsh7","6f598edb-4bb0-4954-ba9e-2750c5f7b3f7","68b38e2a-2a15-4a85-90ff-061e5c3d5d21","30","1","true","false","false","exact","68b38e2a-2a15-4a85-90ff-061e5c3d5d21","a019300a-e601-4bbe-acb0-d391527ad76c"
"en","swsh7","5d00de78-b59c-4b09-9b79-d07232928eab","54e34e62-5465-4539-80fd-1bda39bbb766","31","1","true","false","false","exact","54e34e62-5465-4539-80fd-1bda39bbb766","e671e1bb-5a2b-4bfd-a017-2d9d355fa356"
"en","swsh7","43594898-0748-4dfa-ac28-c960ded7b514","79e902eb-f8e1-4494-954a-c84cfa6e52c1","32","2","true","false","false","shared","cc833481-52af-4012-a777-09b5a9862307","c0168dd4-9ae3-44b4-bfa0-c868dd479467"
"en","swsh7","bd63bbc9-99f3-4d52-b90a-7fd475749fe0","5ba07f24-0596-43fd-adad-837a95f05ba1","39","2","true","false","false","exact","5ba07f24-0596-43fd-adad-837a95f05ba1","32147854-9103-4f7c-a2bc-16ff3adaafdf"
"en","swsh7","2ccec034-9f9b-4d6a-b816-92babd02b47d","48749eef-2e0c-425c-8805-6b299244fc3b","43","3","true","false","false","shared","a3a1c6f6-6d38-4726-8be8-8a54d2da85a3","9bb62a95-8cd2-4c0a-80bd-b8dda258399e"
"en","swsh7","0c3e4ef7-8de3-4851-8fd7-41331a5890c3","7f1effa8-a540-416c-9549-eca2f73eeec7","44","2","true","false","false","exact","7f1effa8-a540-416c-9549-eca2f73eeec7","0a9462d1-dc0a-490b-b329-489a686044ff"
"en","swsh7","69265165-0101-400d-a690-64611ea4fd0e","46b5c5b5-67c9-4865-b3f0-4063aa7d5e25","48","1","true","false","false","exact","46b5c5b5-67c9-4865-b3f0-4063aa7d5e25","5ce53b0d-072f-45fa-aac2-a23f5611a4af"
"en","swsh7","72d7887a-22e4-4c93-808f-bc98e34b7f84","49252548-41ae-4d20-88cc-ad5ca3a9d861","50","2","true","false","false","shared","5fb21a97-0847-4461-9b5a-782498f11e88","bedc8d61-7d40-4bd0-9676-5aae779212a0"
"en","swsh7","e033dc32-bfcf-464b-a0f4-4995645a9b4a","471b0054-bf40-4675-bb12-3fdb264d06e2","51","1","true","false","false","exact","471b0054-bf40-4675-bb12-3fdb264d06e2","46a260e6-090c-4d41-97a7-e87f598059b1"
"en","swsh7","d18eff77-3316-443e-9943-09519885928d","6ca86a49-a08f-4766-99a5-3ef9a901cb01","53","2","true","false","false","exact","6ca86a49-a08f-4766-99a5-3ef9a901cb01","97d64d45-ee08-4b30-90cf-ac3b85229da9"
"en","swsh7","dc43826d-c359-4576-9dec-03e04a5b771c","68a5731b-470f-4281-beb9-2e16c20b12bb","54","2","true","false","false","exact","68a5731b-470f-4281-beb9-2e16c20b12bb","326cf753-8673-4838-bb67-dc121dc83bf9"
"en","swsh7","6e77ba93-f288-4008-91e0-2318d176ea1a","79e4a9af-6018-4ad8-953f-c86afce8939d","55","2","true","false","false","exact","79e4a9af-6018-4ad8-953f-c86afce8939d","3f43641b-d612-446f-98aa-aa88ee7c78c5"
"en","swsh7","fc192226-fa2e-44f1-91f3-5605dca77573","5c370c88-1d67-4b19-b52a-4894a0295bcf","60","2","true","false","false","shared","fd8ef80f-0b12-44bb-9534-faf946f32858","478b8860-9973-463c-b43c-0e166071ddcc"
"en","swsh7","1664b883-bd43-4827-9b21-510cec1b1817","7fb128d9-bfa9-48ae-82e2-9e391db09286","61","2","true","false","false","shared","a43110be-f8d9-450d-bb2b-548b3d99a1ad","e7bb4a13-13eb-4480-a055-a7f0aeee5e2b"
"en","swsh7","02e87aaa-66a4-4584-8067-5e2d5cfb7960","5c03cef4-5917-4418-89ba-1a8047a4305a","64","1","true","false","false","exact","5c03cef4-5917-4418-89ba-1a8047a4305a","ebcae4d6-dccd-4352-bf3c-1dc3d2f86a1f"
"en","swsh7","99b972ea-74ad-412b-a5c8-8b025126cf3c","48638918-d41b-40f7-b4af-84f2c3509b74","67","2","true","false","false","shared","a7fe1c62-ad06-42cc-ad33-2faba00c646f","64886c0f-0735-41ea-8589-70fc59a8184a"
"en","swsh7","150f0abc-055c-4e1d-b5a5-b878c54de7b2","681b85c5-9dcb-46d7-9e12-4cf34db84b34","69","2","true","false","false","exact","681b85c5-9dcb-46d7-9e12-4cf34db84b34","3293c58a-45af-4833-8d7b-03ea8f47281b"
"en","swsh7","2f96c96e-36cc-4d4b-a202-11127d25fc5e","69f5b095-a05c-449f-9b57-ed9b832f5ff5","76","2","true","false","false","exact","69f5b095-a05c-449f-9b57-ed9b832f5ff5","5187f0cf-d8ca-4d66-8f45-d9408043eb7e"
"en","swsh7","d2b2d348-0052-4ef4-8e2c-bee158f0269d","5968e20f-6fc4-4448-8135-3b840c5a2f37","78","2","true","false","false","shared","c16498a0-0eb4-44ed-a782-fa1942f16fd6","68380f6b-a4cc-4bbf-81fe-698ee7ea0ad5"
"en","swsh7","e6639e1f-a250-4e30-84ac-ff7e400e079c","4b969323-7f76-49a8-aeef-f81cfcceec53","87","2","true","false","false","exact","4b969323-7f76-49a8-aeef-f81cfcceec53","8b877b8a-e3ee-4a61-bb18-fc76d4e0d434"
"en","swsh7","fed5a667-8aca-42d0-995b-5f5225b808cf","693a8611-5065-4fcd-8f55-0dc9de27f0d2","91","1","true","false","false","exact","693a8611-5065-4fcd-8f55-0dc9de27f0d2","d647aa2a-202c-4c48-90c8-0895d03822be"
"en","swsh7","76f9f4fb-aecc-447e-9b06-f4070450fbb0","6dd9f875-d165-4206-9f3e-77944aad8966","93","2","true","false","false","shared","b16a0d2a-2e5d-4581-94ea-f48dec0a6714","027972b2-f26e-44cc-bfcd-e037ef687895"
"en","swsh7","48c4c629-db9b-47a3-baf2-7e5627a2af2e","83de00dc-194e-4252-a535-630a4f0c79cc","99","2","true","false","false","shared","b54444c8-1a56-4aca-8aca-fbb45559baff","322151f2-9f0f-46ea-bc57-89370040cbde"
"en","swsh7","c49c5600-42be-45f1-be94-fad6cfe8a00c","5181af12-b2db-4742-9e91-a271984e4d2f","102","2","true","false","false","exact","5181af12-b2db-4742-9e91-a271984e4d2f","1612a913-8970-4cdd-8f6d-dbf4617dc2dc"
"en","swsh7","8fac8ed7-9ff2-4f57-be6a-c9a9b5cd0327","566ceac2-e6df-498b-9da4-a242a5c477c1","109","2","true","false","false","exact","566ceac2-e6df-498b-9da4-a242a5c477c1","4d57b297-22ec-4800-8a64-b6b43d5074ef"
"en","swsh7","7f645072-7de2-4daf-80e7-eb1f69af9dd3","5d1c8e86-24b6-4166-a1d1-65ba37d06797","111","1","true","false","false","exact","5d1c8e86-24b6-4166-a1d1-65ba37d06797","ee140391-1e15-4567-b20c-e00cfaf6fb2a"
"en","swsh7","d488b670-3205-489a-94cf-6be6c2fff80f","66b6b473-4153-423b-888c-7bf99963b7a6","114","2","true","false","false","shared","a8536310-14d6-4602-9682-157777a87a26","5b7bfcfc-ee1a-43d6-96ca-d149079f0f30"
"en","swsh7","47bfad86-2fa8-41bc-a1dd-32f6e49ffcec","7fea85b6-9ec0-4e28-b1d0-dc9b3f76bdaa","115","2","true","false","false","shared","a019fcf2-3c38-44ca-8e18-0b205f275288","69ffb185-3e4c-4dd1-821c-684a527e161d"
"en","swsh7","aed05102-70ae-4bab-8005-d000facd1b92","7efc2760-370c-4317-a491-b30bbd20ff4d","118","2","true","false","false","shared","95771e58-f78b-43ea-b796-efa735198a4f","03913b8a-bcf4-4cdc-8a4e-2151f682796d"
"en","swsh7","e974dc86-863d-4662-8a2c-e51feb40ab24","7148146e-132f-418c-899a-0aafb2d83b6f","119","2","true","false","false","shared","d9faf1bf-2e4f-41ad-9ec6-2faf2217b1ab","24d23a71-92a0-46ce-b9e3-c8fdb59fe79a"
"en","swsh7","338395b7-fb6e-49fa-9606-e28c137d7bda","77c8ecb1-4b51-4eef-9ac6-aa38e93d62cf","122","1","true","false","false","exact","77c8ecb1-4b51-4eef-9ac6-aa38e93d62cf","dae32a67-9be2-4a92-bcba-efbadb9425bd"
"en","swsh7","38155d1c-85f5-47fe-b4b4-3722f0281a4a","70955beb-0ebf-4724-9499-fd2f33cc247e","127","2","true","false","false","exact","70955beb-0ebf-4724-9499-fd2f33cc247e","46383a54-7881-4109-9f7d-7f964d6e1c90"
"en","swsh7","35115643-422a-4d0a-857b-ebf3564c0d7b","4ff7c4c3-7693-419b-a5ef-b618258532ba","128","2","true","false","false","exact","4ff7c4c3-7693-419b-a5ef-b618258532ba","20964cdb-140d-4d77-843d-cc1c3e472213"
"en","swsh7","1c3a19eb-af61-4278-a160-fbe5f3f91250","8416012b-2fa6-4ee0-81cc-2a93fd74221f","129","2","true","false","false","shared","872d92b5-b51b-4074-98a1-2f218d38c448","4c6b9acd-4a43-44f8-b393-f518a1cc1c26"
"en","swsh7","bf6cbdf0-1568-4826-b52f-746fdcda1e3d","64c49a24-3f42-4937-b1e6-0ce1a67913d7","131","2","true","false","false","exact","64c49a24-3f42-4937-b1e6-0ce1a67913d7","8fd09c80-83fc-4056-be6b-99bd65d6a22e"
"en","swsh7","789e7f0d-30a0-41f1-ba1a-4b1509aab433","5a90c7ea-47c8-4f56-bc33-ed5f7a20d5c7","133","2","true","false","false","exact","5a90c7ea-47c8-4f56-bc33-ed5f7a20d5c7","25ae46d8-6ef6-41b2-b99f-e9d6807f8693"
"en","swsh7","252ac9d8-3434-49f0-8d47-254d80825951","55a69d62-f170-4eb3-a1d8-c72fa68b6940","134","2","true","false","false","shared","a6e2f129-7044-4d24-ba9a-87e0dfe410f5","292b6832-6c30-44b3-bca2-23a227f84de9"
"en","swsh7","b77c7352-ab9f-46d5-b099-f6c465c297a7","709bf5db-2646-416d-b06d-394fdedf96e7","135","2","true","false","false","shared","d1f37dbc-9168-46d1-b5b7-5d353100dedb","77b277d8-7e4a-4595-8926-d78835f11d92"
"en","swsh7","2430b3ae-dff3-40d8-9327-082720aa0073","55225770-3ae5-4576-aea5-809bddc9b89f","137","2","true","false","false","shared","da8ec20a-f532-4f6d-a218-b0797ee162cf","4722bfaa-dad2-40db-bdb7-e20c439d9d48"
"en","swsh7","aa99cb49-9f64-4abf-a8b5-feb4151b1dd6","59169e46-978a-4adf-87c0-646ea7493b90","138","2","true","false","false","exact","59169e46-978a-4adf-87c0-646ea7493b90","04272676-23ab-48b9-a1cf-2693a60a846c"
"en","swsh7","d2229f0e-f3ff-4a0e-a76e-cb774a82a976","754d0263-c1ed-4ffa-87af-fafa0589c186","139","2","true","false","false","shared","5c39e2a1-7da3-4431-b947-b2b59f549e90","a0dcdac1-0691-409a-9415-16780002902a"
"en","swsh7","53d1bc47-7946-45f1-8a34-fff73e5d9c0d","59bcd969-043d-4fcd-bd60-9d6e2244c3cb","142","2","true","false","false","exact","59bcd969-043d-4fcd-bd60-9d6e2244c3cb","94db00f3-fc70-406c-aff6-70aa53b7bbb0"
"en","swsh7","7a551f8f-ef53-4c70-b1ce-1665574c1b5d","55e53eae-a3c0-409a-8713-1a11c450476a","147","2","true","false","false","exact","55e53eae-a3c0-409a-8713-1a11c450476a","2fb9c29a-d43f-4244-8165-ffea130dd97f"
"en","swsh7","01c8c146-1fe6-4898-b690-21151dfa38fc","46de9b85-f969-485c-b626-bd986ab04c79","148","2","true","false","false","shared","b0d87b59-1b01-4a99-9971-687c5b4b3003","4e8f2a13-0772-4e85-ac2e-652a86048bd9"
"en","swsh7","42b9b326-7307-42c3-bb23-62037a94db76","74200c7a-44d2-4b56-913b-012b7579e027","158","2","true","false","false","exact","74200c7a-44d2-4b56-913b-012b7579e027","154c2457-73a4-4646-a251-711d237fea5e"
"en","swsh7","a3988853-49a7-46a2-b1e0-01e198502a2d","7c36489d-9690-4eb2-a844-a150506ec409","164","2","true","false","false","shared","7b25662b-51d0-433c-8be2-1d33b97341b7","0d61ab0a-f2a9-4b1b-b36b-a7d6a4794154"
"en","swsh7","79a98286-888c-4d5b-ae55-71e27fd938c3","562d3003-1c9e-491c-97b7-b6588feb225d","168","1","true","false","false","exact","562d3003-1c9e-491c-97b7-b6588feb225d","348944da-9e60-4c38-96d4-a7fbe73b8a34"
"en","swsh7","e67f3a18-e61e-4ca8-a128-0d700201556f","838c25b3-e799-4198-9ab8-385efcb0ad8c","172","1","true","false","false","exact","838c25b3-e799-4198-9ab8-385efcb0ad8c","434d1fab-2979-4d1c-a6a9-572043b097c6"
"en","swsh7","7ba6fb84-0ca9-4260-a91d-f96939d2f735","73967869-5885-43b1-b7ed-afc832e99cca","177","1","true","false","false","exact","73967869-5885-43b1-b7ed-afc832e99cca","d908a76b-14bf-42f8-a463-04d4ebfb306c"
"en","swsh7","4d83a534-16b4-4d42-9887-7e526f66d31e","84b415e2-c03a-4d40-bfc8-74de411089cb","181","1","true","false","false","exact","84b415e2-c03a-4d40-bfc8-74de411089cb","bb98c446-c0f7-42d4-90cf-f5ad7a167e96"
"en","swsh7","904b9630-4bce-4dbf-873c-271ce35c4230","44a2f7da-1238-45a6-8d13-1b40c3983929","185","1","true","false","false","exact","44a2f7da-1238-45a6-8d13-1b40c3983929","e8f6d8b5-ce3b-48a4-8b2f-7b1a87d01c20"
"en","swsh7","94a19b9e-d147-47ad-99ab-5bf1463e5735","7fb2f3e4-7810-4670-bbb1-e714e74311c9","187","1","true","false","false","exact","7fb2f3e4-7810-4670-bbb1-e714e74311c9","3e3e7538-c7aa-47a4-adf3-3cc7e8f159ce"
"en","swsh7","811bf452-de87-47c9-8793-e2a1b8bd65d6","6d6a8f84-64ac-47f2-975d-fc2e9ffd84d1","189","1","true","false","false","exact","6d6a8f84-64ac-47f2-975d-fc2e9ffd84d1","fc1c2de5-d05b-4896-b6ac-18d3bd089747"
"en","swsh7","237d8ac3-f3e0-46cd-be20-da03e5f17034","450048bd-d736-4c1a-80ad-e84381c28cac","194","1","true","false","false","exact","450048bd-d736-4c1a-80ad-e84381c28cac","8f24fdf5-05ae-48d0-b6e8-171e919e0d07"
"en","swsh7","e53aad62-21ca-43b9-be8f-4d3c425f8402","5fb1b88a-ef89-461d-b597-4b85307103ec","197","1","true","false","false","exact","5fb1b88a-ef89-461d-b597-4b85307103ec","c58381b8-82cf-4e6b-afed-2e797af3c819"
"en","swsh7","940d5d9c-e429-4522-961e-6ec624286948","73127569-3b45-4c27-8bdd-8507a8628a05","205","1","true","false","false","exact","73127569-3b45-4c27-8bdd-8507a8628a05","a97658ab-5144-4761-b814-d50946872210"
"en","swsh7","c08b3a6f-af94-4eea-a229-8a46de8a7565","719e19ed-4fa3-427d-b86b-4829b5e1144b","211","1","true","false","false","exact","719e19ed-4fa3-427d-b86b-4829b5e1144b","69abb3af-1750-44ec-a19f-cc5c74023dfc"
"en","swsh7","2e1e3ee5-64e6-467e-9a3e-f4fa94db3a02","6a507d4d-75a3-462f-9299-576e2bdff984","225","1","true","false","false","exact","6a507d4d-75a3-462f-9299-576e2bdff984","f8aae138-9db4-4d6d-a9d8-4e7fad97bd85"
"en","swsh7","daeccfd9-eef4-4c10-bd53-a682edd2d363","4d8279d3-b8c5-48ff-a79c-bd1b5638194e","228","1","true","false","false","exact","4d8279d3-b8c5-48ff-a79c-bd1b5638194e","a287fed7-6173-49de-8ed6-764f35822475"
"en","swsh7","0f00b818-9b3f-4c9a-9dc3-d34a2acdc5ae","7ea25347-c665-4f1b-8f78-8f5bcf0a8232","229","1","true","false","false","exact","7ea25347-c665-4f1b-8f78-8f5bcf0a8232","2c6c70a4-5c69-4cfc-9486-7aba4e3d62e2"
"en","swsh7","fc57e944-e18d-4835-b892-f22351a3970e","7eed8ce5-d50d-47b8-8111-57537af7395c","230","1","true","false","false","exact","7eed8ce5-d50d-47b8-8111-57537af7395c","77ab655c-76dd-4c1a-b7f3-7343e214c96e"
"en","swsh7","13580774-2ff1-455d-a51c-2c7c00204863","6f10262f-4734-4b21-b317-d56326e09ca5","232","1","true","false","false","exact","6f10262f-4734-4b21-b317-d56326e09ca5","9de86112-1afc-4f39-ad29-e7ed68b31902"
"en","swsh7","c62842bd-c49e-48b2-910e-295157fe54b0","7997768d-c28f-44dd-9991-108526331d28","237","1","true","false","false","exact","7997768d-c28f-44dd-9991-108526331d28","803a88db-233a-4aba-997d-c071ba0fa534"
"en","swsh7","8ff71677-ad73-43d6-89df-20d8b4c3c0de","b82c0a88-12bd-444b-87f4-fa281052f951","13","1","true","false","false","exact","b82c0a88-12bd-444b-87f4-fa281052f951","a56fbee0-c1fc-4c27-b4ec-b8ed000edadd"
"en","swsh7","aee273e7-b6b1-4d83-9f02-5b3286f73eb3","bb0f9750-d0ac-4fbf-939f-a7f251349e3e","17","2","true","false","false","shared","ab2349f5-c8d2-4a13-baed-271b38e9b2d5","3f889125-668b-4b5c-abc4-256cab15a73f"
"en","swsh7","b236f14f-8423-4d65-ae68-504edd03fa10","97cb2021-23f4-4fe0-b8fb-dd8e7fcac9fe","22","2","true","false","false","shared","d79652d6-7650-4d8b-8c52-62aefbb85635","27a43a0b-5d24-4415-b1c8-63ee83767322"
"en","swsh7","b959b385-cf4b-4d8d-88fb-46cc2920a755","cd2486ac-bb75-44a6-942f-e2b181337b28","23","2","true","false","false","exact","cd2486ac-bb75-44a6-942f-e2b181337b28","4a963ded-10fc-46ac-8ffe-c32f4e835293"
"en","swsh7","6935017d-27cf-4642-8964-5fb8c5d3e854","bbd31eb6-cecc-4fa0-a1a5-0efa9836035e","28","1","true","false","false","exact","bbd31eb6-cecc-4fa0-a1a5-0efa9836035e","b89b2b04-51f2-41e3-a764-be382e75c859"
"en","swsh7","40cdacff-9898-40cd-b331-0a94f0395133","8ed9ce75-3290-49a1-9839-ada2ff3d695d","37","2","true","false","false","exact","8ed9ce75-3290-49a1-9839-ada2ff3d695d","0b2a6100-4e05-43e8-a962-b787623f021c"
"en","swsh7","9a943489-69a5-40ad-ac48-1cc88272129f","929b80f9-8f8b-45d1-aec4-592ca7c34d96","38","2","true","false","false","exact","929b80f9-8f8b-45d1-aec4-592ca7c34d96","13839f79-c866-4924-a0b6-ee0223d8d7e6"
"en","swsh7","45bc1618-4ff7-47d5-a0d9-2e98aadbb71d","8a6779bd-77ed-46ff-b437-26f615e161df","40","1","true","false","false","exact","8a6779bd-77ed-46ff-b437-26f615e161df","f0b7a409-76de-4070-abc3-ad7d999d5d95"
"en","swsh7","c89ff07e-b168-43fc-9ab2-940be0945953","aac13390-5565-4198-8b79-cde61d430142","42","2","true","false","false","shared","eb626ef2-9c28-4837-a840-128d12010dc2","49377799-76a9-49e3-a656-55665eec30b2"
"en","swsh7","7a9df91c-02a5-42fb-96a8-10c7c90842a3","cba1b4cd-65e5-49bc-a8e6-2af11bc3a44e","47","2","true","false","false","shared","ac949903-17b4-483d-be2d-bf0568d2431f","dfe5167b-c63c-4657-8636-06b431f5ceec"
"en","swsh7","3f253a1b-6692-437d-8ec9-9a569b936b33","8b56e724-195e-4a07-8831-ff8d2335983f","65","1","true","false","false","exact","8b56e724-195e-4a07-8831-ff8d2335983f","491a17da-60b3-49eb-8bc0-ddcf9104ea20"
"en","swsh7","e3e1c935-3cd7-443c-94a3-65e24cb9b816","9f2911be-b9e7-4c9f-81e5-8078405c70e0","66","2","true","false","false","exact","9f2911be-b9e7-4c9f-81e5-8078405c70e0","658f805d-afbe-44e9-9945-9822052fe7f7"
"en","swsh7","620439db-31c4-4eff-9b1d-43118eb8af65","8a8c1eba-db0f-439f-91c9-1ffe45c813e9","71","2","true","false","false","exact","8a8c1eba-db0f-439f-91c9-1ffe45c813e9","1ccd4f73-9c60-4bff-a4c2-013242299ad5"
"en","swsh7","9f5e9d8d-b9a2-4860-a4cc-f392b51e29af","c93b8069-331b-4acf-b816-da87ca57b77e","80","2","true","false","false","shared","d16d3874-e918-419f-a12d-cb2e412a5507","e740df91-fd45-4605-b7f5-88b05ed5502e"
"en","swsh7","438d7f0f-7ebf-445e-a58a-1d0f8e5da53b","bd59663c-b6a5-4ff1-beb4-897f3310fa23","88","2","true","false","false","exact","bd59663c-b6a5-4ff1-beb4-897f3310fa23","00b244a2-bea7-4e64-8a1c-6f361e9c4e53"
"en","swsh7","c4caa112-9d20-4414-87da-2844dc70305e","a55d93d3-6ff5-459d-b7b1-28a665217891","89","2","true","false","false","exact","a55d93d3-6ff5-459d-b7b1-28a665217891","03d380aa-0713-43c7-966a-a8bff70249c5"
"en","swsh7","cfef3d64-1f22-4c5e-aa87-5692c5f6c85b","94f1d5cf-b087-484c-853f-bcc6e7ec522e","92","1","true","false","false","exact","94f1d5cf-b087-484c-853f-bcc6e7ec522e","1f947e6c-e77e-4651-bf7d-7ed06d66ef57"
"en","swsh7","cf07106d-5f90-415c-8dbb-f95518d7e0b9","a28774ec-d358-4387-be05-e5dde9763923","95","1","true","false","false","exact","a28774ec-d358-4387-be05-e5dde9763923","72874308-01d6-4db1-bbb0-fdbc998ae5ef"
"en","swsh7","232faec5-5849-4b4b-b545-99085f7cdad3","a7e77027-df9b-4abe-b90d-fc21d16d6670","96","2","true","false","false","exact","a7e77027-df9b-4abe-b90d-fc21d16d6670","78a30b84-a971-487b-aabf-a8cc5cab838a"
"en","swsh7","27a84aee-d572-49af-abf2-84d686e4e2ac","937eea66-a039-4509-a0d2-057347f77d1f","103","2","true","false","false","shared","cd5ff365-a86e-443c-908a-2c9eced38916","1d3041a4-f02d-4fb6-aa60-a0aaa5cb96db"
"en","swsh7","7c2ce6ba-a690-4f17-b7ef-afcbd12f1c37","c9b7508e-38ef-4d26-a362-04029ca46453","110","1","true","false","false","exact","c9b7508e-38ef-4d26-a362-04029ca46453","62a54dc8-2cd8-4996-8719-5caa20176aa2"
"en","swsh7","de8889eb-1a8e-4959-b70f-012ae6cd4474","cf70e60c-94a9-4e69-8e25-6562dfd6da4d","113","2","true","false","false","shared","8e1dfda9-2085-4da2-b53a-dca3e4078d0f","34a0d5c1-1f40-4ec8-ac18-ad70731acab0"
"en","swsh7","af65c736-481d-497d-99b8-e13e3a9a2a9e","a77d2645-da36-46fc-9f72-9b128f9b34cc","120","2","true","false","false","shared","cc78a7db-932d-43e1-9caf-02aba176e386","9fe74147-9265-478c-81be-132b898adfaf"
"en","swsh7","d0aa4f6a-3fcc-4d68-a085-f1d093879b2d","ab4312e6-49c6-42f3-bc5c-3e9f26d5f646","132","2","true","false","false","exact","ab4312e6-49c6-42f3-bc5c-3e9f26d5f646","825eda12-7707-4824-9955-be7d92da2295"
"en","swsh7","f9daa571-f905-4d6a-8534-de8fc6348796","cb242334-4f84-475e-99bc-54d185c82148","136","2","true","false","false","shared","9e4c415d-f879-4fe1-a3d9-a93593a91460","1ec13acf-e9c5-41e1-9c84-7193841c2d31"
"en","swsh7","e8cb833b-0b28-475a-a63f-4ab4fa446eff","ab1a80fb-1b34-4ef3-b552-b13eef9c7f12","143","2","true","false","false","exact","ab1a80fb-1b34-4ef3-b552-b13eef9c7f12","6d941d34-f727-4772-8b69-9f0889bc0b37"
"en","swsh7","406e614d-dd38-4374-8cc7-667417308095","9eb2e9f1-98ad-43e9-ac71-918f4199330b","144","2","true","false","false","shared","d9bd6e6d-bd1d-4472-9419-c82aab61f107","2958e6f2-5f77-4758-a7f2-a54b6cde8c4a"
"en","swsh7","2a330f31-c677-4409-9979-bdeb24928f90","c794f526-fdfe-4844-b5b5-9cd1714e1666","145","2","true","false","false","shared","e44e76c8-c1ed-4f1a-83d3-8a6514f8e4c1","85e208cf-ee8d-4357-a9df-26f9b9fd8714"
"en","swsh7","472ebd0d-9710-4499-9b2a-8a92194e7721","8c37453d-7262-4533-86fd-ea7e30c35d4a","150","2","true","false","false","exact","8c37453d-7262-4533-86fd-ea7e30c35d4a","ca5290d1-2e79-4cfd-b64e-862506924cc5"
"en","swsh7","b5e872c7-a948-4216-90a0-89ddbdfea95c","b1208f9d-3e63-4d4f-b1b8-e2dcda908ef9","156","2","true","false","false","exact","b1208f9d-3e63-4d4f-b1b8-e2dcda908ef9","c4ed6422-13a0-4887-8ff4-237afccf8ed2"
"en","swsh7","efc43ce2-a4c8-4089-9089-1a29e096185c","cd2ccc33-d0cc-414d-b47d-23cd44761293","160","2","true","false","false","exact","cd2ccc33-d0cc-414d-b47d-23cd44761293","9691ce80-ae94-4155-a611-4769ee9be201"
"en","swsh7","37929e73-b509-4d90-b5c0-28334694e51c","a6ba1ca2-2353-4714-9917-6d6443d38d6d","169","1","true","false","false","exact","a6ba1ca2-2353-4714-9917-6d6443d38d6d","d860d6e5-48d1-486f-955d-efbe69c4c6d3"
"en","swsh7","2fced515-8533-4dc7-8558-4a58af425bd2","9029b387-e16c-413d-b835-420f5ce709bf","170","1","true","false","false","exact","9029b387-e16c-413d-b835-420f5ce709bf","04bb5b41-fed8-47da-a243-01ab03200e64"
"en","swsh7","fa4ee136-497f-4216-a61b-94936bfab0ef","aa2f40d1-01f8-47de-b6f8-3a64f57a3ceb","171","1","true","false","false","exact","aa2f40d1-01f8-47de-b6f8-3a64f57a3ceb","1fb07b56-dcd9-41f8-add8-a3a6170aaf65"
"en","swsh7","69bf4c5a-c1dc-4ed3-a53c-97a8cfba5d3e","9ef106c6-c4cd-48fb-b0ba-dd0be337ef20","188","1","true","false","false","exact","9ef106c6-c4cd-48fb-b0ba-dd0be337ef20","63991112-5666-4227-b823-4b3a52296dc4"
"en","swsh7","25237693-0306-4396-a2a4-e541ce6d4cfd","ac83e5ba-6d3e-4da4-9ab6-168a08831ecd","196","1","true","false","false","exact","ac83e5ba-6d3e-4da4-9ab6-168a08831ecd","16ee4894-b868-49a7-9d3c-07c85441faa6"
"en","swsh7","916291d6-39b3-4121-91ce-f6330d8769e0","c54a5b6e-78c2-44ba-b028-b3d890fed083","200","1","true","false","false","exact","c54a5b6e-78c2-44ba-b028-b3d890fed083","3232f80e-a04e-47db-9e21-bd16cc7dbe60"
"en","swsh7","b73623ab-19ac-4ebb-8d84-92f7be20bcdc","8dc113e4-0cea-4bc8-b2be-5c77aedd4d36","201","1","true","false","false","exact","8dc113e4-0cea-4bc8-b2be-5c77aedd4d36","0cf8bd58-b2e1-4ff3-b5c2-2da4055172f1"
"en","swsh7","0db55ed0-d825-4274-a1a1-858f2202fadb","9f4c33a7-b81b-4272-abf1-020abbdea264","207","1","true","false","false","exact","9f4c33a7-b81b-4272-abf1-020abbdea264","74471246-299a-4235-8db0-20cb8c1f6523"
"en","swsh7","385bc63f-8ad2-4602-b638-38149e2c0ec9","950af112-b8f9-4bd2-9b3b-7a38d042b8fc","210","1","true","false","false","exact","950af112-b8f9-4bd2-9b3b-7a38d042b8fc","4d31ff6d-d782-46af-9fa8-93d80357b51d"
"en","swsh7","2a713de1-2701-4496-86d1-6e1f35dd3e41","c05d1e1c-7a49-4c9c-9ee3-82eab3f73c07","212","1","true","false","false","exact","c05d1e1c-7a49-4c9c-9ee3-82eab3f73c07","eb51eae1-ceff-4406-8300-043eed2bed13"
"en","swsh7","7595111a-a25e-4bd7-9fe8-126c7021932b","bdff5b58-9bf8-4a8f-9e09-223f4472e18c","213","1","true","false","false","exact","bdff5b58-9bf8-4a8f-9e09-223f4472e18c","8970cb3c-6f9d-4cb3-8285-5fe4b7fc5ee6"
"en","swsh7","009d40be-5003-45aa-acd0-1e8d490ffe8e","a143933a-a4cd-45f5-9864-030516000e22","216","1","true","false","false","exact","a143933a-a4cd-45f5-9864-030516000e22","3b34022f-031f-4115-88ee-4efbacb07b1e"
"en","swsh7","537552ee-9beb-451d-bd75-67e754ff228b","bf8e8cb2-8887-4be4-a90a-95feb7fc5170","218","1","true","false","false","exact","bf8e8cb2-8887-4be4-a90a-95feb7fc5170","ba4fa67d-c8f5-4a8c-86e0-9db8d41bc19b"
"en","swsh7","205bbca8-72f5-4c81-b895-5815d6716b32","b8685a91-aef4-4794-a2a8-7c896303c7ba","219","1","true","false","false","exact","b8685a91-aef4-4794-a2a8-7c896303c7ba","325e305f-db1c-49b5-822a-eed511d7ded9"
"en","swsh7","2a5dbcfc-173b-4cbb-8276-cdc24d7cb8b2","b57916df-6072-4d18-b672-08828516fd63","221","1","true","false","false","exact","b57916df-6072-4d18-b672-08828516fd63","57021bf5-7506-4f7f-bb1e-7645caaac3c5"
"en","swsh7","9de25e4c-178e-41ca-8989-26b74d39a733","bce47fd1-a376-426a-8f0f-4456b57ae1a3","231","1","true","false","false","exact","bce47fd1-a376-426a-8f0f-4456b57ae1a3","aca9ae46-e4bb-45a0-bd06-5aea0f40d1f6"
"en","swsh7","87f9ee56-7b36-494a-8532-6b7df23d7923","c6f18577-81da-44b5-88bb-282437f3403d","235","1","true","false","false","exact","c6f18577-81da-44b5-88bb-282437f3403d","d0f264c6-76c8-4cbc-a5ec-21ca72a492f7"
"en","swsh7","7fcabfc9-b57c-4135-89de-de3f73a6047c","e438f602-86e3-48af-80f6-7355d21661b6","8","1","true","false","false","exact","e438f602-86e3-48af-80f6-7355d21661b6","f473f791-296e-4e26-b4f0-c3e15625741f"
"en","swsh7","b3c66166-3ff2-4d16-8bea-64277c7cba4e","d0c7237a-f601-4b89-a805-9cbbfb9f1ae6","18","1","true","false","false","exact","d0c7237a-f601-4b89-a805-9cbbfb9f1ae6","6d27a472-cdc8-4d78-8392-bff37a80b263"
"en","swsh7","43e0f068-57a4-473a-b3b2-1e2e49fc0ac1","f838dfbb-da1a-4b21-82ba-c51268873e3f","21","1","true","false","false","exact","f838dfbb-da1a-4b21-82ba-c51268873e3f","cda69f51-b4b7-4f58-961e-65eade3209d2"
"en","swsh7","89662fea-d77c-44fc-b004-9d292633a728","ed94606d-7c05-484a-a325-2e15d0719331","49","2","true","false","false","exact","ed94606d-7c05-484a-a325-2e15d0719331","37172f91-f620-44b8-9e62-4aae3d46e94b"
"en","swsh7","382360c0-f5af-4cb9-b087-377fce3b70bb","dc80c69c-62a9-4144-91e8-f981d85a52f7","58","1","true","false","false","exact","dc80c69c-62a9-4144-91e8-f981d85a52f7","b4454ba6-c7e3-4146-8045-1a4095f20073"
"en","swsh7","504fb13f-fa66-4e66-a667-7b7c116f3069","d3761acb-d21a-4ac5-a374-31f56017671b","68","2","true","false","false","exact","d3761acb-d21a-4ac5-a374-31f56017671b","3d0858f0-3e8f-42c6-9f88-8370f4633e67"
"en","swsh7","807f50b4-1646-4e53-ba05-7be513eca90b","ec51c03d-e149-4609-a436-9a8bbe932e4c","70","1","true","false","false","exact","ec51c03d-e149-4609-a436-9a8bbe932e4c","a8e4c69d-306a-4a9b-a8f5-c9d7293978b4"
"en","swsh7","f0cd39b4-71a9-4fd1-8080-e75c94bba06f","f6d069b6-0873-46b5-9f06-99d26917dac9","75","1","true","false","false","exact","f6d069b6-0873-46b5-9f06-99d26917dac9","4f79c2de-3c04-45e2-96e4-e30cb4585baf"
"en","swsh7","3be1c785-8c5a-4dcb-85da-3ee49e111375","d4b405a6-1e8a-44e3-9cbe-6f02a7277b03","83","1","true","false","false","exact","d4b405a6-1e8a-44e3-9cbe-6f02a7277b03","c0b2afa6-38b2-496d-8894-bf30778e1569"
"en","swsh7","c5cc47ca-f8bf-4248-9d8b-bb967095d47d","f558959c-0b51-48db-b5e1-931698b976cf","84","2","true","false","false","exact","f558959c-0b51-48db-b5e1-931698b976cf","97147deb-13be-48df-a7d6-ea9a3993a66b"
"en","swsh7","b7820755-378d-4292-8e0e-ed8d7720e4e1","d8a96088-c770-4494-82df-9a48f6e5b916","104","2","true","false","false","shared","ecc9ea37-837f-42ff-a14f-218e325f8f33","42858477-9fba-466f-a154-b5ae4a79e9f9"
"en","swsh7","5eedf927-cece-4065-bec4-2a5ee7622bb4","d407772a-28c4-4a5c-9a99-2b3f4d5c2a87","112","2","true","false","false","exact","d407772a-28c4-4a5c-9a99-2b3f4d5c2a87","427456c3-2510-4b19-9c41-877ae098c797"
"en","swsh7","9f220b25-3d74-4895-9148-57cc168dda66","e906c3bd-e5fc-480a-962b-57a08dd622c2","126","2","true","false","false","exact","e906c3bd-e5fc-480a-962b-57a08dd622c2","39441cd2-361f-409a-ae0c-bc9202fe94a6"
"en","swsh7","28947f4f-a056-4b64-864e-155b0c8be0db","fbd3fc66-91e5-4cce-a47e-354eaf713a93","166","1","true","false","false","exact","fbd3fc66-91e5-4cce-a47e-354eaf713a93","5a639d08-e224-496b-a8e3-cc99a01d5c5e"
"en","swsh7","05f31113-ea09-4719-83fb-e44bb494bd1f","d0e34113-80f4-447a-b348-38054c08e1e7","167","1","true","false","false","exact","d0e34113-80f4-447a-b348-38054c08e1e7","4c37810e-27c7-4990-b79d-fed7405b70ce"
"en","swsh7","997a5bb3-d999-41b7-a815-6df67fe65c46","da5ee2c2-f971-484b-8aaa-c6c7c052bdb7","173","1","true","false","false","exact","da5ee2c2-f971-484b-8aaa-c6c7c052bdb7","893280e2-4553-4d80-922d-b157c785a54a"
"en","swsh7","60cdd699-8b09-4173-a37b-d1ab2d866738","f45dc885-890d-4366-9a10-150c8521b8dc","174","1","true","false","false","exact","f45dc885-890d-4366-9a10-150c8521b8dc","6ae8acd3-a641-4e1e-846b-2b873c06d2a1"
"en","swsh7","fbc99ccc-19b0-44d1-b312-21d0bb29e826","ff2ccd1d-99d9-4fb0-8d12-9ca1478e21ad","175","1","true","false","false","exact","ff2ccd1d-99d9-4fb0-8d12-9ca1478e21ad","86b8678a-6eb2-4d67-ad29-03ca884847a8"
"en","swsh7","0f03188a-e59f-410c-a3b1-294cc365e0a9","ea55e76d-d5b9-4493-9d5a-47334616daf3","176","1","true","false","false","exact","ea55e76d-d5b9-4493-9d5a-47334616daf3","1a9b4d30-651e-4798-aae1-7248c3222c10"
"en","swsh7","9fed057a-81e4-44fb-8efa-7846220c7ac9","f035039a-d7e0-489b-a371-538f5514255c","184","1","true","false","false","exact","f035039a-d7e0-489b-a371-538f5514255c","5328b3a7-f516-4890-9a90-1fdfc532c503"
"en","swsh7","2644eb57-0fab-4834-abab-23a52fac599d","f44adf2f-315e-47be-bc06-47f5b71c46d5","190","1","true","false","false","exact","f44adf2f-315e-47be-bc06-47f5b71c46d5","45dc6a90-50e4-451b-aa71-c74ea9318069"
"en","swsh7","be96031f-b352-4630-8ae7-a6e2025f8644","e3a67fd2-c465-4634-8f7c-e24dc5517536","195","1","true","false","false","exact","e3a67fd2-c465-4634-8f7c-e24dc5517536","5d4aa244-1fe7-4952-9e19-42c6bcb2f833"
"en","swsh7","a4527687-32e4-4c6c-abd4-5b6a3f5c4285","ee7681ca-c63d-47a7-9ce8-a42cd8d97d72","199","1","true","false","false","exact","ee7681ca-c63d-47a7-9ce8-a42cd8d97d72","44f22eb4-3787-4ddc-a77b-82844d0bf454"
"en","swsh7","48a4e08f-ad58-46ab-8886-4e4271e07a05","dfb8ba1e-b9d6-44d6-98d0-5b6fa96eb289","202","1","true","false","false","exact","dfb8ba1e-b9d6-44d6-98d0-5b6fa96eb289","48d01517-9030-43c0-add0-79503ab813d9"
"en","swsh7","90edb173-ff1c-486c-9a4c-e30ffb3e969c","ebb3cc28-6449-4000-88fd-21c837d43857","203","1","true","false","false","exact","ebb3cc28-6449-4000-88fd-21c837d43857","807eba0c-1e5f-4380-81d2-c0d5c043b395"
"en","swsh7","744911d0-273f-4174-9bdc-95a15cca3b4e","d02e514f-fa02-4306-a16e-3cdbb88c1422","206","1","true","false","false","exact","d02e514f-fa02-4306-a16e-3cdbb88c1422","907fc758-f290-4724-a4b5-5a746fcd03e9"
"en","swsh7","b868cd76-a0b3-4ebb-ad87-48cf37f7c523","e4273721-589c-497d-9d7f-8874251ac9f7","209","1","true","false","false","exact","e4273721-589c-497d-9d7f-8874251ac9f7","9da04772-c6f3-4576-b58a-989cd8a22819"
"en","swsh7","49f36df2-88b0-426a-9f9a-e716e694d3f4","e5cbd0bf-6318-4b6d-9bb6-450bb92d2b85","222","1","true","false","false","exact","e5cbd0bf-6318-4b6d-9bb6-450bb92d2b85","3627cf26-3d82-4529-9f9b-1d2471d4caf6"
"en","swsh7","d6d6fc97-cd56-469b-b00a-47a8cd127e28","e8f5fbef-7877-476f-a4b0-2f515a16495c","223","1","true","false","false","exact","e8f5fbef-7877-476f-a4b0-2f515a16495c","a3a4bbd6-fe59-45ae-a814-8bc1609a854d"
"en","swsh7","6684de30-68d6-4b06-9daf-bc5eb71f15fa","f9633ee4-cc00-488c-ad48-31c88ab9f2a6","234","1","true","false","false","exact","f9633ee4-cc00-488c-ad48-31c88ab9f2a6","112e6b4f-bc9d-484f-a0d7-29e0fcbe6653"
"en","base1","6df76a61-f6b0-4e96-a838-3fb593f53db7","01b16cb3-d4de-4e8e-993b-cce2a41a225e","3","2","true","false","true","missing","",""
"en","base1","7377315f-51f6-4e90-ac1b-4312509cfe0a","0d0344ab-10fe-4c5d-9b18-8fe3ad4948d3","4","2","true","false","false","exact","0d0344ab-10fe-4c5d-9b18-8fe3ad4948d3","a9a8a0f9-9af9-4dad-b28f-c6c313486079"
"en","base1","3fb01ac9-63fe-41a3-a713-a35169c96cb4","084238f0-c30d-4efd-bc43-7d7842716848","5","2","true","false","false","exact","084238f0-c30d-4efd-bc43-7d7842716848","4c7b4ef2-da97-4a3a-a15f-4880aaf4e1ac"
"en","base1","1e7122db-b71e-4524-9963-80677b7a01f8","0fec1d05-e4cc-481c-9047-5453a50fa371","7","2","true","false","false","exact","0fec1d05-e4cc-481c-9047-5453a50fa371","602956e3-fcfe-499c-a830-76bafc1af1e8"
"en","base1","52199c84-1cf4-4f3e-9b82-aac72f1676b8","19bb5a3d-e74e-4fe8-ac3b-394e75aea387","8","2","true","false","true","missing","",""
"en","base1","5fd805a5-5841-4094-a5cc-9637a1b341bd","613fd41c-ef42-4bf0-806d-1778119ecd2b","10","2","true","false","true","missing","",""
"en","base1","3b250edd-3bdb-4c80-a3ce-af2ce8a6edc2","34a0b7d3-8211-48db-a87f-687cbb442620","12","2","true","false","false","exact","34a0b7d3-8211-48db-a87f-687cbb442620","315f84d8-e49f-48fc-9321-891256e0365c"
"en","base1","b9745483-b299-4b15-b841-effc1dac18ba","5631920d-2521-4816-978a-8cf5f95b2458","14","2","true","false","false","exact","5631920d-2521-4816-978a-8cf5f95b2458","6971f016-930c-4cb0-b377-07668a31af3e"
"en","base1","9996edde-d142-4270-a561-30dfc692c542","405b9499-5695-4162-a77e-03921fe44bae","15","2","true","false","false","exact","405b9499-5695-4162-a77e-03921fe44bae","636920d7-4902-4148-b8d6-938aee27cb7e"
"en","base1","c00d78af-7fd4-4d26-8656-2e49c8cfc100","285e42e4-df0a-46df-b3da-0aaa36869a81","16","2","true","false","true","missing","",""
"en","base1","5844681b-589d-46eb-9e7b-89975f0575c2","5c1a1cdc-0778-4788-90aa-4ce6c4f546e3","18","2","true","false","true","missing","",""
"en","base1","f4bba2cb-ab08-41f9-b276-d0983ed66136","0ca8f138-5c86-4921-9024-12c91faf8835","19","2","true","false","false","exact","0ca8f138-5c86-4921-9024-12c91faf8835","054ccc02-0204-46cc-b705-3370aefd91ec"
"en","base1","0db806f9-2f13-4d17-a9a7-6d0fdee6b634","65562c18-4cb6-42ce-a3b5-fff2b423e214","20","2","true","false","true","missing","",""
"en","base1","305a6fd2-72cc-43ee-b4e0-a495dc413131","46d3ca4f-7f2d-4c9d-9a9d-e688f2090389","21","2","true","false","false","exact","46d3ca4f-7f2d-4c9d-9a9d-e688f2090389","27f6c7db-2c7b-40e2-af93-52c714978b49"
"en","base1","b08ba2eb-50ab-4b07-a24b-ed1fb5c93077","64615b2d-ceb4-40df-a972-ae98632eea85","22","2","true","false","false","exact","64615b2d-ceb4-40df-a972-ae98632eea85","86d7ff2d-504e-4b2b-a1e6-7e3cd5e2db11"
"en","base1","8f54c8e6-b938-4da0-a81b-46cf66e58c09","53f6fe7c-e837-4922-8d4f-e696bae79b7a","23","2","true","false","true","missing","",""
"en","base1","8784c26c-f3ee-4367-9798-26628daf61c4","0fe8860d-205b-4244-bd73-b2dbda81cfd1","24","2","true","false","false","exact","0fe8860d-205b-4244-bd73-b2dbda81cfd1","96ad5845-05e8-4e69-8905-6b9fde9d6278"
"en","base1","d971817a-22e5-4af9-a66b-750bb233e6d2","2e451023-1d30-4885-b5e2-ac1f7768554e","25","2","true","false","true","missing","",""
"en","base1","b1122cb7-5f2a-4399-963f-89a3bfc38fbf","40d9035e-95af-4a4a-8d86-f0162e6f196b","26","2","true","false","true","missing","",""
"en","base1","db826a40-40ec-4d2a-8d79-71a6b18b093f","6aa96c82-1716-4494-9728-841274c0ff14","27","2","true","false","true","missing","",""
"en","base1","43d1a830-5e57-412a-ace0-e95c27eccb20","60f8aa2a-479e-48a8-bf83-c95970e92f06","29","2","true","false","false","exact","60f8aa2a-479e-48a8-bf83-c95970e92f06","20da12a9-25c0-45d6-a1f1-e73913420fa4"
"en","base1","3efe02f4-5479-424c-9ed1-4bf36a40f0a3","39327ef3-dcc9-4f90-85e3-993c6ef70f39","30","2","true","false","false","exact","39327ef3-dcc9-4f90-85e3-993c6ef70f39","5c3a53df-3466-4ab9-a793-20fa2d5c2cd5"
"en","base1","e0950ddd-343c-42a7-8916-62d447a42d8e","0b395a73-7fe2-45b8-841a-005a332dfa2b","31","2","true","false","true","missing","",""
"en","base1","e76fe2f7-ada0-41d4-8b07-dfca0f295b46","0a7243a9-724b-4d04-a106-2aa8fc76502b","33","2","true","false","false","exact","0a7243a9-724b-4d04-a106-2aa8fc76502b","39a8e99a-99dc-4f2b-8ab8-55847e820277"
"en","base1","ab5b4504-1ca0-4684-8499-bc6d830c35e1","310a76db-0123-43fa-8100-22a5ead83682","34","2","true","false","false","exact","310a76db-0123-43fa-8100-22a5ead83682","34cea80b-ed3c-47b8-aa0d-3490352040c5"
"en","base1","6c9dd87e-5808-46a3-bcd9-f7524e191b68","5a3c007f-0e73-46d3-9185-2f7c9bf02820","35","2","true","false","true","missing","",""
"en","base1","82886677-74c6-4e17-8ad5-7c759aa1d12b","061182a3-79fe-4e70-838a-e2d900a70cf9","36","2","true","false","false","exact","061182a3-79fe-4e70-838a-e2d900a70cf9","345f9d81-05d1-41e0-88ac-62820dc3f9a8"
"en","base1","c0a69596-1fdb-403a-abbd-32d184354729","0d8687d0-a0ce-4166-aba5-ee9db211867a","37","2","true","false","false","exact","0d8687d0-a0ce-4166-aba5-ee9db211867a","30a4e3d6-7a31-4d9e-a5f5-2d4f7a67f217"
"en","base1","ff81d1f6-fbf8-44df-9db7-23c03e13521b","1a048c6f-e549-4591-a2ad-27f191792df8","38","2","true","false","true","missing","",""
"en","base1","4d169495-2d7c-4569-9d1c-5041439d2fe1","27db876e-5468-4c33-9991-dc68774a5604","39","2","true","false","true","missing","",""
"en","base1","4e86eb58-3631-4f86-ae9e-ed456dc3e927","21705cfc-d93c-448f-88f6-23ba33de4129","40","2","true","false","true","missing","",""
"en","base1","67707378-ba99-40c9-b868-9032bbca292b","62c6b803-d8e6-43d2-b866-cd125834b83c","41","2","true","false","false","exact","62c6b803-d8e6-43d2-b866-cd125834b83c","26803d0b-ee0e-442a-87d8-c10625d5f454"
"en","base1","db527939-efea-436d-85ac-a7b704e92ff7","3cc1f9dd-ca81-4925-ad64-f8a0c76f1134","42","2","true","false","false","exact","3cc1f9dd-ca81-4925-ad64-f8a0c76f1134","190c5a0e-be14-4f14-b015-1f064eb611d3"
"en","base1","97fc8f05-6d16-4c42-b707-a316852cf7c1","3109478c-b52d-4867-960d-5ed102a44ab0","43","2","true","false","true","missing","",""
"en","base1","eac8cac7-ab78-4f8e-8a76-c314dd55ad25","1b801c81-4054-4c37-b034-1b11df8acf8e","44","2","true","false","false","exact","1b801c81-4054-4c37-b034-1b11df8acf8e","57a125b7-d5e6-4603-8415-fb4a16f61321"
"en","base1","955ae3da-0fb3-47c0-816a-0e8be01c1ce9","5b3e147a-e474-4b88-8643-662aad5cab3e","46","2","true","false","true","missing","",""
"en","base1","3aa4727a-0403-4955-b41d-2ce43f44fd07","0438748b-134c-4cdb-91ff-d2662fd7a45d","48","2","true","false","false","exact","0438748b-134c-4cdb-91ff-d2662fd7a45d","0266745c-a7cf-4abe-a59c-c5e4b8a68c66"
"en","base1","892815a7-d99e-4bc1-b762-add627008f61","5e573494-f304-4917-9040-f5468a64b64b","52","2","true","false","true","missing","",""
"en","base1","35139e85-435b-4c5c-a2a4-58ce1ad0b6d2","30098abc-0a38-4d89-b2fb-2a163592bcb1","53","2","true","false","false","exact","30098abc-0a38-4d89-b2fb-2a163592bcb1","a20e6a48-ec3a-4621-8119-c780adad1cc6"
"en","base1","e2798f4e-e641-4798-89a9-d40988b4db0e","580ee35b-e123-43a7-b812-1494c96f6530","54","2","true","false","false","exact","580ee35b-e123-43a7-b812-1494c96f6530","a97d6b05-7db5-4492-8f94-f2e60b12b256"
"en","base1","cf561286-8cef-43c3-9d5b-519de3b1ab00","04d00d59-d42b-42d7-9800-d62b0f32dbfc","55","2","true","false","true","missing","",""
"en","base1","448bf9db-1f34-4347-8ba3-ef38a6713123","535e501c-a134-496f-95f4-5d3a3cd1a6c3","56","2","true","false","false","exact","535e501c-a134-496f-95f4-5d3a3cd1a6c3","b1f19d83-a8b6-46f3-8d89-aa774a4f62f0"
"en","base1","608ef6c7-7c42-4ef0-93a2-13d4c9581653","03978aa0-60b0-4a43-8928-29ea3c9dbafb","57","2","true","false","true","missing","",""
"en","base1","b1a1cb63-3f27-479a-a67f-67ba1011c3a8","5788e2fd-619f-41a6-81af-d63fab3ca4d9","59","2","true","false","true","missing","",""
"en","base1","226cb963-1eb1-4d79-89c6-6fc67603da48","236b7a74-76c9-4cb5-9b8f-9f84f95ce7f1","61","2","true","false","true","missing","",""
"en","base1","763b68e3-d798-4fcc-97cc-3cef54b540b9","6a493a50-00a8-4f42-bcc0-49db4d7c7931","62","2","true","false","true","missing","",""
"en","base1","cee051fd-036b-4fee-860a-46af33b3ce85","6a2b30bb-1bb4-4c0c-a978-9fa2d2f7c429","63","2","true","false","false","exact","6a2b30bb-1bb4-4c0c-a978-9fa2d2f7c429","af483844-386c-4c9d-9c00-1187014819a3"
"en","base1","f603f5f9-81fa-4c1f-b43a-014fd1827bd9","6484afe9-c6fd-4ba2-87cb-408919e3cebb","64","2","true","false","false","exact","6484afe9-c6fd-4ba2-87cb-408919e3cebb","603c3727-9cbe-49ea-8248-540fa12a805b"
"en","base1","1237f0a6-592a-430d-b2a8-598fa56f13a9","26f5cd51-ab68-4b10-b1e9-7f6e11bb85cd","68","2","true","false","true","missing","",""
"en","base1","21435a05-926c-4fe5-98fb-eb9a1e2decf4","08ab2891-7cb5-474e-8a9c-47d8a0a32db6","69","2","true","false","true","missing","",""
"en","base1","cfad8f95-1759-451a-bffa-975e6c43013c","484c53b2-7a72-4bab-958a-5c6efc8cb50e","70","2","true","false","true","missing","",""
"en","base1","6f749f88-fae9-4e89-891d-391a8faede1e","0b183790-6d15-46e1-b21a-ec35ff287389","72","2","true","false","false","exact","0b183790-6d15-46e1-b21a-ec35ff287389","07490122-7055-4dab-95af-1d290950f5dc"
"en","base1","a6630773-d85b-4547-9a5f-feeecd7e615d","2e441530-510b-4d59-9020-eae12329c6d2","73","2","true","false","false","exact","2e441530-510b-4d59-9020-eae12329c6d2","44b9f848-80c5-4e38-9ebb-507e1c2ee969"
"en","base1","a08d7719-ff2a-4d2f-9767-41a7582bb7ed","2e97f797-01bf-4eeb-972c-f8b5999f6a2f","74","2","true","false","true","missing","",""
"en","base1","e67548c6-634a-4c4e-9251-217cbfc70a7a","13fa62ec-b5f6-4e3d-99e1-aa47e6a254b1","75","2","true","false","false","exact","13fa62ec-b5f6-4e3d-99e1-aa47e6a254b1","a855314c-3d23-441f-ab58-48ae57a7a876"
"en","base1","9c903737-5c93-4250-ade8-de6887e2dca6","40dabb1f-c3bd-47f1-b392-66cfd639b83f","76","2","true","false","false","exact","40dabb1f-c3bd-47f1-b392-66cfd639b83f","446ac6df-a2ad-4305-b43d-7449eebecd31"
"en","base1","e4898d12-3888-4f23-95e0-caa4dc38000b","569874fb-2d21-44ee-a34d-bb1991048e91","78","2","true","false","false","exact","569874fb-2d21-44ee-a34d-bb1991048e91","9b7c5aa1-1ea4-4793-86bd-fad1e2431594"
"en","base1","9ce7de0b-0c22-4350-a0c4-11fb5ce06634","41035fcb-7011-491d-8cd9-6177ca4df1f8","81","2","true","false","true","missing","",""
"en","base1","1b3eb17a-5f1e-422e-a86e-2f12ad554b80","56a87c4f-5b24-47c2-8ab4-1a57c2e23f49","82","2","true","false","false","exact","56a87c4f-5b24-47c2-8ab4-1a57c2e23f49","28bec9f8-75a3-411e-997c-638af210a1ad"
"en","base1","5bc0e936-722e-4484-bddf-ed8696006e1b","1e63a0e3-1852-4484-9e4d-88e64fb50e5a","83","2","true","false","true","missing","",""
"en","base1","4fd9237a-9501-430e-a777-87966d30c7c0","3de4eab2-01b1-407d-b5a1-c4c790c83f8c","86","2","true","false","true","missing","",""
"en","base1","62c1f310-4342-429c-989a-ea6ff81a42d8","640bf720-82a0-483f-a55b-6a17524925ba","90","2","true","false","true","missing","",""
"en","base1","85cd2fa7-6477-4a8a-ba90-d61f9673ddba","0d1f4ba0-b2a0-4e3c-882f-3cad4524caf0","92","2","true","false","true","missing","",""
"en","base1","4b9a68d7-e75c-4081-bc98-3fa5cf5b760d","12be5611-af3c-4b42-a849-4c63309d337a","93","2","true","false","true","missing","",""
"en","base1","f9d4ee69-9ffe-4d32-9efd-e58742bbf105","0a866ae7-eeae-4f0b-8c81-546b15340bbe","94","2","true","false","true","missing","",""
"en","base1","9b390105-a944-4094-92b2-e1268caefe39","41068f40-2316-4840-8b73-ee784dfcd2ad","95","2","true","false","false","exact","41068f40-2316-4840-8b73-ee784dfcd2ad","856deca0-ce59-4c21-a9d5-eaa87cfc27f7"
"en","base1","4d1ec7ab-c7f5-462a-916b-3a6315b550ed","093f2213-4818-4b11-ab7e-cad6d19eb886","96","2","true","false","true","missing","",""
"en","base1","77e11e89-76b3-4013-b7e2-1da653bc745d","2d92f55e-5fe4-4280-84f9-91feca00a191","98","2","true","false","true","missing","",""
"en","base1","90eeca57-ee78-41df-80eb-16eb087bbd1b","0c6da9b7-4d16-4ee7-b291-df15dbec9405","99","2","true","false","false","exact","0c6da9b7-4d16-4ee7-b291-df15dbec9405","36d124fa-fe2e-43e9-8be8-6ce530332cc4"
"en","base1","bf2a62d5-1310-42b6-b419-8fa891e69a56","30f0b0ba-e6eb-4f77-b66d-46cb6408324c","100","2","true","false","true","missing","",""
"en","base1","43baf873-a503-4dec-801f-1d28ce3fb4c5","49e0279f-14fd-488a-9fec-172184ed3a69","101","2","true","false","true","missing","",""
"en","base1","58e7bd59-4524-4925-bd90-01b6a4a8541f","050653f7-09d1-4fab-a604-79b89af48e6b","102","2","true","false","false","exact","050653f7-09d1-4fab-a604-79b89af48e6b","78a52f7c-3c94-4697-99b3-b8438cbbacb7"
"en","base1","c24ef120-0880-40b3-a9c1-804cd20f5f83","b6be1c92-d2bf-4383-892f-706dcf1da4ef","1","2","true","false","true","missing","",""
"en","base1","af95e7fa-a0b6-43f7-a822-e2a6f9c41d6d","a2f556d2-30df-41af-af24-f810eaa5a839","2","2","true","false","false","exact","a2f556d2-30df-41af-af24-f810eaa5a839","09b71bb0-edc0-42d6-a5d5-2178aaeedbe9"
"en","base1","0e426d86-ca05-4899-b930-8e151ca55040","7067cb8f-1fd1-4fb7-9471-215ddfed05ea","6","2","true","false","false","exact","7067cb8f-1fd1-4fb7-9471-215ddfed05ea","d7deab29-078b-43ad-83d7-4792c4fd7cfd"
"en","base1","e180d270-388c-4432-a453-c1341549b0aa","9da011e2-aaa8-40bc-8da3-f77c0030105d","9","2","true","false","true","missing","",""
"en","base1","685cec03-fe3d-4a2b-9a01-baf547410e6c","c15050da-a38a-43e7-bf47-c55d8ebfed12","11","2","true","false","true","missing","",""
"en","base1","6ef6854e-ec50-44b0-8044-8fa50f503486","6e852f0e-f7b9-4e9b-b9ce-d2ee4180ca9c","13","2","true","false","true","missing","",""
"en","base1","4523c9a1-41ae-47f9-a8b4-8f46e832cb55","d6380a13-98f9-4e56-bafe-378ebef0cc5f","17","2","true","false","true","missing","",""
"en","base1","576c436a-6074-4f7d-a51e-97b339a3e8ec","80aa780e-3995-4348-81cd-c6cca7c01672","28","2","true","false","false","exact","80aa780e-3995-4348-81cd-c6cca7c01672","2e1d84c5-4801-454f-9474-393b06cf63bb"
"en","base1","0d9210f7-df48-4c8c-80fb-f7d676d423c1","d18cfc4a-b48c-4df4-b710-bab25bd79125","32","2","true","false","true","missing","",""
"en","base1","a2f0e6fd-c9c7-4370-8623-cc3033fb3c38","92bda68e-1113-4ef4-bc03-2f0790f4f23b","45","2","true","false","true","missing","",""
"en","base1","2adf4d3d-e3e1-46a6-bf5c-59e150d950eb","837a7656-d537-4a0f-841f-f611bafde698","47","2","true","false","true","missing","",""
"en","base1","26b94a40-a397-4180-a2ce-eb87b11d4cf4","9fd244a8-6234-4f4a-9672-f7d387560356","49","2","true","false","true","missing","",""
"en","base1","1772d431-6f40-43b0-9ca2-b86b994df026","cb0a3fa4-1a51-4958-940c-1b1540e1fd6e","50","2","true","false","true","missing","",""
"en","base1","19efe84b-d6a3-4157-a7d3-81b4f984d623","71cc91d9-b8c0-40f4-bf85-ff4633edbf5c","51","2","true","false","true","missing","",""
"en","base1","3a858ead-83c3-4b94-9241-18e9c7848daf","abf97f13-2e75-4783-b719-892c2bc57877","58","2","true","false","true","missing","",""
"en","base1","cc6f7476-d378-4136-9e69-2ccfc906d813","c5aec9ff-1ccd-4f8e-8012-9ce131d412ee","60","2","true","false","true","missing","",""
"en","base1","4ada309e-00c4-470d-9b5f-30a7630415fe","bb542264-213e-4781-aae5-25fc737dc15c","65","2","true","false","false","exact","bb542264-213e-4781-aae5-25fc737dc15c","3ba0aaec-b6ee-4eca-b13c-d4d20ee4844c"
"en","base1","f9d9c281-5387-4f29-8ec0-e4a90a005259","e7162816-62bb-4dac-a44f-bdb6f3089357","66","2","true","false","true","missing","",""
"en","base1","2d389b7d-0ed0-4af3-8314-6fb49f42c9c3","84b92b30-d127-4105-ba57-b0041a0d3f79","67","2","true","false","false","exact","84b92b30-d127-4105-ba57-b0041a0d3f79","023767c7-b39a-4eb4-bbdb-032fec9297b4"
"en","base1","57658c97-69b8-462b-8322-e59019789ada","c0bfe1a1-48dc-4a87-837f-9d423b6c48d7","71","2","true","false","true","missing","",""
"en","base1","6cfac7a0-208a-4abf-aeed-82dd1a8ae6e1","c652cbce-9759-4c1e-857b-df9fe2fc84a2","77","2","true","false","false","exact","c652cbce-9759-4c1e-857b-df9fe2fc84a2","83204460-a0b2-48e3-8654-002a6f5b0453"
"en","base1","0c3b4cfd-2fdf-4ab6-b39d-817081ac7c26","d4abf26e-6a0a-43ec-bef5-abe663f027ac","79","2","true","false","false","exact","d4abf26e-6a0a-43ec-bef5-abe663f027ac","3094ab36-c9f7-4bdc-9fb8-7a90c93064b6"
"en","base1","c6ebcbc3-8141-43d7-8325-adc9f252923e","d6777a56-f8a7-402d-a31d-662bd85485aa","80","2","true","false","false","exact","d6777a56-f8a7-402d-a31d-662bd85485aa","1adaf649-c76e-4d29-a494-cb18b2ff975d"
"en","base1","d96b659a-b07e-4e98-b0cd-497cccf9cd04","bcaea188-e427-4249-bc48-3c6bd6b6c57f","84","2","true","false","true","missing","",""
"en","base1","0c44dd74-11cd-4f98-a799-ad37761216be","a8cd9907-65f0-4b49-94f1-937d3b7d740b","85","2","true","false","false","exact","a8cd9907-65f0-4b49-94f1-937d3b7d740b","731b4432-1a34-40c7-a325-93b507107ddb"
"en","base1","95f52cc3-41f3-4276-b9ff-a669f29921da","d9613f0a-ba8e-4cd0-9f93-6dca155f0152","87","2","true","false","true","missing","",""
"en","base1","1747225e-1853-4381-bf38-f858c36dd41f","b0acad6a-3d73-432a-922c-03fca42a7284","88","2","true","false","false","exact","b0acad6a-3d73-432a-922c-03fca42a7284","1ef7a1ba-4f87-4784-a98a-cf79c8a77755"
"en","base1","571529b8-8937-4fa7-a205-3db15a08aa10","a9aaeec5-dc20-44fa-8998-2e5b0bc775c2","89","2","true","false","true","missing","",""
"en","base1","801dcb2d-7bdb-43c1-91fc-58bceefc1082","7c5b14ea-ab71-4451-9991-6c3b0b6bda68","91","2","true","false","true","missing","",""
"en","base1","830566ff-d4c7-4647-b3a2-f99faf849dd1","8c401894-ac0f-410a-ab8c-dcd3bc6e18dc","97","2","true","false","true","missing","",""
"ja","M5","d8bd6e96-a51e-4b2b-b71a-031ec159820e","134b24e5-ad9e-419b-b69a-8b4ce82c09cc","002","1","true","false","false","exact","134b24e5-ad9e-419b-b69a-8b4ce82c09cc","9b33b68d-9451-445e-b6a8-8ec594209e3c"
"ja","M5","6f061fda-1011-405f-abd0-320009be3571","14483d42-8710-41d7-b083-a12b139f116e","003","1","true","false","false","exact","14483d42-8710-41d7-b083-a12b139f116e","f2b35aaf-b1b4-415b-ac7c-9af690cf18a2"
"ja","M5","6ebc7134-192d-43d9-8d37-fd6b65e5a613","61459941-7744-431e-99ef-2b4c5fa26bef","004","1","true","false","false","exact","61459941-7744-431e-99ef-2b4c5fa26bef","d798b1a8-1a2d-4421-8ff1-6a3629f78d31"
"ja","M5","94161042-053f-4839-af66-2bf7f3aeaefd","07ffd8fd-06ab-4a55-aea5-068b9d52624d","007","1","true","false","false","exact","07ffd8fd-06ab-4a55-aea5-068b9d52624d","252f1d3f-0bbb-4f19-8658-240893026581"
"ja","M5","dfe7a54a-ab5e-4445-b876-59ae993bedd4","955f6724-f2c2-426a-9f24-07dc8f89b757","009","1","true","false","false","exact","955f6724-f2c2-426a-9f24-07dc8f89b757","5cec171f-cf4b-4f4e-9510-7dad14962c02"
"ja","M5","4a10e157-1484-4337-ade2-13cd7f9600c7","d3e6aba0-8543-44b5-a6b1-faff02eb275c","010","1","true","false","false","exact","d3e6aba0-8543-44b5-a6b1-faff02eb275c","93b050b8-625f-4c6f-b266-9032c67359c7"
"ja","M5","279294eb-aa42-40b1-874c-2a28df601f7f","4f620c8f-009a-47c4-bdac-b5bd434d2a51","011","1","true","false","false","exact","4f620c8f-009a-47c4-bdac-b5bd434d2a51","7a1cbef1-4049-4b3e-a1ce-b2167f7165f3"
"ja","M5","78c08720-950d-4c85-aa18-21c1b0256889","d3f3b3de-dc3c-4431-b3c0-c869e0ecd98d","012","1","true","false","false","exact","d3f3b3de-dc3c-4431-b3c0-c869e0ecd98d","b5bdeca0-a4b0-4a1b-aafc-7b7bde4c6477"
"ja","M5","7219a2a1-5f98-409d-b7e6-5ab5584daca2","6e76b9e8-ef0a-46f2-9420-76c2ad2e7975","013","1","true","false","false","exact","6e76b9e8-ef0a-46f2-9420-76c2ad2e7975","beb2248a-512c-45e7-974b-d253dd1f349c"
"ja","M5","da4cb7b8-b2e9-4a4a-af5c-4feae405c4c7","8d6094f5-708c-475c-a1f2-a57028a896be","015","1","true","false","false","exact","8d6094f5-708c-475c-a1f2-a57028a896be","c96d9f4e-843d-43db-a0fa-ffdeca7da23c"
"ja","M5","b1ecfc90-4fbe-4b30-a74c-d3c93682c161","a212d3f9-eae2-41fa-9f9c-b16e23ef3eae","017","1","true","false","false","exact","a212d3f9-eae2-41fa-9f9c-b16e23ef3eae","b15bbb84-403e-42a2-81db-bba08ef52ad8"
"ja","M5","79792a07-408c-4f70-87b0-17d455d10b30","355d0b1b-7437-4464-90dc-dc45ac7ee736","018","1","true","false","false","exact","355d0b1b-7437-4464-90dc-dc45ac7ee736","636fe652-a58b-41a5-ab35-7a28dcaf668d"
"ja","M5","7f79eb19-aedc-4a1f-8313-2546d4344bef","b43423c8-0c0b-4a3b-a4f4-53a6fa1e4114","020","1","true","false","false","exact","b43423c8-0c0b-4a3b-a4f4-53a6fa1e4114","53cc9353-cf5a-48ad-8841-a7bfc8899f3a"
"ja","M5","67790674-6a33-4025-9c49-5a0d83731d6c","0fdce1da-ecf0-46cf-8459-ec01df104593","021","1","true","false","false","exact","0fdce1da-ecf0-46cf-8459-ec01df104593","13ac8a7c-9ede-4729-b27d-407c1ba450aa"
"ja","M5","db87dd19-d69c-4ed8-8c8f-45fefe621232","a922645b-e3cd-4e80-a3cd-fe8fd60ca26f","022","1","true","false","false","exact","a922645b-e3cd-4e80-a3cd-fe8fd60ca26f","4718821e-721d-4713-afe7-6a66ba163152"
"ja","M5","4d176ce1-6c30-47c1-98db-d67494d6aae7","4dae1010-7de6-413c-bb45-8e47e5bafb11","023","1","true","false","false","exact","4dae1010-7de6-413c-bb45-8e47e5bafb11","145cf0ea-0bbc-4403-a5c1-6ddc522091d1"
"ja","M5","6eca7202-28ef-4013-8770-068e2aed7b60","2fe0a950-9188-4592-b1c3-7c90611ab19c","024","1","true","false","false","exact","2fe0a950-9188-4592-b1c3-7c90611ab19c","1c17d276-ecb1-4740-9d9d-cf4cb0fcebcd"
"ja","M5","ef9e0469-99d2-4fc7-a224-fc3759435e63","8d8149c1-6342-4169-a233-8ed1140d19b7","025","1","true","false","false","exact","8d8149c1-6342-4169-a233-8ed1140d19b7","3c3d1a25-d821-40d4-a187-83c00617f12c"
"ja","M5","03b93a04-5a69-42b3-a81c-6a137ad73a53","245201f6-b9c2-4aca-9061-0208e0263dc2","027","1","true","false","false","exact","245201f6-b9c2-4aca-9061-0208e0263dc2","2861459a-51f0-4045-96d8-7b2e49795d31"
"ja","M5","3aa65662-776c-4f7b-9b58-53f703f6f19d","81968482-5e55-462f-a1b6-cff11d84ad3a","028","1","true","false","false","exact","81968482-5e55-462f-a1b6-cff11d84ad3a","c73885aa-5590-4ba1-a748-a0fcc0451e55"
"ja","M5","0761a44d-116c-4ddf-a565-895ad3dcbbbf","12cfa328-c17a-4038-9ac3-a86ce3372a42","031","1","true","false","false","exact","12cfa328-c17a-4038-9ac3-a86ce3372a42","23ed6782-4941-463c-975c-9dad2e5d3f84"
"ja","M5","7e10e923-563f-4ed6-be6d-10e9a6380e9d","759eb297-29bc-4860-ac22-99b488c23082","032","1","true","false","false","exact","759eb297-29bc-4860-ac22-99b488c23082","6f2926e5-f34c-4d97-b35e-bd93bd8dee0d"
"ja","M5","444b41f2-3cc2-4482-9ae3-3dc2301751de","bec1b00e-0eff-4578-ba19-0eb38dd6bdfc","033","1","true","false","false","exact","bec1b00e-0eff-4578-ba19-0eb38dd6bdfc","f02aaf40-5707-49ee-b8e2-4e97e8950bf8"
"ja","M5","f5b25dbd-9fe9-4ffa-83a4-5a15442ba660","7fd7e9dc-681c-4011-ae18-3678f2a980a9","034","1","true","false","false","exact","7fd7e9dc-681c-4011-ae18-3678f2a980a9","2156d7d0-c86c-4d7a-8d63-205b24f137c6"
"ja","M5","77b9ae14-da1b-4ebf-b543-411bfa1a8fc0","14a3d75e-d2b4-4176-944f-09f19628a8d6","036","1","true","false","false","exact","14a3d75e-d2b4-4176-944f-09f19628a8d6","300ee412-a863-4e58-bc89-5ba44a21184a"
"ja","M5","98be385e-43a6-491c-9f35-71967c4d9811","951f8cfa-24a6-45cf-a924-2897a1f1bda4","037","1","true","false","false","exact","951f8cfa-24a6-45cf-a924-2897a1f1bda4","968d166d-52a3-4224-a31c-85e3b54e621e"
"ja","M5","87a5f416-eded-43e1-bc25-edb7b768697a","845643e6-c732-4cfe-bb98-6abddf39bc64","038","1","true","false","false","exact","845643e6-c732-4cfe-bb98-6abddf39bc64","8f916da5-923d-494e-b7e7-e4b7a15de65e"
"ja","M5","6d7e1207-8864-4bc3-bd52-cc5f47654d6a","d1a75afe-4ea3-4432-8f1e-bdb7979f3cf1","039","1","true","false","false","exact","d1a75afe-4ea3-4432-8f1e-bdb7979f3cf1","7406a05a-0b62-4692-bb72-633988549ba6"
"ja","M5","0e1790d0-1a40-493e-80b8-04ac1ec258fc","60c133dc-2f5f-4dd4-a166-7ab4d3c147f8","040","1","true","false","false","exact","60c133dc-2f5f-4dd4-a166-7ab4d3c147f8","d2b2c1be-55d9-4812-8b5b-2499d9b57ae2"
"ja","M5","d4d34340-b772-45a1-9a52-b1b2dc090056","3282d240-2550-46f5-b696-717ad176b95b","041","1","true","false","false","exact","3282d240-2550-46f5-b696-717ad176b95b","f7f26669-3924-4f7c-92d6-822d26b0e150"
"ja","M5","dca066c4-b474-4ef5-9209-d81a2956429e","054da21f-c8b0-4bc0-bc8a-aa82c288db45","042","1","true","false","false","exact","054da21f-c8b0-4bc0-bc8a-aa82c288db45","b66a8d53-6a86-4f5d-b847-783b8f3126e3"
"ja","M5","4104d249-c1b4-4931-a807-a937d3f44100","a8931bb7-942d-4a33-a9d8-33cdcd0f04f1","043","1","true","false","false","exact","a8931bb7-942d-4a33-a9d8-33cdcd0f04f1","d3581ea8-127b-4f4d-8b20-a8ed96a53618"
"ja","M5","5dd085c8-3586-472a-b2ac-915bd03c1785","4f13e5a4-ce89-49a4-985e-ca010734bc1a","044","1","true","false","false","exact","4f13e5a4-ce89-49a4-985e-ca010734bc1a","d7cbdc1e-3303-4a06-9869-93419af6f3ba"
"ja","M5","504067e8-3361-4999-b9cf-20a53c10949b","6625e332-3c60-4195-8514-327343b6767d","045","1","true","false","false","exact","6625e332-3c60-4195-8514-327343b6767d","e09e615b-8f1a-4f98-ac3e-b896d5c56c47"
"ja","M5","65b4bc75-4601-4e40-bb21-cf87847ccf62","864aca66-7a1a-4494-a17b-07df5c6d6a17","046","1","true","false","false","exact","864aca66-7a1a-4494-a17b-07df5c6d6a17","022511d8-85f4-4c2e-b6a7-65201fa0fbfe"
"ja","M5","a053e3c0-06aa-4f30-b977-40df87e7ff69","26103c1e-f086-422b-8b8b-7081fe45e6d0","048","1","true","false","false","exact","26103c1e-f086-422b-8b8b-7081fe45e6d0","561e609b-5945-4405-b071-bc6f0a425092"
"ja","M5","95fcbefe-5ecc-4d17-b8a6-c56564742182","07a4e6ff-bdc1-4f7c-80a3-cc29a135b54a","049","1","true","false","false","exact","07a4e6ff-bdc1-4f7c-80a3-cc29a135b54a","ef791169-0aaa-47d2-a283-e6347eaa6305"
"ja","M5","98b0e311-e8d8-4f9e-859c-1bf4f2fbc8eb","bafc6cb7-fc5f-4739-9b24-d83c697568b2","051","1","true","false","false","exact","bafc6cb7-fc5f-4739-9b24-d83c697568b2","717356e6-e611-4061-a1ba-ffac6a339e06"
"ja","M5","ecbe5cf8-ea64-4c6a-9817-344bce1f8434","19f5efd3-ec27-4b7b-a557-3a9ba8622f10","052","1","true","false","false","exact","19f5efd3-ec27-4b7b-a557-3a9ba8622f10","ec5dfa7e-6fec-4c4c-be92-bce8b7663f77"
"ja","M5","ac610fb1-9a4a-46df-a4de-ad1ffd7ae91d","1933032a-2afc-4466-8dea-d2e9d7cc7174","053","1","true","false","false","exact","1933032a-2afc-4466-8dea-d2e9d7cc7174","0315c387-3204-429a-aef5-889ef00e25db"
"ja","M5","12ec45f2-5078-48b4-b4f9-86cd8884b131","aaf98781-6e65-4c9b-a731-0310e1e20d3e","054","1","true","false","false","exact","aaf98781-6e65-4c9b-a731-0310e1e20d3e","eae6890c-7778-4db0-b079-deb4e774f113"
"ja","M5","2117c115-f414-4a63-b2b0-6dc0eda9dea1","c30e953e-502b-41e3-a65a-e5c41e4f10a7","055","1","true","false","false","exact","c30e953e-502b-41e3-a65a-e5c41e4f10a7","2333cf42-b7c9-49e2-9f7f-09da5441a8f5"
"ja","M5","5f29241c-44a7-4191-8618-742c7fb3500b","ac38680e-1dff-4eb3-b3ac-37cbee8d5d9f","056","1","true","false","false","exact","ac38680e-1dff-4eb3-b3ac-37cbee8d5d9f","d083672b-d342-4f47-a858-f9b8ed9ce12e"
"ja","M5","03f7bada-08dc-4734-88e3-c1c1fc45118b","a6dc472d-8db4-4457-94d4-a90fccb50d4c","057","1","true","false","false","exact","a6dc472d-8db4-4457-94d4-a90fccb50d4c","dc492c81-e37d-4c71-9d3b-455d817a042a"
"ja","M5","44639be9-7098-4818-a644-b614b0881b63","443cc029-288e-43c9-98ac-7ba122e0662e","058","1","true","false","false","exact","443cc029-288e-43c9-98ac-7ba122e0662e","9311ddab-7dbb-44fd-b387-81518ca276d2"
"ja","M5","cb4b9400-b21e-4464-818b-0eac6f0059df","242b9779-2506-4bd7-8ce3-5dbabf9620e2","059","1","true","false","false","exact","242b9779-2506-4bd7-8ce3-5dbabf9620e2","adaa0ce0-5230-4225-97c6-98694842d684"
"ja","M5","4af8847c-c973-4e5d-91b0-bc288107c4b9","1b02b794-f866-45b0-8420-c08e41c766d4","060","1","true","false","false","exact","1b02b794-f866-45b0-8420-c08e41c766d4","0e08c2b1-ec34-4de0-8879-53bcd5a741d4"
"ja","M5","2cee8f86-86d2-448b-9a87-9dd095f7a9f4","3360a6f9-afd3-41b3-881b-908346e8a45f","061","1","true","false","false","exact","3360a6f9-afd3-41b3-881b-908346e8a45f","0c8da3b5-ada7-498f-b591-c496e97cb224"
"ja","M5","e2dd04cd-9fba-405a-a7dc-71103bca801f","d3df39b7-7fe3-479c-a496-c01973226427","063","1","true","false","false","exact","d3df39b7-7fe3-479c-a496-c01973226427","34eab63f-6a1f-431d-8e01-05e07612a19b"
"ja","M5","027cf497-82b4-4063-9832-c45a5c2ee9f3","a2bc3be7-5b3b-424e-b00d-a134559f3ac6","065","1","true","false","false","exact","a2bc3be7-5b3b-424e-b00d-a134559f3ac6","bc0d6ae8-77b2-418a-8c51-555fe4fc91f1"
"ja","M5","382d56ad-f8a6-4247-8a28-df7fadb5182d","dbab43d3-03a2-4882-b7c0-206094233aad","066","1","true","false","false","exact","dbab43d3-03a2-4882-b7c0-206094233aad","c010303a-bf7b-442c-adec-ab7da8399f8a"
"ja","M5","170a2e0e-e9cb-466d-bf11-fa7f42a3c7ea","4877d10c-4db5-4d14-b99c-76ca29bf7afc","067","1","true","false","false","exact","4877d10c-4db5-4d14-b99c-76ca29bf7afc","ec382b22-0aaf-4927-b26d-00158582e86d"
"ja","M5","f4169829-4de1-4332-b01c-4796aca455df","9b606843-9274-49fb-abe0-aed956b178d8","068","1","true","false","false","exact","9b606843-9274-49fb-abe0-aed956b178d8","6d2996a2-7ac1-412b-bb12-f27f0b1b0e87"
"ja","M5","9d09d5ed-63e7-4a4a-a508-abdb2f48bc8f","9731c284-8035-433c-9a0e-a9db5fb934d9","069","1","true","false","false","exact","9731c284-8035-433c-9a0e-a9db5fb934d9","0f2a969a-88da-4d56-84bb-e852eb70211f"
"ja","M5","da829dc5-de87-4b1c-a2a5-1bc44488eecb","758c1d2e-aa3d-453e-814e-6a1c4f8083e7","070","1","true","false","false","exact","758c1d2e-aa3d-453e-814e-6a1c4f8083e7","df77034d-e7cb-4e2f-b621-c5696ce802c9"
"ja","M5","06d9eb48-dda3-4099-9706-0741e82d44e3","58e4b9cf-1c6d-4d76-8eda-0e5838539675","071","1","true","false","false","exact","58e4b9cf-1c6d-4d76-8eda-0e5838539675","763af42b-8fb2-496c-ae4c-a14344d4d052"
"ja","M5","fca354dc-16de-4c72-827c-2eba0af55c56","71f81b97-a107-4a38-a998-2e4d9dbab878","072","1","true","false","false","exact","71f81b97-a107-4a38-a998-2e4d9dbab878","a24977fd-0bc2-4d5c-8cb2-cc037ad6d7b5"
"ja","M5","f6239e0b-822f-4004-89ed-ecb1a7660fc9","2e423a84-8b76-4e0b-91ce-b85fd9927c24","073","1","true","false","false","exact","2e423a84-8b76-4e0b-91ce-b85fd9927c24","fb2d1c06-48f6-4694-9adc-e31e8e8f2ade"
"ja","M5","9f30f184-187f-4449-926f-fec908940146","380d12fb-a6d8-40dd-8ec0-28e37f555542","074","1","true","false","false","exact","380d12fb-a6d8-40dd-8ec0-28e37f555542","313930bf-912d-497f-9b0a-b6571d044a91"
"ja","M5","343c74ba-2f7b-4ed0-997e-e6b12d880c13","9f842558-a57e-4d3d-834f-90429f98d814","075","1","true","false","false","exact","9f842558-a57e-4d3d-834f-90429f98d814","2a26ba30-f4a6-4325-b91b-ed4750233079"
"ja","M5","70aaad8f-9e3f-4513-b0b0-f7da275cdf11","669b0241-d7c2-4c8f-9dca-0f025b60adff","076","1","true","false","false","exact","669b0241-d7c2-4c8f-9dca-0f025b60adff","d7583e96-8b45-435a-be22-f2dd7f5b2add"
"ja","M5","7d44ce0a-0fd0-4405-9800-6dd7a5ada466","acf4d3c2-5893-4d11-903d-d732bcc39ab6","077","1","true","false","false","exact","acf4d3c2-5893-4d11-903d-d732bcc39ab6","6252d076-013b-466f-b644-b3cc37f900a9"
"ja","M5","ff7fb056-94ea-4576-b3b1-2981b4f9b4a5","9c27ed59-871d-42fc-b0b2-b0a5b9e011f9","079","1","true","false","false","exact","9c27ed59-871d-42fc-b0b2-b0a5b9e011f9","a85ee878-1dc8-4314-a9b5-def10112804e"
"ja","M5","97bf90da-3933-445c-a0be-1e90202a7559","277a2e9c-9175-4b4a-8801-9c9b51261fd1","080","1","true","false","false","exact","277a2e9c-9175-4b4a-8801-9c9b51261fd1","71a778b9-92d8-4e0f-9e9c-c4d3bf34cd29"
"ja","M5","1f168e66-baa8-4ff5-ae7e-fb0e47eb4b16","2b85af5d-8c9d-409e-b9a8-0a870d005f27","081","1","true","false","false","exact","2b85af5d-8c9d-409e-b9a8-0a870d005f27","93848bac-386f-44e7-8e4f-01e364990f05"
"ja","M5","e0986a77-325c-46b1-a69f-e8655d65b9ff","0dd7f042-7d5c-450e-95df-c6205cfd6dfb","082","1","true","false","false","exact","0dd7f042-7d5c-450e-95df-c6205cfd6dfb","22feafeb-73bd-4781-a022-49cd7bbbc188"
"ja","M5","2edbd653-4bd9-4952-95ee-769ba519207b","b3a56018-2743-4888-8157-891a08fd2fbb","083","1","true","false","false","exact","b3a56018-2743-4888-8157-891a08fd2fbb","e9935286-1d5b-4ff1-ad02-453a73a1706e"
"ja","M5","93a1eeed-7ed4-461a-a808-bbe15ea42380","6d9c0363-8a95-4481-9401-ff4f1d505621","084","1","true","false","false","exact","6d9c0363-8a95-4481-9401-ff4f1d505621","ed83d4ad-2dc5-448a-bf17-fa0659c17535"
"ja","M5","c9d8c2aa-2cf4-462a-8485-8479d36f4c38","3533a649-a558-45df-81cc-09d3a3795c1a","085","1","true","false","false","exact","3533a649-a558-45df-81cc-09d3a3795c1a","6a478dd2-fbfe-43ef-a9e2-9b876d573ca4"
"ja","M5","b4996e8b-b5e2-4ec4-b12d-7cc666f3bc02","28aa0654-01a7-4c8d-9ea5-b50973bd6c37","086","1","true","false","false","exact","28aa0654-01a7-4c8d-9ea5-b50973bd6c37","56a82068-93fb-4236-ac2d-3846fc180eb9"
"ja","M5","b3dc4099-404d-4a2a-bf13-dd5d40bcf7ba","839c9bcf-3dc7-4801-b68c-70877d7dfc71","087","1","true","false","false","exact","839c9bcf-3dc7-4801-b68c-70877d7dfc71","691e98c3-1aca-422c-ad0f-f10c2c8b3be1"
"ja","M5","883f475c-62f3-48c7-acf0-68d602c4261a","c57e758f-e408-4cab-a129-494debe33146","088","1","true","false","false","exact","c57e758f-e408-4cab-a129-494debe33146","bc230a0d-765d-484b-9d9d-b5059a9ed939"
"ja","M5","1a21e457-66b9-4b0c-98a5-05bc78938617","12ec0a61-069d-4995-8ff2-cae93d3329a6","091","1","true","false","false","exact","12ec0a61-069d-4995-8ff2-cae93d3329a6","7fedf3ed-0712-40b6-a268-0addaf4df1e5"
"ja","M5","ca4e28e8-5e3b-4acf-a4fe-6c7ec3125e1d","5a6c4c8b-fb2a-4cb1-9c45-0868864c21e5","092","1","true","false","false","exact","5a6c4c8b-fb2a-4cb1-9c45-0868864c21e5","60bfd641-fc65-4041-9477-a4487add6735"
"ja","M5","381ec3a1-349e-4be7-ace2-d65eda26c0ad","5be8edd5-040a-4cec-a2d1-3f38c982dbb2","093","1","true","false","false","exact","5be8edd5-040a-4cec-a2d1-3f38c982dbb2","0a9efd96-b740-46db-a343-f9126b8e5ca2"
"ja","M5","b83a3c6e-af78-4421-b513-8a7ec362ccf1","b2e98e89-c5a3-48a2-a1ba-b6b18097d60b","095","1","true","false","false","exact","b2e98e89-c5a3-48a2-a1ba-b6b18097d60b","f706206e-dedf-48dd-aa14-fc7a3cfeeeaa"
"ja","M5","601a883c-fa10-4027-9ba9-1cc8da1202c5","6432ad2c-796f-4b5d-b259-f65d2ee9dc7c","096","1","true","false","false","exact","6432ad2c-796f-4b5d-b259-f65d2ee9dc7c","bc19db7e-6067-4480-8678-c58e34425b71"
"ja","M5","64314182-584d-43b2-af84-893ee5aba965","6b54edb7-7613-44fa-9b9d-e85984b3fea8","097","1","true","false","false","exact","6b54edb7-7613-44fa-9b9d-e85984b3fea8","1a3af647-d123-40b3-817a-cf2b669ee357"
"ja","M5","bf2de113-3d0b-45d5-9c6e-4c527d8d4840","86601bb9-d376-4bdf-89db-3beb2f9e55ec","098","1","true","false","false","exact","86601bb9-d376-4bdf-89db-3beb2f9e55ec","cdf503fb-d8fe-4b9c-a481-baeef8b95875"
"ja","M5","fe5ae6c2-4c1d-43e7-bb3d-191ea4d2e6c0","315fa247-c6eb-4382-b5f7-b9f28cb31b8a","099","1","true","false","false","exact","315fa247-c6eb-4382-b5f7-b9f28cb31b8a","043058d9-41e3-4a93-9f09-d8ad7a9f43bb"
"ja","M5","e49557e5-e3d8-448b-a12d-8997a3f61ee5","0164eb60-2aec-42f5-bc34-dd752e6ac4bd","100","1","true","false","false","exact","0164eb60-2aec-42f5-bc34-dd752e6ac4bd","3e246dcf-cceb-456e-9cd1-1f0502e34546"
"ja","M5","e76dc0f8-ab76-4249-bc9d-fbde07210bc9","9cf49dbc-d11e-427f-8262-0d290203b7ac","101","1","true","false","false","exact","9cf49dbc-d11e-427f-8262-0d290203b7ac","a5af4334-514e-40a5-a8ca-8caa5188fe0b"
"ja","M5","9ee00111-85fc-42ef-b58e-0d949176e9f3","2cfa8b51-3372-43bd-a8cb-1ac3d5b5bfdb","102","1","true","false","false","exact","2cfa8b51-3372-43bd-a8cb-1ac3d5b5bfdb","935a6d1c-6607-4826-89cc-8c080dfdfac6"
"ja","M5","36d2bd18-6449-469a-a8be-a8af0c276b2c","8222608b-abb3-4dcf-bbbc-ee9d8630268d","104","1","true","false","false","exact","8222608b-abb3-4dcf-bbbc-ee9d8630268d","67783f77-4fd3-4399-8d05-c6b232861baa"
"ja","M5","e37b0cbe-f40e-4f04-8421-8dcd5180c541","0c8ee414-eee8-448f-a5b6-c341ef74a78c","106","1","true","false","false","exact","0c8ee414-eee8-448f-a5b6-c341ef74a78c","e3134b76-0dea-45c5-8d40-e46360ebf52f"
"ja","M5","e228025b-cc98-410b-b431-51f4d7d7599d","a944f2c7-e987-4206-9b61-56f2a643a22d","107","1","true","false","false","exact","a944f2c7-e987-4206-9b61-56f2a643a22d","d95baf38-80fd-46a7-98ec-2793a63cff2c"
"ja","M5","603a76bc-1769-4cf2-976a-2e8d7f9fa49d","b0926dc1-3815-4254-a6da-b5683c562a96","108","1","true","false","false","exact","b0926dc1-3815-4254-a6da-b5683c562a96","2f00e561-3aae-4da4-8d4a-de1877be2a00"
"ja","M5","f3d33553-428a-4b2e-ae72-a021d1f05165","6213fcc1-7a92-4a27-8f5d-741ff90ae0e3","109","1","true","false","false","exact","6213fcc1-7a92-4a27-8f5d-741ff90ae0e3","c9655abf-b304-496e-b164-3f9293a97320"
"ja","M5","3c639f82-7612-499d-b2b9-82491ec1294b","80e5705d-8575-432e-ac57-ee82cbbbafb6","110","1","true","false","false","exact","80e5705d-8575-432e-ac57-ee82cbbbafb6","3e8a695c-2b75-4d33-a9d8-b0aab6dc0084"
"ja","M5","9e94c541-06fe-4918-9ac8-711d2b8d2c3d","c322752e-2708-4b2e-8b7a-c82b6d7d3654","112","1","true","false","false","exact","c322752e-2708-4b2e-8b7a-c82b6d7d3654","9666c541-b4d3-4aa4-98da-dba3a94332dd"
"ja","M5","40b4968e-b3fc-4fdc-9706-f5bd0a06884a","063927e8-2fba-479f-8384-42a7793bbbb4","113","1","true","false","false","exact","063927e8-2fba-479f-8384-42a7793bbbb4","20efd744-e885-4e8f-8530-584ef0a84987"
"ja","M5","8bfeb733-f734-48a8-987b-f6a981d3acc1","b9255a37-c0d5-4566-815f-eb72cda8a2e0","114","1","true","false","false","exact","b9255a37-c0d5-4566-815f-eb72cda8a2e0","d36c434c-3800-4bda-980e-6ff2dc9152b2"
"ja","M5","33139712-6e1c-472d-aaeb-acca7d4af463","10e571c4-9cf5-4836-90f6-ce09fd81dda3","115","1","true","false","false","exact","10e571c4-9cf5-4836-90f6-ce09fd81dda3","da3643ca-81c4-48f9-9629-a3c64cf25b78"
"ja","M5","58c4fc62-679a-4af7-b756-3f0f185463c4","ced5b5fc-0037-4b61-b721-4a35f306f6d6","116","1","true","false","false","exact","ced5b5fc-0037-4b61-b721-4a35f306f6d6","298b58a0-1462-4d1c-99e1-424bff1e11c0"
"ja","M5","98f93742-0c43-4b37-90eb-14b06e730569","8a5f061e-2557-479f-98fd-73f40fa0509a","117","1","true","false","false","exact","8a5f061e-2557-479f-98fd-73f40fa0509a","5032f14e-ae81-4dc8-9476-2dba23eabd1c"
"ja","M5","86bf405f-1ba7-49d3-bb43-664ff4388e8e","89b2d840-6749-450e-85e9-113e9a6c5173","118","1","true","false","false","exact","89b2d840-6749-450e-85e9-113e9a6c5173","11f2c8ae-ad7f-4262-9a45-87ef168f7f68"
"ja","M5","6e0d7657-dd5d-4664-b062-043e7d108e00","fdb3f444-402c-4c04-b158-090fde4c7dad","001","1","true","false","false","exact","fdb3f444-402c-4c04-b158-090fde4c7dad","9378f157-34c7-4a4d-9d29-a52eb470af6f"
"ja","M5","28b4f85a-90b8-4dd7-adc6-59ca37625f41","dd7a1ee6-d7e1-4ab6-b219-8856be3094a4","005","1","true","false","false","exact","dd7a1ee6-d7e1-4ab6-b219-8856be3094a4","0144d75a-025a-48c9-81bd-ce46293b494f"
"ja","M5","d44e65f7-df6f-4328-b21e-edd62b7d3a47","e778392f-9a51-4afc-b7ac-f5bc989b0dc0","006","1","true","false","false","exact","e778392f-9a51-4afc-b7ac-f5bc989b0dc0","25d24cce-3997-4f27-88fc-e60d2580f894"
"ja","M5","ee1aa94b-5cb8-4b38-b739-fe454ab08cf3","fd17d861-daed-45ca-82ef-fb40a46b1d54","008","1","true","false","false","exact","fd17d861-daed-45ca-82ef-fb40a46b1d54","9199bbb1-7298-4f5c-af62-675911d17417"
"ja","M5","56893865-bf9a-48a1-aac3-6104e065e80b","e8e1e140-8383-4c76-9e42-b9f58f7b047c","014","1","true","false","false","exact","e8e1e140-8383-4c76-9e42-b9f58f7b047c","8cc29b64-f124-4ac3-9352-113a3b5e9abe"
"ja","M5","0a39302e-825f-4e19-86b5-b2ee713d326f","e49802e3-f5f7-4187-a78a-9534dbc8bf81","016","1","true","false","false","exact","e49802e3-f5f7-4187-a78a-9534dbc8bf81","86837b2e-9e45-483f-a32f-ec41bc9f98e5"
"ja","M5","8764a542-36e3-4cb4-af60-81f849475c75","f895eeef-f3f2-4a9f-b430-6a9a0bdb7b54","019","1","true","false","false","exact","f895eeef-f3f2-4a9f-b430-6a9a0bdb7b54","9c488c36-bbaa-4b08-9459-ceddae82e841"
"ja","M5","e5a37746-ae89-4eaa-80ca-27d70b0c5e12","e3de4d88-f48c-4092-8baa-e02dd4c1ef5b","026","1","true","false","false","exact","e3de4d88-f48c-4092-8baa-e02dd4c1ef5b","45cb1f1c-61a6-46c9-8af4-6d2c617fa2aa"
"ja","M5","f7046319-b758-4c34-a6e7-7443e51fd23c","f9f823b6-2ac3-4e4f-b02b-38dc77ff13db","029","1","true","false","false","exact","f9f823b6-2ac3-4e4f-b02b-38dc77ff13db","e9b01cc8-49f0-4a56-9aff-80c5c3fad830"
"ja","M5","9463fa5b-fca6-4324-971a-be1087befed6","f777b7d0-f13a-43a2-acbb-d8ac262516ce","030","1","true","false","false","exact","f777b7d0-f13a-43a2-acbb-d8ac262516ce","3f34f6ad-867f-438a-b478-48a8ee2027e4"
"ja","M5","f661c8f9-c825-47cc-ad3c-8b682bec5b08","e1bafa01-4069-4701-b685-2ef9dc50a24d","035","1","true","false","false","exact","e1bafa01-4069-4701-b685-2ef9dc50a24d","f7c31c11-9075-479e-8e68-99800118c4b7"
"ja","M5","f2ae7ca7-ecb4-494c-8c10-4beb05fe724b","fbf9706b-062a-4423-9036-3973a59cb72f","047","1","true","false","false","exact","fbf9706b-062a-4423-9036-3973a59cb72f","42802e5d-c866-4033-b495-b7fd8c3f281d"
"ja","M5","6684add2-e530-4dc2-aceb-e336557c1218","e231edee-0223-4662-a48a-69760e82de94","050","1","true","false","false","exact","e231edee-0223-4662-a48a-69760e82de94","c53b193e-1a84-4185-ad43-94f97281397c"
"ja","M5","f113091a-5c46-4bad-921a-9876fdf5cdfe","e33626eb-7378-41dd-bbbb-19b4ebef4d4c","062","1","true","false","false","exact","e33626eb-7378-41dd-bbbb-19b4ebef4d4c","0a56ef4c-c3b9-41c0-a91a-37fcbd0dcf2a"
"ja","M5","e1602c7d-b180-4219-9066-9ea61a775924","dea297ff-66a5-4930-bbdb-312b784d7641","064","1","true","false","false","exact","dea297ff-66a5-4930-bbdb-312b784d7641","b2f41b92-85cf-463c-95da-7af7f7d326e6"
"ja","M5","29a4de48-a082-45a5-a489-3d20d6d1d3f9","e1e42182-e03a-4bf7-a939-3bed655caf46","078","1","true","false","false","exact","e1e42182-e03a-4bf7-a939-3bed655caf46","fa51fc68-d6d5-4ab8-bda0-b225bbf6e92b"
"ja","M5","bc95c1a4-20c6-4a97-861f-38636a08a8d1","f5c9afed-fb77-4ce5-b307-83ea33012ffd","089","1","true","false","false","exact","f5c9afed-fb77-4ce5-b307-83ea33012ffd","ebc19b8c-43e5-469d-8c42-533dc2202201"
"ja","M5","6daf12c4-264e-4374-83dc-a27496f9cb60","ec97a7e5-75ea-4ac3-91df-34c14c2636c5","090","1","true","false","false","exact","ec97a7e5-75ea-4ac3-91df-34c14c2636c5","fb2c1a23-91f1-48ad-b00d-ec39b05c1467"
"ja","M5","7cf8dc26-3070-498c-9b68-59ec61e06e51","f8c59d3b-bb47-4caa-8a81-71a3163252a2","094","1","true","false","false","exact","f8c59d3b-bb47-4caa-8a81-71a3163252a2","87a701e5-3e73-441d-b195-9a109a9d6621"
"ja","M5","354e3591-b074-4ac3-8462-adff97ccbec3","f69096f7-e1c5-4e00-84c0-22f70fabff55","103","1","true","false","false","exact","f69096f7-e1c5-4e00-84c0-22f70fabff55","9da3403d-aec8-47d2-a4ba-8c3b1d001ec2"
"ja","M5","f09a532b-dff8-4e57-b50a-0528ffc84e8c","ed924af6-5da4-41dc-9c53-3c2299b4d19c","105","1","true","false","false","exact","ed924af6-5da4-41dc-9c53-3c2299b4d19c","008b5ac3-bd0c-464d-a0b3-9edeca70b90b"
"ja","M5","6f17e0ae-b874-4571-a15d-22f65a5beb19","dd75326b-e30f-4773-812e-71dc1b962cb4","111","1","true","false","false","exact","dd75326b-e30f-4773-812e-71dc1b962cb4","20b0d27c-ec1e-4e71-bf7e-0c1c200fd99d"
"ja","SV2a","818d6c32-bf5a-4bdf-a06e-5fa746ac4398","2b508176-7faf-4eb9-b37a-f38d03140448","001","2","true","false","false","shared","55243440-7b6c-4a89-b477-9292a91c6b3c","b141d15d-6a3c-45cf-8cbf-c567760c1a32"
"ja","SV2a","ccbd81d5-edba-4615-a62a-539c02c23baa","14eaa81d-fdc0-428d-8d58-af327b2a66ba","002","2","true","false","false","shared","883fa1e3-8cf0-4a86-adab-f4ec2ff13b6b","90b58b81-2a31-4a9c-9490-a4e797c5d87f"
"ja","SV2a","5861af38-9b17-4b55-8a62-9831f64eebf3","2c66eac2-0253-4d65-bff8-45d8c392c3ed","004","2","true","false","false","exact","2c66eac2-0253-4d65-bff8-45d8c392c3ed","464575d4-5582-465b-805e-a091c31683ae"
"ja","SV2a","5afa8e55-b52f-4ea2-a852-296b7cae162d","02e7882f-058c-4622-b4d4-5052df1066a7","006","1","true","false","false","exact","02e7882f-058c-4622-b4d4-5052df1066a7","0925143e-289a-421c-ba44-22ec8e042d3a"
"ja","SV2a","a26962b4-2db2-4dfb-8f43-701463f0793d","20e43dbd-fe50-473a-8937-c9fd33eb8ca6","008","2","true","false","false","exact","20e43dbd-fe50-473a-8937-c9fd33eb8ca6","346f9832-caeb-405f-bd8c-2b51f6767da5"
"ja","SV2a","17d9a5e1-5923-48a5-8e1c-5e6b757f36b8","26626973-3d39-4eb4-a4c2-aaf3d4738157","012","2","true","false","false","shared","7babe85c-0273-4afd-b9d4-48a60af554e5","3c30dc64-7e9c-4b3f-93f6-0275adeb1cf8"
"ja","SV2a","ea276eb3-9a2e-4776-b352-025d52e83201","31a19b6c-acc3-48e0-a418-d9d599c4b5be","014","2","true","false","false","shared","6c057f19-f82f-469e-9128-0ea85a7befdb","b5318e7a-38cf-42f5-8b9e-770c1b998a1d"
"ja","SV2a","00043caa-0689-423f-b8c1-9a15c687548f","0afa4aa2-93fb-410f-9ecc-c5df147464d5","019","2","true","false","false","exact","0afa4aa2-93fb-410f-9ecc-c5df147464d5","f7b41427-600d-41bf-a245-99d2e9b2340f"
"ja","SV2a","820059d0-c146-4707-89a0-be56d1910076","246506fd-cc62-41e3-8dc9-5bf3935f0070","020","2","true","false","false","shared","d9bb8789-eeee-4ca0-8853-ce9b634d7871","2eb92802-6d0e-4ba2-82e7-a8bb831dbd2e"
"ja","SV2a","156ce571-068c-438f-bb76-edd959e6b6d8","2cb3456d-3c2b-480c-97e9-09108ed0d579","025","2","true","false","false","exact","2cb3456d-3c2b-480c-97e9-09108ed0d579","1b9d58df-fc30-48fd-af00-4b5a9423ebc3"
"ja","SV2a","ddc5cf6c-e769-4c34-8010-69abc1e31e25","37699812-507d-4252-9344-34b256ca80c9","026","2","true","false","false","exact","37699812-507d-4252-9344-34b256ca80c9","1da36479-ce92-4bc0-8634-2e12cfa813de"
"ja","SV2a","872603c9-2034-431b-8959-1e78923d26a6","04f1813a-8d68-452d-8380-34cc721bb713","028","2","true","false","false","shared","e0e009ea-946e-48b5-908a-3cc7011602fb","46538d9d-3157-4b1e-8712-baab2564a022"
"ja","SV2a","cb29c2b2-e518-42bd-809a-669b5a7675a1","00f1fbd5-7d33-40d2-b6f0-1fb26fe28a6e","034","2","true","false","false","shared","ea04c1e5-cc9f-4f6e-826b-7bbdc7b4b5a0","a9eef51e-267a-46a6-9be0-6ce3b680a402"
"ja","SV2a","875e1f04-494d-4a21-8b0e-b9f3cab33576","09afc103-bed6-4692-9e08-69eff47d9c22","039","2","true","false","false","exact","09afc103-bed6-4692-9e08-69eff47d9c22","28ab7177-812f-403f-824e-4b74830d2ba9"
"ja","SV2a","93784a56-9370-4645-b9cf-dad1e95be9de","08e1da7d-466d-4596-ba26-58a557a00834","042","2","true","false","false","exact","08e1da7d-466d-4596-ba26-58a557a00834","1dab01b9-eee2-4aa4-98bf-b6f6137c07e6"
"ja","SV2a","875d7072-8a49-4194-ab5a-fd5d0399d713","227c06c5-d3ca-42f3-8134-acfb609f6e29","043","2","true","false","false","shared","76548e23-de10-4fd0-beb3-5231baba800c","066d9e30-8d4e-4a49-9eeb-6f4127245a1f"
"ja","SV2a","45481f46-7e63-4c6d-b966-3a7665a2c7b8","2f8d29da-7f9e-488d-be97-5e2f090e484f","046","2","true","false","false","exact","2f8d29da-7f9e-488d-be97-5e2f090e484f","3595781e-5c24-4803-aa3d-5089b140098b"
"ja","SV2a","d022dad5-1f19-4c5e-9451-4e22c9ddebb0","3dac3680-5d45-456a-9324-74aa179586e2","047","2","true","false","false","exact","3dac3680-5d45-456a-9324-74aa179586e2","aab0979b-08bb-4d0b-8bf3-1f0d335dce24"
"ja","SV2a","d78b15a6-8f29-4556-8ab3-6160f0a18e23","0d58eb39-7bb6-44ad-9bc0-7b9b2c4e5759","048","2","true","false","false","shared","5afc8f2d-e1a7-482f-bcd9-a41322d0fa5a","05b16646-adc3-4b1a-a4fb-c917dcd68b84"
"ja","SV2a","74b4fa0f-79a9-4d54-ad5d-abefadc20881","277e4c85-ebcd-4581-b5da-5012b8c870dc","049","2","true","false","false","shared","f1ce2788-d042-4368-94a2-a6acbde38fcc","07d5dd29-efac-4503-9277-8555d82939ab"
"ja","SV2a","76ac1b54-914e-4d53-b2b7-949798884830","2626a66b-5304-49a6-afe0-53b320b65f49","053","2","true","false","false","shared","e73680f9-a54c-4806-a5c4-2a28f97b63bc","2de171de-23b4-4fb1-bc01-16b02a5e3575"
"ja","SV2a","dcbf6fac-8205-484f-b3de-51b61a2f4fda","1a3e40f3-26c6-400e-bec3-f24a4eed22b6","054","2","true","false","false","exact","1a3e40f3-26c6-400e-bec3-f24a4eed22b6","2b588525-02df-495f-8d7e-ae820c09b431"
"ja","SV2a","4cd43968-cb08-4db9-9e9a-028c58dbba4e","0ef7555b-db93-4b43-8c26-d531d8523ccc","057","2","true","false","false","shared","d0886ce5-05bd-4041-ba84-37e71e8db77e","6840aa68-d656-4bb5-bde9-8390d391bf11"
"ja","SV2a","b9c8ff21-3b7a-4be4-abee-810d759a621b","1ed8d0da-a587-4432-894f-6d49f6669f2a","058","2","true","false","false","shared","5e848d02-e054-4a1c-b7dc-4b1092a923e9","79f8ed79-5209-4948-ac78-6ace03dd01b0"
"ja","SV2a","fb56e789-e5f1-4736-a865-922f9fc30cf1","29fa1764-74a1-4792-8d23-78dcc3083291","062","2","true","false","false","exact","29fa1764-74a1-4792-8d23-78dcc3083291","3189d42b-51d3-42bd-a4fb-7e7d4711c8d2"
"ja","SV2a","87ab61c8-5b8d-448c-98fc-e77383e368e8","3600d946-4bd1-4b54-a806-c94240151da4","065","1","true","false","false","exact","3600d946-4bd1-4b54-a806-c94240151da4","17e2a0fb-029b-4d1f-b276-179695634999"
"ja","SV2a","488a90de-fbcd-4cdc-8953-4f915b294172","1f4eb4af-fc3a-4003-a022-435e35c52791","066","2","true","false","false","exact","1f4eb4af-fc3a-4003-a022-435e35c52791","084c17ad-487a-453f-918e-006e2a2f915b"
"ja","SV2a","b632bf65-bbce-493f-8015-9b19cb088511","09bd344c-2bae-403c-bde7-ab36edfe5d88","067","2","true","false","false","exact","09bd344c-2bae-403c-bde7-ab36edfe5d88","2efe84d1-6634-493f-acf7-71c0e7f2a5ea"
"ja","SV2a","91c44e6c-d418-4e8a-afc6-8ccdf886b6c9","1dd8048d-a69e-4bfd-9b67-acc6d66e2f0a","069","2","true","false","false","exact","1dd8048d-a69e-4bfd-9b67-acc6d66e2f0a","ba684716-c6f1-4f4f-8846-4bccd8b7a421"
"ja","SV2a","9651517e-eccd-4f3d-9aae-47ef5867f982","005437d6-291e-445d-9b2b-55d6495453a9","077","2","true","false","false","shared","cfb57e38-baa2-46a9-841f-7e8c27ef68ac","2fd1345c-3c5b-424d-8d7b-e80ba77eb812"
"ja","SV2a","b1ba8c24-29be-46c1-ad0d-53092cdfdb9b","32c108f3-e662-48da-8930-3348ca1014d0","078","2","true","false","false","exact","32c108f3-e662-48da-8930-3348ca1014d0","c288b387-e514-45c5-953b-72593c818265"
"ja","SV2a","b2465cc6-c203-4dd1-8dfd-59c668e67b14","0cd792be-6695-47d1-b99a-adfd6af07501","080","2","true","false","false","exact","0cd792be-6695-47d1-b99a-adfd6af07501","cf2d1ccc-759b-4185-b69d-d4e73aaa42fd"
"ja","SV2a","723c1b26-085f-4279-a38b-e34da3ac06f7","09bca6b3-b695-46cb-8e0d-9d0740f05f79","081","2","true","false","false","exact","09bca6b3-b695-46cb-8e0d-9d0740f05f79","00e0adf2-be09-4005-bc07-5ad95c40cade"
"ja","SV2a","97e81b15-7feb-4a19-b9da-8e35cb4934c0","168a7489-f5b0-4273-8959-0e45953dc7e2","082","2","true","false","false","exact","168a7489-f5b0-4273-8959-0e45953dc7e2","d7e7a1e0-5886-4524-b411-2454a14bfaf8"
"ja","SV2a","dfd579a9-20e0-4ef7-86dd-79ba8ec3dbb0","00eddf48-d941-4b5b-b6a4-4d1133e3ded8","085","2","true","false","false","exact","00eddf48-d941-4b5b-b6a4-4d1133e3ded8","2b74db8c-db4d-4f4e-9e78-78822769de1d"
"ja","SV2a","63641b43-ea6e-40ed-b4e0-fde6f836f1c6","2fff8a03-fe1c-4c42-a0c7-691d39078a51","088","2","true","false","false","shared","002b9385-49a2-4d0d-86b1-2d91918975c0","3142aac7-ab25-4cde-ac88-56a5832e4baf"
"ja","SV2a","3019216a-60db-486f-ba7d-1383c6e67cd1","2cf1b2ad-f4ae-44a7-9bd2-9add6cd1e43d","091","2","true","false","false","shared","7a282fcc-0485-45e8-9cf5-6ba56fbf137e","1c01f795-1251-432d-8d8d-1510d60e0e07"
"ja","SV2a","07f214a8-7264-43b8-81b4-3ab091681a7d","2a8a87c6-4cd2-4795-b375-3b3c8bf569f0","092","2","true","false","false","shared","a9dd264b-d694-4b8a-a099-20572fe8c143","4cda6529-0125-4602-bb8d-371ba263085c"
"ja","SV2a","5e954189-d5c2-4c6a-844b-a8c2343b3a5f","16c3ec03-4609-4db7-957b-14a0ca9b77b3","093","2","true","false","false","exact","16c3ec03-4609-4db7-957b-14a0ca9b77b3","204bf8ad-4bea-4c56-bc2f-ac192e71a263"
"ja","SV2a","7f63a8a5-158b-4262-a18c-b89dea4775d7","0807333b-7fbe-4598-941c-7eaa3fa2a9a0","096","2","true","false","false","shared","21ec8b17-288e-4cef-a315-e17cae914743","aaaccea7-34b1-415f-a01a-83f8c17fb75d"
"ja","SV2a","405a08c4-0468-48fd-b2e7-00bcbd7fa2a8","15705a9d-708a-4636-a3e0-1be96549b5af","097","2","true","false","false","shared","9d52ef19-f371-4cc3-99e2-3b3ab63cbb1d","7208e051-ba25-4964-8748-ec0f9c1c1ffa"
"ja","SV2a","37f7672c-b840-49bd-92fd-4aa579a68e40","0af03f85-1aaa-4591-9664-2f466112b39a","098","2","true","false","false","exact","0af03f85-1aaa-4591-9664-2f466112b39a","05fb7ea2-f11e-4251-8086-ad6ccbd292da"
"ja","SV2a","464a4425-c8a9-4b99-97c4-657593486d06","28e2650b-9bc3-437d-bac4-7b6acb69d5e9","099","2","true","false","false","shared","e9380f4a-c656-458a-a45c-0e426f3db903","264264f5-fbfe-4076-8028-93e996eced15"
"ja","SV2a","0ce41b92-367e-40c0-8cd3-df8af1adce00","2c787344-74c5-47fe-b4ef-d296d84335e0","100","2","true","false","false","exact","2c787344-74c5-47fe-b4ef-d296d84335e0","2d227913-2e5d-4d31-8f2b-b826ef8db180"
"ja","SV2a","351b415d-da6c-4ec9-8dc3-567b51b23da6","13ae2625-30ff-42db-9a8a-576f927d217d","103","2","true","false","false","shared","3395cc73-c0e0-45df-b377-be39f385a756","717a7528-3a4f-488f-b070-cb8c01e79d3e"
"ja","SV2a","df4879bf-61e4-4254-9b60-a8cbda979be6","109cfb5c-7bee-4baa-bae4-7c9d9febcc95","104","2","true","false","false","shared","aa41c9c0-fd5d-4c1a-848e-35e78a9cdf7c","7640609d-a1fb-49d2-8ae6-53caa5c43733"
"ja","SV2a","6392e991-841b-4c7e-bec5-70d6f065c56a","1e507ac8-7a9d-48ff-a966-effef3e5b99b","108","2","true","false","false","exact","1e507ac8-7a9d-48ff-a966-effef3e5b99b","0666b80f-4f63-474a-b4bf-556e118384ab"
"ja","SV2a","230ee76e-6876-4527-8657-d899a69a9647","2aa46dbd-6f83-4ce6-9957-d8e8bd5a051a","110","2","true","false","false","exact","2aa46dbd-6f83-4ce6-9957-d8e8bd5a051a","9b459c71-f656-4199-8c18-b4a41da5c20b"
"ja","SV2a","effe4e49-7b9c-4996-8bd4-c0dcba65c901","067432f3-0fa3-4cae-8c75-8061820ef264","111","2","true","false","false","shared","7b71a4f0-520a-4e1a-a2d5-8da45a83527f","2c5a550a-6672-4f97-982c-361b12964b71"
"ja","SV2a","3a268d45-0d8d-43fa-8231-d4608c72077a","150bc572-681b-4036-9fd3-9bcff7a27da4","112","2","true","false","false","exact","150bc572-681b-4036-9fd3-9bcff7a27da4","1cf95336-9c71-4b15-a4a1-60cd8b72aae2"
"ja","SV2a","7ba5e718-04be-464f-b789-aced7bafba20","18fe62a7-c4bf-48c4-b721-c53b8865ce0f","116","2","true","false","false","shared","de7e4e6c-9095-418b-9d41-6c5dc447097b","02bed84f-c347-48b7-9674-35421f7b1e12"
"ja","SV2a","fba47f48-b663-434c-97bc-c43faeadc6ff","27a2defb-56b0-422d-8493-44a266af20dd","119","2","true","false","false","shared","ff8abf56-44f2-4b5e-80e7-223ea900a1b2","42d7fe4d-2acd-480a-9ecf-57e33df72098"
"ja","SV2a","c181d10f-55b7-43d8-a471-f41ea8ee791e","0f74b05d-279e-419e-866f-0b499f37ec00","122","2","true","false","false","shared","612e7e4d-f80b-4416-9a5b-7e54b27faaa3","00c05cb9-a235-44c1-9844-4980d8a519ec"
"ja","SV2a","c3a5bba3-208f-4c51-bec9-cd8eefae4d7d","28259270-0bcd-4f26-bc8c-870a52ae8f32","123","2","true","false","false","exact","28259270-0bcd-4f26-bc8c-870a52ae8f32","3fe84a77-2f14-420d-871e-513380d75e21"
"ja","SV2a","eb64fef7-cf98-4897-a8e0-a27f8ab83c4e","1b076a9e-d5f3-4d76-826c-667db4001c27","125","2","true","false","false","shared","653188e1-3d4c-43e6-b3c3-c630261b3150","83124c67-5ae0-4ebf-b5b3-ff8d30488858"
"ja","SV2a","343e8665-7e7f-4a8e-a38b-cc8ff8c0d7bb","1c3c5e60-8181-486c-b683-7eeffb8baa2d","126","2","true","false","false","shared","9486e2da-9a23-4c23-9604-d81fde088e7f","ba6fd17d-6e2d-4594-947b-7adca3165fca"
"ja","SV2a","063da478-2081-4967-95c3-1dcff217bbbd","083e5c63-76bc-4e19-8c0e-832127ffe2d3","130","2","true","false","false","exact","083e5c63-76bc-4e19-8c0e-832127ffe2d3","1d8e6256-59be-4526-845e-1c2cb8fc6201"
"ja","SV2a","6518ee4e-e7c0-43fc-abb3-8314804aaffb","1076827c-e9ad-4797-8310-8cd5c6ca55f5","134","2","true","false","false","exact","1076827c-e9ad-4797-8310-8cd5c6ca55f5","ccb3a17f-4346-4d83-a4d8-7b29e654a3cc"
"ja","SV2a","18cc1ab7-8f68-4889-a89e-b956da53cb87","2be83336-5ec4-46ec-997b-52798c750e89","137","2","true","false","false","shared","ae898537-d900-4f7e-8ef0-767d4e771f23","c2fb88ba-ddec-4534-9f9c-e3b6265a68e9"
"ja","SV2a","7ae40882-d43b-4b4d-a191-185f4c7a8af3","3704144a-ad30-48a7-9ef6-1caa7b76aa18","140","2","true","false","false","shared","f269362c-6bd0-489e-b9a8-58f8b37159ec","6b171fd1-2e5e-4948-838f-9f5085f5d2c3"
"ja","SV2a","25682c38-c948-4195-b1b8-4666485a5d5d","3942df30-4338-402f-8266-5eabc4b4b836","142","2","true","false","false","shared","6194da3f-f833-45e8-b004-9860ff005fc3","9ae3be23-16ef-4de0-bf64-84c19e00ecd5"
"ja","SV2a","7cd0aa8c-bbea-43d4-86a1-53f4cb9f85b0","138cf151-68e3-43e6-8893-8a055e64a59b","144","2","true","false","false","shared","8e8f0bfa-405d-4a5f-b78b-462c6a4884f6","2cb89eba-9110-4727-985f-96b6f51271b7"
"ja","SV2a","e638cf2c-4cfb-41d6-bcc6-bab305cd2298","0ec8b1a4-a499-4b46-8e29-e5b049995cb7","145","1","true","false","false","exact","0ec8b1a4-a499-4b46-8e29-e5b049995cb7","9bb71239-2061-4caa-83d0-420019ce5787"
"ja","SV2a","49a2cc5d-1816-410a-bb6b-27f9a701f763","1242416f-e032-4e55-ac01-5c626afc39d6","146","2","true","false","false","shared","d025f398-2f3f-4033-a44e-adc484270864","b2945903-408b-43fd-b4a1-86c824e58c56"
"ja","SV2a","a8530621-87a1-41eb-bc14-34c1a69edbc5","256f54f7-a5f5-431c-a8e2-f441188eb746","147","2","true","false","false","exact","256f54f7-a5f5-431c-a8e2-f441188eb746","3327f2f2-2504-486f-b363-65fc0bf4ab0a"
"ja","SV2a","58b0f8e7-c164-49fe-a33c-dc243c644daf","131e131a-0244-4840-b184-62c76ef3bffa","150","2","true","false","false","shared","87df3218-7d67-472a-9e11-0567f7b08b15","42290cf0-05db-4388-9fd0-92b19775383b"
"ja","SV2a","32451d4e-490b-4382-a7f6-c80c995435e9","3e610f4b-c168-4cf3-92e3-056eb4df763e","152","2","true","false","false","shared","9db3978d-fbdd-40b4-bf6e-76efc7825352","0c51a829-1699-4688-b04f-6eb5adafa69f"
"ja","SV2a","038f5b58-1ac2-4393-a747-50433554ab59","2dc57e67-3948-4dfb-9a55-2396bfd05f15","155","2","true","false","false","exact","2dc57e67-3948-4dfb-9a55-2396bfd05f15","d883e135-7258-446f-9c42-b1cd6ea28bef"
"ja","SV2a","ca77bbae-110f-46be-87de-acbfed9bb06f","29fd85bd-f90e-4046-9010-e0189e7b633d","156","2","true","false","false","shared","477724f7-006d-4be1-9ce5-25b7fae735d9","3afae742-aded-4b81-aab4-12a711dff068"
"ja","SV2a","d0a72381-d61c-47ff-a329-b9aa038061d1","059508d0-a462-4a4c-a97a-707808041b5a","161","2","true","false","false","shared","bbe2a159-48d9-4b52-8c4b-ef88798d9cbe","9f02832b-9385-40b0-8236-699de85f5a01"
"ja","SV2a","fbc0216c-1833-4ccd-934b-20059da54bd1","02cc0ab9-8742-489a-9043-f27e1d2693d8","162","2","true","false","false","shared","ddcc4236-db3e-4ab9-8ed6-470e0b5523d9","422b5ac1-1b19-4d87-9b34-27edf9cae70b"
"ja","SV2a","da51043b-8340-443e-930d-097fd0072c56","21e4b98d-f0f3-4001-8a85-0d2203445a8a","163","2","true","false","false","exact","21e4b98d-f0f3-4001-8a85-0d2203445a8a","666d9e9b-9dec-4705-bb8c-13f89bdb908f"
"ja","SV2a","9d169ec9-8221-491e-8733-9c2540608339","01605173-b1b6-4a6f-acd8-0a070ed2cf87","164","2","true","false","false","exact","01605173-b1b6-4a6f-acd8-0a070ed2cf87","3bbf464a-fd27-40cf-8a8d-4dcd99c2c629"
"ja","SV2a","30f0a35d-e751-4815-88d7-1301dfdcadc7","2d39e5dc-e78f-40b8-9837-2ae2d08ddd58","170","1","true","false","false","exact","2d39e5dc-e78f-40b8-9837-2ae2d08ddd58","fb5e90cc-810e-4e88-9065-75243b1283b8"
"ja","SV2a","635c798a-9653-49da-8521-233592a03b11","011b5c32-a359-4980-b514-14b4193f3b3e","174","1","true","false","false","exact","011b5c32-a359-4980-b514-14b4193f3b3e","bf00711b-60e5-4695-8e57-d2106b73f7d0"
"ja","SV2a","7648e860-e8e8-4c55-a6c6-3ba73cd0a613","06fc4098-ff12-40fb-b419-4aae350d03e5","175","1","true","false","false","exact","06fc4098-ff12-40fb-b419-4aae350d03e5","d5973ce0-e82e-45ae-896c-aa20609e7098"
"ja","SV2a","abce9885-37b5-4f41-8251-270fdf8b7810","12acacc0-dee8-4d07-ace4-5accc52d4c03","178","1","true","false","false","exact","12acacc0-dee8-4d07-ace4-5accc52d4c03","7d6a61f8-f8fc-4c5d-a23e-0214272320d5"
"ja","SV2a","749c9222-95a5-4b79-9a34-c126f52c1174","05c4ad21-0a91-4659-b2fb-f7d9d228e763","179","1","true","false","false","exact","05c4ad21-0a91-4659-b2fb-f7d9d228e763","20d1d396-8741-4fa7-bcc9-2c3efe9053bb"
"ja","SV2a","f8ad3b73-c702-4508-9fd3-9c12de593d71","2a43480d-7f39-43e7-98dc-c2ce47c26f3b","185","1","true","false","false","exact","2a43480d-7f39-43e7-98dc-c2ce47c26f3b","74f7a17f-5223-4dc7-bc99-b6ce988b3adb"
"ja","SV2a","13066264-e563-4a3e-902a-cd84c4444dc1","1ebeebe3-ae05-41f1-a523-71e118ab8abf","188","1","true","false","false","exact","1ebeebe3-ae05-41f1-a523-71e118ab8abf","1780fd0c-132d-4641-90d7-c3046a28757d"
"ja","SV2a","d68f5898-1386-430c-ba55-6bd5a6a866df","2e24614f-7601-4758-a53e-89da93bfdc31","189","1","true","false","false","exact","2e24614f-7601-4758-a53e-89da93bfdc31","159cc278-f6b4-4416-bd4a-1434035abe7c"
"ja","SV2a","307fea5e-f581-4f9a-87d8-b2695daf3cab","2b9e25c3-101e-45d5-8daf-ce3826701e1e","198","1","true","false","false","exact","2b9e25c3-101e-45d5-8daf-ce3826701e1e","47dbef09-a131-4431-9f3c-ea8d052826cc"
"ja","SV2a","9c189fd7-2f7c-4616-aaae-21bcbb5d2ec6","2797b2d0-32c6-4558-8470-a9d929bb4e11","199","1","true","false","false","exact","2797b2d0-32c6-4558-8470-a9d929bb4e11","c017cd78-ff4e-43ae-b477-ef81dfecf689"
"ja","SV2a","9956df87-e56f-4e38-aa2b-1434fe23dc72","11535874-fb92-4e6d-a5d2-f06457702374","200","1","true","false","false","exact","11535874-fb92-4e6d-a5d2-f06457702374","dd45fdc0-2301-4232-bdca-fa69f1d97a64"
"ja","SV2a","0b62994c-aff4-447d-8396-8f2573b5c6b4","26daf961-e963-4935-a10a-f9be31109576","204","1","true","false","false","exact","26daf961-e963-4935-a10a-f9be31109576","cb1714db-c5d9-4825-8ff6-3ef0ab2e299c"
"ja","SV2a","d97ada1c-ff75-404a-af54-c069f80c0d2f","1a227a74-f222-4149-bc3b-60e6afe06856","210","1","true","false","false","exact","1a227a74-f222-4149-bc3b-60e6afe06856","76900d65-02d4-4143-8b3c-e54c3fd15964"
"ja","SV2a","b37fa95d-d0b7-4dce-bb30-732add269c8b","56e0644c-aaec-4ab7-aa74-de71ae1293b6","005","2","true","false","false","exact","56e0644c-aaec-4ab7-aa74-de71ae1293b6","1a3faebc-c581-4e51-bfa8-b62b63b67e0d"
"ja","SV2a","58bab8d5-d652-4262-adec-bcd353f6368e","72a3d98e-3cba-4833-9668-d6d602a76093","009","1","true","false","false","exact","72a3d98e-3cba-4833-9668-d6d602a76093","be390f5c-a754-4eaa-bb64-0f61c12fbe5b"
"ja","SV2a","4a9c8cd6-09fd-47b5-b825-0a67de2263b8","4010311b-8a36-4b26-9eba-bb2d97a85019","013","2","true","false","false","shared","714717fc-a839-4d7d-b4c7-da47dafd6cfb","03b5dbb6-40f6-47bd-aa4e-12592d6d33c6"
"ja","SV2a","af42cedd-dc6e-4311-a3df-9d4660aa49ee","59080480-30d3-4181-af84-d100e32e0e3c","015","2","true","false","false","shared","b282dd79-4547-4406-8574-ea0620321356","13427c71-e40e-4901-8fd9-dff92ff99208"
"ja","SV2a","0b32ebe6-dedc-4bbe-8b4a-7ed3826eaf23","4da18632-399f-4509-b82c-afb90c6166b5","016","2","true","false","false","shared","f6bf8b67-8fd4-4767-a9a7-6fe25e05d3d1","1ca70c42-15bb-40bf-b277-62fa5d29c9c8"
"ja","SV2a","71b3f041-492f-4bb8-9746-340f7810019f","667413f6-1f7f-4574-b5c6-28e086bc404a","018","2","true","false","false","exact","667413f6-1f7f-4574-b5c6-28e086bc404a","608be3db-5a33-41e4-acdc-ced8da5e8169"
"ja","SV2a","74addc15-01cd-4807-a370-83380284166d","553ae031-a354-4f38-af95-79139cdc7d41","021","2","true","false","false","exact","553ae031-a354-4f38-af95-79139cdc7d41","c4f184ab-adf7-4e48-a93f-9cbb6acbd921"
"ja","SV2a","dd342e72-0e3c-4a4d-a77e-70253aac748c","68077363-86b8-4618-9fc0-aed1b8de9cb5","022","2","true","false","false","exact","68077363-86b8-4618-9fc0-aed1b8de9cb5","91fa8f13-4bf0-4ddb-8774-ce5ec14ee864"
"ja","SV2a","fb28e37d-6a95-4401-b734-01d11f24d6d8","4f809e11-de9c-4b43-a123-b5ceb31e9c95","027","2","true","false","false","shared","8bdcdf2b-d8ce-469b-bc0e-bb8c2ade88c6","3d697e50-2168-4518-904d-b811cd664892"
"ja","SV2a","90861da0-c0d0-4cb4-a54b-c484befeb26f","48acfceb-b901-4a61-a9e2-4c84ccd023b7","029","2","true","false","false","shared","f8952440-1e9e-489d-bd0f-725db672a68e","08f148d1-5438-4874-a674-6d6ea223e93d"
"ja","SV2a","1dde1b43-39ec-463f-a3bb-6a91a2d6989c","74397f7f-3d79-4b3d-a0b7-b4f70bb05617","030","2","true","false","false","shared","f52727c1-5d31-41eb-be2d-6da3faf9e1e8","1838eb72-9d82-4d29-a812-053d6eda13cb"
"ja","SV2a","b2e2fba7-0856-4f66-97b6-727d96399abc","5a30e0ea-e0f4-47e8-900b-a2c5a0f2a721","031","2","true","false","false","shared","bf4fbbfa-1b85-485f-a2ac-bcf71279bffd","5ea3664a-9acc-4b06-bd84-e93734377744"
"ja","SV2a","887489e2-176d-4962-9885-2efa28c6ff38","63b2d1bb-5a6e-4a9b-9011-1af3e6da9718","032","2","true","false","false","shared","88a03687-a272-4577-b5de-2b99721efd50","9a76433d-3859-497b-bf25-5441fe8ca4eb"
"ja","SV2a","08a2c26c-c9b7-4d0e-8914-b21d5dbf559b","5408a9f0-5284-473b-aecd-5d1f1d38009c","035","2","true","false","false","exact","5408a9f0-5284-473b-aecd-5d1f1d38009c","6f32d136-85ce-4a00-9568-10dc81cb8970"
"ja","SV2a","2965792d-d2fd-44be-a35e-51a5a696cf53","71358650-b648-4a65-86b0-3d7230fb73b4","036","2","true","false","false","exact","71358650-b648-4a65-86b0-3d7230fb73b4","a6abe1ac-11a2-4b35-8028-c883534c4e7f"
"ja","SV2a","627859e5-5268-40c1-a864-5af477874776","68cef86f-f5fa-40b0-845e-7b092bddd480","040","1","true","false","false","exact","68cef86f-f5fa-40b0-845e-7b092bddd480","a75046ef-59d6-4812-9fea-1768705374ef"
"ja","SV2a","72ad75e2-4141-49fc-a911-ab61526011ae","62393929-67a7-443b-8b43-330eef51af5f","050","2","true","false","false","shared","9aa6188a-e205-4c5c-956d-37a44a8ca900","5e3be02f-4ba6-4712-8e5d-bdb08f1fadd7"
"ja","SV2a","d97ceaaf-0418-4828-bd1e-d66ac843f6e6","40544193-a7f9-4909-bae9-7efd62f9036e","052","2","true","false","false","shared","e1bc56cd-cdeb-4a68-a61e-4de557c80671","63d36331-3957-4a72-922b-de6856f4d859"
"ja","SV2a","98512144-919e-4772-b0d5-682c6db184e9","5e9107be-e345-465d-92f6-bc8bc2ce110e","059","2","true","false","false","exact","5e9107be-e345-465d-92f6-bc8bc2ce110e","9ecb9a15-57bb-45a5-af48-c9041f24ea87"
"ja","SV2a","cf13a754-5dc8-413e-a0a0-aaa198c88518","739293b1-1384-4bda-a736-1e3e7ae831e9","068","2","true","false","false","exact","739293b1-1384-4bda-a736-1e3e7ae831e9","b4fb4a07-b348-43ae-b538-b8c9388d1f93"
"ja","SV2a","d23fd41f-68f1-4295-92ae-703ac95d314e","3fe3fe94-1ad0-4efe-83f5-cfa3e4f21c5b","070","2","true","false","false","exact","3fe3fe94-1ad0-4efe-83f5-cfa3e4f21c5b","1410ddd8-9b4a-44d3-b286-67c73650d496"
"ja","SV2a","68d4e294-7667-4449-bc4e-456972e16b23","708985e3-7c53-4cec-9744-db9a49d8a648","074","2","true","false","false","exact","708985e3-7c53-4cec-9744-db9a49d8a648","477de752-a528-4a9f-b2bc-7363c6fc9ae4"
"ja","SV2a","d4f65393-a404-40f2-8d36-48e554231da8","7969fbe4-3807-4827-9cf5-ec62bee1bc39","079","2","true","false","false","exact","7969fbe4-3807-4827-9cf5-ec62bee1bc39","9eb6bf6d-4dfc-4830-a9dd-9d9964dc1830"
"ja","SV2a","50bb247c-448b-489c-94b8-5661a2efe4ed","60a18eed-2950-4a22-97ff-a18175acc094","086","2","true","false","false","exact","60a18eed-2950-4a22-97ff-a18175acc094","643540e0-36a3-4a0b-81fd-a6c3ff486b49"
"ja","SV2a","99202236-dd92-48fb-968b-32bf0dc9213f","751c91a6-b36b-4015-b40a-fc61a46cfb6b","087","2","true","false","false","exact","751c91a6-b36b-4015-b40a-fc61a46cfb6b","2bea3b85-b184-41bf-8ae5-b63104e532f8"
"ja","SV2a","b402c327-008e-4d23-a247-4176aa3d6199","7870ad76-f31c-40e0-9926-780f24c2bee7","089","2","true","false","false","shared","ff651a8f-8912-400a-97b7-80cac5029cf0","38068d71-ca43-4da3-901c-730e749cb47c"
"ja","SV2a","9b5eb96d-6104-4acc-b673-9f452acf6ebc","605ed184-6036-4849-b719-95aea18c1ff5","090","2","true","false","false","exact","605ed184-6036-4849-b719-95aea18c1ff5","680e4e10-854a-4889-82fe-f0e4859a8795"
"ja","SV2a","fc3cec48-d2f4-4488-bd6d-9ec236b57cb5","623348c8-63bc-4eec-aa2b-c493986197a7","094","2","true","false","false","shared","75e03bfd-b417-4dd2-933f-e720b9a1f013","5e353756-409d-4036-a325-46ce12bd96b1"
"ja","SV2a","b5774e20-ed29-4edc-a9f8-c64d35f56c7b","4c923558-fbfc-4bcb-a906-2fd876f6c0c3","095","2","true","false","false","shared","f2aa8b4a-9293-4124-bdea-c86ab36d1b0e","1ca67715-c90f-478b-b3e5-1c943f0fe2ab"
"ja","SV2a","cf14deb4-2038-4be4-b876-03be3ce3b574","425b175c-47ec-4cac-a834-b34212ddf649","102","2","true","false","false","shared","7d88a0f4-f5ae-47fc-9694-00211c95e275","0d11a744-f6a7-4a11-a578-64734f405c56"
"ja","SV2a","1470831f-b365-4e70-934a-d0c3eac0c1c5","680601f6-5462-490e-b018-f5eefc51ea19","105","2","true","false","false","shared","a46c89d6-80cb-42da-94c8-b032c7235604","52ecb48a-a8fa-4786-81da-7f64b2ace14d"
"ja","SV2a","c303dad2-e6a6-420d-96df-bfb306a3edbf","7c323bf1-4fbf-4723-b8a9-53d8881e3f09","106","2","true","false","false","exact","7c323bf1-4fbf-4723-b8a9-53d8881e3f09","6cc9a33f-6562-47d0-b5ce-d3447f2ab592"
"ja","SV2a","9ddb747b-f853-4c7e-b4eb-608b291d5bb8","55352b06-e541-49bf-937d-4a61dcebeb46","107","2","true","false","false","exact","55352b06-e541-49bf-937d-4a61dcebeb46","a6046991-912f-4eed-896c-a3bfd57d35f4"
"ja","SV2a","8ce00734-d771-488f-9283-efeadc2a522a","4e203c03-a767-4b1a-8356-bf1b669c4c00","113","2","true","false","false","exact","4e203c03-a767-4b1a-8356-bf1b669c4c00","b819c0ad-e1fa-4d4d-aaf4-01f26253a1ef"
"ja","SV2a","bff32879-151a-4671-a1fe-cdb4f3e4ab95","70b395bc-67b3-4ece-8aec-5a82c1f682a1","114","2","true","false","false","shared","6d9b3a73-d51d-479d-9e08-36aa23290613","6f73bbea-7286-4090-b8bd-d34900f8ef22"
"ja","SV2a","a3984668-4815-4703-8aa5-5b8e923e399a","4539bc7d-2b69-4127-80fb-fdc2b1d50472","117","2","true","false","false","shared","8c35eb49-5b25-4464-bf6e-14682cf1e32f","537a2555-c7cd-47c2-83c2-2c7aeee991d2"
"ja","SV2a","e7125c41-2621-473b-b0b6-0f4d1c7f7230","6bf11ed5-5062-4d2d-8462-b0b414344a0e","120","2","true","false","false","exact","6bf11ed5-5062-4d2d-8462-b0b414344a0e","06cc3195-72af-468c-b56a-332e4241ac20"
"ja","SV2a","fd652445-dd61-43b7-80b3-d5adb050d32c","6b7280e8-478d-4d7b-9ded-1f0e45533af8","121","2","true","false","false","exact","6b7280e8-478d-4d7b-9ded-1f0e45533af8","ae926805-f019-4710-ade1-de7e50cd4334"
"ja","SV2a","33fee457-fcb0-4030-9b37-e3f2c85bf67d","6b1e3720-9fd0-438d-b760-995925afd44e","124","1","true","false","false","exact","6b1e3720-9fd0-438d-b760-995925afd44e","96c36195-cb52-4aef-afa2-9757aa73c521"
"ja","SV2a","b192611b-f99a-47a9-b702-9b4f6ae5be6a","6cd537ea-5300-4b07-8cc7-c072f565a7a4","128","2","true","false","false","shared","4642e9ad-7c2c-45cb-bd2e-858d7d92dae6","6891f53e-4824-4371-9464-6b23e8a41445"
"ja","SV2a","0244b86d-ae23-4285-9a7b-f613d2b597db","4249dbb0-24c0-4631-b098-464732d6a18f","129","2","true","false","false","exact","4249dbb0-24c0-4631-b098-464732d6a18f","0b9e317e-054e-4741-9430-8b9a7dc0b348"
"ja","SV2a","496d16a4-f252-4fc1-9fe8-fc4dfd16727c","3ef94fe8-78e8-4232-b70f-4db568510697","131","2","true","false","false","exact","3ef94fe8-78e8-4232-b70f-4db568510697","4ea3e94a-e12a-46f8-a2cc-22eb8107d200"
"ja","SV2a","cadf775d-ea37-4093-a1cc-b34773432851","49a97fbb-6326-4ead-9424-114be012ccaf","132","2","true","false","false","exact","49a97fbb-6326-4ead-9424-114be012ccaf","2418b07f-f1a4-4749-b711-c31cc22ed973"
"ja","SV2a","c2e5f545-f9f9-4677-8aeb-aebb5da01940","48d3fce5-f47f-4255-93ea-33119e87e438","135","2","true","false","false","shared","d797e032-ad4a-4e98-8dea-19c3e7d248da","14944220-f9b8-42c9-8ad5-c51bb7b4b5d9"
"ja","SV2a","49bb31f7-93d4-4f91-b815-66e76a628a4b","783e89c8-12ab-4767-9ef1-183f7015eeea","136","2","true","false","false","exact","783e89c8-12ab-4767-9ef1-183f7015eeea","0100fa9d-ac81-465b-b60e-351f4c44a169"
"ja","SV2a","8c49eaf5-31c7-4f4e-a3dd-f75cab70c0b9","453a2977-8cb3-48ab-a803-eab8ecf55c62","139","2","true","false","false","shared","b716f79d-fa73-459c-9f2a-4154dca76789","a48a8600-9ca2-497f-a035-a2da6dc323e2"
"ja","SV2a","84ce7588-f24d-4dd4-bbd4-148335801933","54fccf5a-e889-4f8e-85f4-86221f3c7bfb","141","2","true","false","false","exact","54fccf5a-e889-4f8e-85f4-86221f3c7bfb","2d7a32a6-16e3-4578-b0ba-83d65c4016da"
"ja","SV2a","40b0ac64-37a6-45bf-8217-52a4b5393462","7723ac22-724c-407e-8386-0f69a205cbca","143","2","true","false","false","exact","7723ac22-724c-407e-8386-0f69a205cbca","04d6ceb4-3ac0-4d50-887f-c7f5fe9123b1"
"ja","SV2a","86e899f8-f35b-48bf-9f60-465abb123574","6077c292-04b6-4c06-b3c3-e0e70ced5cb5","148","2","true","false","false","exact","6077c292-04b6-4c06-b3c3-e0e70ced5cb5","dc14be4c-2a23-4bfc-9ab7-1180c148c7ff"
"ja","SV2a","82b8dd1b-d546-4283-a578-54288194a58f","5e648907-6499-410f-8c12-115f0f6538fe","153","2","true","false","false","exact","5e648907-6499-410f-8c12-115f0f6538fe","3dfcf665-d02f-47b1-8d08-35c9a952b432"
"ja","SV2a","ba65f365-abcb-40dd-9486-ba24014f33d5","53bca9cb-46c8-42bc-beed-267409740edd","157","2","true","false","false","exact","53bca9cb-46c8-42bc-beed-267409740edd","1bdb0add-865f-4226-a683-917e66e19317"
"ja","SV2a","82d2fe60-f6ec-47c9-b726-29f60291c4ee","799f1581-f4d4-4cd9-b6f8-d66fc56ee8ea","166","1","true","false","false","exact","799f1581-f4d4-4cd9-b6f8-d66fc56ee8ea","e86b655b-b823-4549-8544-479519e736bb"
"ja","SV2a","50e28861-cfeb-4197-a704-56db69b24b9e","5375d32d-224d-43a2-959e-064a03b98566","167","1","true","false","false","exact","5375d32d-224d-43a2-959e-064a03b98566","b1592477-5778-4490-939b-c87eb7856ea0"
"ja","SV2a","34b98013-4f3a-43a7-895f-8d34637516d4","47911eb5-0b67-4c50-b449-d26de5b5c6ef","168","1","true","false","false","exact","47911eb5-0b67-4c50-b449-d26de5b5c6ef","f4048136-cbac-4baa-b110-53b0e122fe7f"
"ja","SV2a","fdb61f50-bbd3-445c-8ce9-56ff458f67c7","7581ffa7-c034-42fb-b2d9-51db0c9b7856","172","1","true","false","false","exact","7581ffa7-c034-42fb-b2d9-51db0c9b7856","75aa61d8-118d-49e0-931d-c73025685001"
"ja","SV2a","129faed8-f034-4a3d-b9c2-6c2c6e3e8c61","679a223b-1379-4eb8-9c2f-6efd6e9e3a66","181","1","true","false","false","exact","679a223b-1379-4eb8-9c2f-6efd6e9e3a66","ebb04945-896e-44a6-b021-15928dc120cd"
"ja","SV2a","2c1c7c63-030f-4e68-9a85-ff739b973986","4145ef41-4cc8-4ae3-9a25-6c156168cb4a","182","1","true","false","false","exact","4145ef41-4cc8-4ae3-9a25-6c156168cb4a","c5614c44-2bbe-4cff-91bb-de1e7a11b625"
"ja","SV2a","598ceeb0-c606-485b-b530-570f8ce990fb","64d87e8a-c077-4ebd-bfe0-ecac0f5a29c1","187","1","true","false","false","exact","64d87e8a-c077-4ebd-bfe0-ecac0f5a29c1","38d1272d-fa5e-40b3-8c01-40bbd6ff8e7f"
"ja","SV2a","2d4bb525-13ed-4939-9016-4143065ad582","763037e6-269f-4c87-824b-827157ef0989","191","1","true","false","false","exact","763037e6-269f-4c87-824b-827157ef0989","b7609ed0-0009-461e-a203-903e24b5472e"
"ja","SV2a","6b6ec888-2848-4ce2-94bf-ed3d59f435cc","405bf3f7-db92-4bd0-99ad-dce3a1fd5e48","196","1","true","false","false","exact","405bf3f7-db92-4bd0-99ad-dce3a1fd5e48","4d1123fa-9321-48ea-8c7a-c6ab432c22fc"
"ja","SV2a","c3187924-2577-4219-a3a9-c44642ea6c82","483ae69f-4e1f-450e-9ad7-67ca6321babb","197","1","true","false","false","exact","483ae69f-4e1f-450e-9ad7-67ca6321babb","e3508b35-cdd3-4452-81dd-4ea22ef67904"
"ja","SV2a","de511d95-676a-48f9-9e3f-60303aa40786","7edb65b4-f38e-46a2-a7ac-2e5ea5a0ca57","003","1","true","false","false","exact","7edb65b4-f38e-46a2-a7ac-2e5ea5a0ca57","1120117d-82d7-47ec-92b3-5dffb0c27564"
"ja","SV2a","5fe3940c-40e2-47e4-9854-c659df3e390d","81adcfe8-feed-46f2-8be5-e3cdad2c5c3d","007","2","true","false","false","shared","b4b420d4-5509-45ad-8e46-03b693e39eec","ccf5ed0b-748c-41e2-b077-d4f2ff03f471"
"ja","SV2a","44a89b89-6115-44e4-8c68-8ccfc7932230","963004e3-2df2-45be-bcc1-ff0f6b16460c","010","2","true","false","false","exact","963004e3-2df2-45be-bcc1-ff0f6b16460c","9ecee140-3ed9-401c-9d72-3ec15b2011e0"
"ja","SV2a","81c4b29a-4161-42a5-9164-039212dcb57d","a3fb3224-c380-4384-85e0-570d06a3c8ab","011","2","true","false","false","exact","a3fb3224-c380-4384-85e0-570d06a3c8ab","b34f3523-5a04-45c8-b471-670e949f6cd7"
"ja","SV2a","c79454ce-6a6d-4e4a-a1f2-ab1ae842ee51","bcc27c03-8fbe-4201-8e60-a4df92439180","017","2","true","false","false","shared","c530e8f1-9460-4232-881a-01c9c7adcdad","4c701b0b-b86b-46b3-b464-f5564ce982fe"
"ja","SV2a","40202b6f-aa55-4b90-aeb4-214a312ca183","bd0e02d4-8d72-487b-8fa6-47a65913ba45","023","2","true","false","false","exact","bd0e02d4-8d72-487b-8fa6-47a65913ba45","4658bad7-0a63-4b9c-b0a5-8c182c92bd2e"
"ja","SV2a","b22c9078-3a67-4a18-ba92-14dd8dd09c74","b55a219e-663b-4347-8a6f-4ba9d8f1089a","024","1","true","false","false","exact","b55a219e-663b-4347-8a6f-4ba9d8f1089a","2dbdecc3-e1f3-428d-8e5e-7b2060a81f28"
"ja","SV2a","8db9d55e-2bb4-48c7-a816-8fdf7064919e","99b4c6ce-45fb-4b51-93f9-6f2c904afcf4","033","2","true","false","false","exact","99b4c6ce-45fb-4b51-93f9-6f2c904afcf4","15d7806e-95d0-4304-bc31-1fe11c51eab5"
"ja","SV2a","c2f1b5e1-a9e0-48d7-bf46-f5b8b075b924","95466f08-8d1b-4314-b890-294e874a276c","037","2","true","false","false","shared","9ade19f3-099f-4a63-a70b-079b10af7000","010cd5fc-f569-473a-9081-f4bc16ee62b7"
"ja","SV2a","c793cea1-d656-40ba-a26d-aba98bf87e1a","aa04ab8b-0073-4425-82c6-044338f5748a","038","1","true","false","false","exact","aa04ab8b-0073-4425-82c6-044338f5748a","03001dbc-f299-4afd-8a55-36fabc42253f"
"ja","SV2a","8a977664-d484-46b6-ae59-c09e4853dfa0","7efa5a90-522c-418c-a941-2f4d9e4931c6","044","2","true","false","false","exact","7efa5a90-522c-418c-a941-2f4d9e4931c6","639809b2-f2c8-445a-af3c-e471f01719f7"
"ja","SV2a","f4c9ef78-3780-47a7-9a20-1a892225291a","ba4fd922-d0f4-4c56-9377-c9a8b0f72625","045","2","true","false","false","shared","ba81b700-f7c4-495f-b502-ddc41b1ba747","3eb97dcf-a0cf-4a71-92b5-0eb1779aebbc"
"ja","SV2a","57e927f6-c235-4e81-94d5-71d8a0111a25","8f2e7e31-144c-41e6-8e1f-f9f7a4a5c454","060","2","true","false","false","shared","fc3ed657-f991-4fb1-b791-a347fa9831dd","39d626bf-16a1-42ad-9508-5577bef54bbb"
"ja","SV2a","db608ba3-96d4-49b8-8c4c-847cd6e339f3","b51cf0d9-395c-4b82-ba3a-3f87a4972ebc","061","2","true","false","false","shared","c5db27f4-9df2-40ad-8c00-dd7721a7160b","28e30b3d-0db9-49f1-85c6-2b59fd6fb5c7"
"ja","SV2a","dafd164b-9505-4c9d-80ac-6b0bdc2410c5","a796f91a-86c3-4937-a039-fab2721fd8fe","063","2","true","false","false","shared","f13cf567-5f16-415a-9006-5a4b307389a8","566e965f-7a2d-4136-885b-c5c0e94c5551"
"ja","SV2a","e1b0c187-7b72-407d-b4a2-fc13ba0b7f91","bc367b25-45aa-49fc-b78c-7bf60d7dcc3a","064","2","true","false","false","exact","bc367b25-45aa-49fc-b78c-7bf60d7dcc3a","41965092-ea3f-4b97-8529-5fcfbb4fb4dc"
"ja","SV2a","64f2d8da-82a2-4d2a-b007-ffa5a4ceb64e","9e74a998-4f3e-4808-be38-cb9ac3a60a10","071","2","true","false","false","shared","c66c70e3-669a-4a10-a476-168315636d6c","9081d439-d383-402b-8e39-a2be4a09f1cd"
"ja","SV2a","284f629a-2a3e-4fd0-b5a2-94af6007a679","8620849c-f586-4dfb-af82-85849b8b6f5e","072","2","true","false","false","exact","8620849c-f586-4dfb-af82-85849b8b6f5e","32e30d40-c515-4179-8092-86f7bb9bd8bb"
"ja","SV2a","e627f8f3-1542-4905-96f3-2979c44e14da","ab3d24bc-ecd3-4311-8ef0-98bba65ab41f","073","2","true","false","false","exact","ab3d24bc-ecd3-4311-8ef0-98bba65ab41f","3b4d389c-7da7-4b6a-b9e6-7cf99168a974"
"ja","SV2a","f02b2325-00ec-43ef-8824-160fa3f20abf","b40c820d-5802-420c-a02c-bfbd29de6c74","075","2","true","false","false","shared","f3fd969f-8884-48ba-8e67-98795ff0a963","64058fdf-8ebb-434b-8f5a-359a0d40024a"
"ja","SV2a","bbba055b-e640-4499-8169-901936d0ccd9","851d65af-152d-4b7f-8274-73a1155a7146","076","1","true","false","false","exact","851d65af-152d-4b7f-8274-73a1155a7146","9481ef38-4e47-498e-b9b0-5c8d303934ff"
"ja","SV2a","542d0e65-8bad-4075-9618-84c5e90182a1","80779724-12dc-4108-b9da-9dc5b34674c7","083","2","true","false","false","exact","80779724-12dc-4108-b9da-9dc5b34674c7","4e79043c-43d1-49b6-905a-6b327a9f6c1e"
"ja","SV2a","463657c1-e950-4c5a-8ae0-ec577112fe52","c077fd32-5bcd-4074-8d13-4d0269c7aef6","084","2","true","false","false","exact","c077fd32-5bcd-4074-8d13-4d0269c7aef6","20ffdc6a-8342-434f-a9b8-a758e0c8b36d"
"ja","SV2a","0d279072-852a-40f5-9c3a-9e8e3254606f","8678dbb5-0df9-400c-b137-85998f41b633","101","2","true","false","false","exact","8678dbb5-0df9-400c-b137-85998f41b633","8cf06090-d421-4fad-8834-3d2963ee4590"
"ja","SV2a","cce7ea69-1170-46e6-afc5-878c6e8e79c2","b643519e-266d-4dbd-9f8b-073d898ff2b4","109","2","true","false","false","exact","b643519e-266d-4dbd-9f8b-073d898ff2b4","4fa5cb52-80e8-4099-9b70-68571595261a"
"ja","SV2a","d5012ba8-5cc2-4d5f-a937-87cb8970c59b","8e991849-db7f-4d4e-b5cd-ebd24c533c26","115","1","true","false","false","exact","8e991849-db7f-4d4e-b5cd-ebd24c533c26","c0fb6421-cf35-4fd4-97df-9af6f6d54029"
"ja","SV2a","1dc84a97-09a3-4724-9a5f-79f505fcd3ed","b7fc2735-fd30-41bd-9590-a1d173518d93","118","2","true","false","false","exact","b7fc2735-fd30-41bd-9590-a1d173518d93","13e40bc9-da30-4ed1-86a5-d84f885d0337"
"ja","SV2a","887957ef-6a8c-4746-b62f-d4831ceb0a95","b1887c09-068b-41aa-96ab-a64fdd6fffb5","127","2","true","false","false","exact","b1887c09-068b-41aa-96ab-a64fdd6fffb5","1cb34ff1-f68a-400a-96ef-dee72c4b4ea6"
"ja","SV2a","d9a97340-e065-4530-b565-17eca6349bc7","98b61541-20b0-4fd7-afa0-e72fe481a892","133","2","true","false","false","shared","cb47c242-da6b-4d3f-a7eb-7f603f913f2e","0e708700-8ada-4f5a-827b-de05fe884c1a"
"ja","SV2a","423fac43-53eb-421c-82da-6db7bd73f981","b33b4750-382c-43cc-ab25-22e6a542b9db","138","2","true","false","false","shared","e1dcc449-ace9-4101-af72-5b8c84f1e24c","99b37282-47f4-4066-b615-0de0c59e615b"
"ja","SV2a","e3e1d77d-1589-4f5b-bc46-ebef247f99a1","b0dea9b5-8910-43ac-bbda-6d2274f1bf4a","149","2","true","false","false","exact","b0dea9b5-8910-43ac-bbda-6d2274f1bf4a","39f85c9d-4cfb-4e8a-a088-b1e233aa4c64"
"ja","SV2a","c295f0ad-1a45-4ca7-b956-14f5db32b9f5","a19d3372-fbae-4886-a070-35e9a0210f06","154","2","true","false","false","shared","a61a1120-2649-4856-ba6b-b94974dfe2dd","65a637f1-0b1c-47e0-a28e-7fe4181ff24e"
"ja","SV2a","64b7ac25-ec25-4548-88b9-0fd769f4f77b","92889a4d-a41a-459a-9ce6-99e68694fc9d","158","2","true","false","false","exact","92889a4d-a41a-459a-9ce6-99e68694fc9d","56daf604-3c87-4b2d-b26a-3d417b450507"
"ja","SV2a","88b28121-38fb-47f2-a5a7-6157ae48f9c9","acfe757e-22aa-4271-a116-9b83a38b2ff2","159","2","true","false","false","exact","acfe757e-22aa-4271-a116-9b83a38b2ff2","b3862c95-765b-48a0-a83a-c5c02659ee2b"
"ja","SV2a","67004647-cd0c-463d-b6ff-230b42988d8d","ba801dab-7107-423c-b014-08490c7185c0","165","2","true","false","false","exact","ba801dab-7107-423c-b014-08490c7185c0","cf3f9e8a-2bcc-473e-99a1-b3adc37b789e"
"ja","SV2a","2f657699-7bfe-4d2e-89dc-51977915ffba","7d1de221-c4f0-4b61-9a17-d10cb004614c","171","1","true","false","false","exact","7d1de221-c4f0-4b61-9a17-d10cb004614c","19756c5a-219d-48dd-b74d-5d29961f8441"
"ja","SV2a","70ce35de-ee9f-408f-852f-73f748ab2936","a4b0cc5a-f5d4-42c7-afc6-26f96eec7314","173","1","true","false","false","exact","a4b0cc5a-f5d4-42c7-afc6-26f96eec7314","66e62c99-409a-4e40-a7ea-91d80c0386d3"
"ja","SV2a","63f0202e-2c3e-4d67-b02e-020e3df3bd68","a7b2ec0b-fc06-46da-9030-a478331b0bff","176","1","true","false","false","exact","a7b2ec0b-fc06-46da-9030-a478331b0bff","7a12d480-8ed6-4e3b-8b44-72fd2dd15f66"
"ja","SV2a","46bb3cb4-147e-4438-8e4f-e2ecc345f77a","b51944c0-f385-4e8b-960f-73c3e820c8fa","180","1","true","false","false","exact","b51944c0-f385-4e8b-960f-73c3e820c8fa","c4d578e1-3745-406e-b2cd-d3eaca3e2844"
"ja","SV2a","f2621db0-b1a3-4949-b9b2-e1c27ddef2b3","7eb910a7-b389-474a-8943-c5708aa6591a","184","1","true","false","false","exact","7eb910a7-b389-474a-8943-c5708aa6591a","f388253b-31a3-413d-bf38-894235e29f7e"
"ja","SV2a","d85f26c7-fff8-4257-b556-866a53bca8b8","ba882a46-4a0b-4f6e-b6c1-c2f16fef6440","186","1","true","false","false","exact","ba882a46-4a0b-4f6e-b6c1-c2f16fef6440","6ece403b-4d12-4d3a-b1d9-b551c0bbc5e7"
"ja","SV2a","89c64b0f-b836-48ff-af5a-7675b2264626","9243483b-e042-4732-9228-ef9e2197b62f","195","1","true","false","false","exact","9243483b-e042-4732-9228-ef9e2197b62f","a3b3fee2-491e-4439-98e4-67eb49dfc5f2"
"ja","SV2a","025bbb9a-1135-4bab-a86e-82b1b72aa74c","8285e370-ffb4-4aa4-aaee-10c3d22bfc75","202","1","true","false","false","exact","8285e370-ffb4-4aa4-aaee-10c3d22bfc75","d7a65926-6502-4775-a933-2822a1e71341"
"ja","SV2a","8b91d136-5647-4143-8f00-452321ecd19f","b54977be-5251-46cb-b755-9c474dfbed60","203","1","true","false","false","exact","b54977be-5251-46cb-b755-9c474dfbed60","daf70848-641b-4c23-959c-d77bffe33af9"
"ja","SV2a","43112f5e-a95b-4401-9f82-86a0a9c302cd","819d9fa9-3f48-44c3-8e51-fb482c587ee0","206","1","true","false","false","exact","819d9fa9-3f48-44c3-8e51-fb482c587ee0","e6fb2211-3732-4a89-9dab-5ae0438c2fed"
"ja","SV2a","fc653545-a9b4-4fd1-bc26-87980f1a4e09","b7ee0487-3517-42a5-a327-fe75f9f15fd0","207","1","true","false","false","exact","b7ee0487-3517-42a5-a327-fe75f9f15fd0","6ccbb809-7904-4587-875c-bb424e2629af"
"ja","SV2a","8b22d012-24f7-4f7c-84ea-31fd5ba2328c","85239c55-75a8-40f2-92d0-ebb5b9cc1df5","208","1","true","false","false","exact","85239c55-75a8-40f2-92d0-ebb5b9cc1df5","18b00426-d2ae-4604-a53c-8753f0dd66f6"
"ja","SV2a","5beebc04-c5a1-4397-8159-922f965c7a25","a6f5f12d-3f21-40af-a46b-6359feaf207a","209","1","true","false","false","exact","a6f5f12d-3f21-40af-a46b-6359feaf207a","56122f39-4aa2-4330-93ee-5e6a2ba7ee14"
"ja","SV2a","bba62845-56b0-4523-a5f5-2b9d341c559f","e2d732bb-a0a6-4e40-86c8-5deefa230414","041","2","true","false","false","shared","e0f12d92-bee1-49e8-af25-61e8cdc9791a","58f8d3fd-c84d-4429-a5e6-92f5d3c1521c"
"ja","SV2a","e2eaa825-c9a8-4804-85fc-0d9105fc0361","e2633c31-2fe7-4e15-af85-cebb84afb160","051","2","true","false","false","exact","e2633c31-2fe7-4e15-af85-cebb84afb160","4123bc9a-0b6b-4c00-ba11-20b852f22b5a"
"ja","SV2a","ddf8a35e-cdd6-4b79-a5c3-e14d0cf2b565","e5abb81f-c280-486b-beb6-0c9546480625","055","2","true","false","false","shared","c2359f5e-608b-413b-a694-070e24cf7427","464b0ffc-2692-468b-adbb-fcc2cdc34a63"
"ja","SV2a","3bc1d655-f21d-48e2-a3bf-1205c4ca3403","fcc0c465-746f-48d8-ada4-f4616c7de925","056","2","true","false","false","shared","d5d8a578-87fe-455c-9d69-9944c7b6b299","27fd846c-3e04-4981-82ea-bc7acc6c2b1d"
"ja","SV2a","815bc25f-4565-4387-8b95-39b601d7d49a","c6a48bcd-1f73-414d-befe-e79e2c39dc9a","151","1","true","false","false","exact","c6a48bcd-1f73-414d-befe-e79e2c39dc9a","2fe58f48-3fec-4ec9-9f76-b2c305b867c0"
"ja","SV2a","b0566165-e704-4a0f-afe6-91fb17f5e44f","e308c85f-d457-4e83-9dcb-c9b52c8edb98","160","2","true","false","false","shared","d8562fe0-1e89-4e54-be6a-c6f523b75534","056462b2-c3d7-49b1-965a-286f2eda909b"
"ja","SV2a","ffe3e1eb-f24a-4c6c-a406-14ea4f78ff90","f8ca9835-1251-431c-8f7d-b7d11c7e3b9e","169","1","true","false","false","exact","f8ca9835-1251-431c-8f7d-b7d11c7e3b9e","1ec1fd93-6c74-4a4f-92b9-292cb867b198"
"ja","SV2a","30109bd7-ce90-4e4e-94ad-f9b44d550b8b","e5f5d0c3-5ebc-4bd8-99ff-99fd31739a3b","177","1","true","false","false","exact","e5f5d0c3-5ebc-4bd8-99ff-99fd31739a3b","874b8ef1-f060-40bb-8619-1da4ed129094"
"ja","SV2a","8e283171-42f5-4bbb-b563-2d83b3e5cf19","f821e59c-5de3-40df-9ea8-75cbab1d83ca","183","1","true","false","false","exact","f821e59c-5de3-40df-9ea8-75cbab1d83ca","a75f11a5-a9f2-483a-a7bc-f8e7fd62542e"
"ja","SV2a","f473e7d4-ff13-4816-86dc-d1e79d8bb1e1","fddb035a-66ec-48aa-9f93-534acf2ce094","190","1","true","false","false","exact","fddb035a-66ec-48aa-9f93-534acf2ce094","177f67e6-343d-47aa-823c-62c8b5c8c392"
"ja","SV2a","641c1874-97ff-4a59-b0ec-819d6eb2f180","d224dee2-88cd-4db0-b50b-208c376c0465","192","1","true","false","false","exact","d224dee2-88cd-4db0-b50b-208c376c0465","6e521b95-3acb-4ef3-b247-d2b99c054904"
"ja","SV2a","b6c026b0-ff13-4d30-8c5b-41840d69df93","c5da468d-aac4-4c34-819e-ab876968cd63","193","1","true","false","false","exact","c5da468d-aac4-4c34-819e-ab876968cd63","bd652676-3519-41d9-b877-f72606badf88"
"ja","SV2a","29dfab8b-ff5f-4efd-bb3a-ff7f4a763a68","de4ea199-9c36-4519-acf7-a95dbaec1b53","194","1","true","false","false","exact","de4ea199-9c36-4519-acf7-a95dbaec1b53","90e0a2cc-0d2b-4ffa-bd94-629f62eb31aa"
"ja","SV2a","07daf80e-0e40-400e-9ebd-ba40e39035d4","ea3ecaf8-89fd-4f53-8f3a-78fbae63161d","201","1","true","false","false","exact","ea3ecaf8-89fd-4f53-8f3a-78fbae63161d","ea50e6d5-ac3d-46d6-ab1a-8e783c51859f"
"ja","SV2a","3c290b00-876b-43e2-9576-71b547cc303d","c9e8eab4-f3ce-4fb8-a5ac-9704b7d12195","205","1","true","false","false","exact","c9e8eab4-f3ce-4fb8-a5ac-9704b7d12195","f084cc1d-154a-4bd8-ba32-f02acfd9ea8e"
"zh-cn","cs6ac","06a68f98-ee2d-45c9-88fe-6d544c25ab73","55b124fd-0a4d-42a7-97a8-3cd51b31df91","002","2","true","false","false","exact","55b124fd-0a4d-42a7-97a8-3cd51b31df91","fc4621cd-3368-4aa7-bd26-b306e543302b"
"zh-cn","cs6ac","4fe16fd4-4033-4d75-8800-deb0ddb74ccd","506965af-88e1-4167-a0d5-f66560e777ce","003","2","true","false","false","exact","506965af-88e1-4167-a0d5-f66560e777ce","ea651cac-f0f1-4543-a923-f3b79b10e48c"
"zh-cn","cs6ac","5f47770c-7d17-43c8-add2-042250076f78","5661d680-88df-4f19-9b06-bb253e4f825e","004","2","true","false","false","exact","5661d680-88df-4f19-9b06-bb253e4f825e","509da4c9-56be-4e2f-9447-5a65bc08810f"
"zh-cn","cs6ac","245b665a-2176-4fa7-b3f1-ba28d3e2c223","3f38b9e9-791f-4bba-9922-6af8bef5f574","008","2","true","false","false","exact","3f38b9e9-791f-4bba-9922-6af8bef5f574","956a9ac0-eb48-46b1-94b9-fd57e00f3dca"
"zh-cn","cs6ac","1e0327ac-ff20-4276-be97-ef66ae4cb0b7","57a7dbc2-b1b7-4945-861b-e945d8262083","009","2","true","false","false","exact","57a7dbc2-b1b7-4945-861b-e945d8262083","cee157b6-541b-4c8b-a101-d78d42bff17f"
"zh-cn","cs6ac","5aa2c8c4-9b3e-4222-bcec-667c8b25a67f","3eb4affe-bf26-4598-a63e-7a57f94238f9","014","2","true","false","false","exact","3eb4affe-bf26-4598-a63e-7a57f94238f9","f4ca0915-b016-41b4-84a9-5dfcd7eab90d"
"zh-cn","cs6ac","5f4bd701-c499-4d87-a7d3-810fd2d3e5c9","5961be25-ec13-4788-a7d5-970e3ffc4ceb","015","2","true","false","false","exact","5961be25-ec13-4788-a7d5-970e3ffc4ceb","ab08a322-8b25-40f2-bca6-1aedcd958bcd"
"zh-cn","cs6ac","adbb007f-988b-4539-9fca-49b481eec3f0","5652d648-5450-471d-b5a7-aaf84019f1f5","017","2","true","false","false","exact","5652d648-5450-471d-b5a7-aaf84019f1f5","b41bbc4a-8d77-47c7-87bf-7e8856c49aef"
"zh-cn","cs6ac","9c451346-9500-4d1f-883d-012588f8b4ef","24b08057-83ac-4fc9-9b51-f4cd9b69b3c3","020","1","true","false","false","exact","24b08057-83ac-4fc9-9b51-f4cd9b69b3c3","f7722069-4886-417d-ae47-59af676d1bd5"
"zh-cn","cs6ac","c9a3ab00-05b9-4269-809b-2cb68fbeb37f","033df541-5cdd-4f32-92f7-72858caaa9e1","022","2","true","false","false","exact","033df541-5cdd-4f32-92f7-72858caaa9e1","242f63c6-cabb-4afb-9a95-42aee0021c70"
"zh-cn","cs6ac","213c59e6-7109-4011-82a7-4617090c1639","4eda5854-c101-458a-8dde-356f426dd100","026","2","true","false","false","exact","4eda5854-c101-458a-8dde-356f426dd100","849ccbb0-7ff4-40ef-a319-f39b9b5cf06b"
"zh-cn","cs6ac","736df47f-908d-4c3a-bf78-8e1b331d00e8","50a7560f-809e-4038-bb79-93f0e5bec83e","027","1","true","false","false","exact","50a7560f-809e-4038-bb79-93f0e5bec83e","a54e3f70-6fc4-4962-b4f8-507480187bbb"
"zh-cn","cs6ac","bb80fa8c-3e0e-4bdf-a6be-c3cd9a6b18dc","37f702a7-7487-4123-83de-a58752ddb521","028","2","true","false","false","exact","37f702a7-7487-4123-83de-a58752ddb521","7b8bc7db-a445-4c02-a31c-4b78f9a418b7"
"zh-cn","cs6ac","333b36ed-9ddf-4f76-b963-fc9167f552fa","46fe40fd-ceb6-43ec-8c7c-22de5e55c8fd","030","2","true","false","false","exact","46fe40fd-ceb6-43ec-8c7c-22de5e55c8fd","321456b6-3e17-4279-bda9-943842e434c5"
"zh-cn","cs6ac","5d706a93-1ebf-4431-893a-1d9ff4e07c04","592e404f-1d88-4255-a9f2-ce041e1bf727","032","2","true","false","false","exact","592e404f-1d88-4255-a9f2-ce041e1bf727","2ac19f2a-1da5-4441-b894-27f51fbb9e32"
"zh-cn","cs6ac","8787f214-d6f4-4b11-a259-3060a75ceeb2","5b41be3a-0ecb-4d13-ad07-cd79a993c8c5","037","1","true","false","false","exact","5b41be3a-0ecb-4d13-ad07-cd79a993c8c5","fc9c24df-bf73-4122-a4c6-eac4c3864abc"
"zh-cn","cs6ac","78f78a59-bf3f-4c05-9daa-87401bbe514e","02895880-49ac-4db3-abf2-8b7c1b5bf7fc","038","2","true","false","false","exact","02895880-49ac-4db3-abf2-8b7c1b5bf7fc","56e9a426-c7f5-45fc-a8ca-94d400c7cbd3"
"zh-cn","cs6ac","71344320-8eb7-4b69-bff7-c21c9e032592","09d62243-7cd1-43f7-9b50-9d3ef20c94bb","041","2","true","false","false","exact","09d62243-7cd1-43f7-9b50-9d3ef20c94bb","35cd452a-72d0-4290-96bb-1c34d75a0709"
"zh-cn","cs6ac","61d2924b-7822-4f9d-83e5-68d4bbdda2f1","0276232c-2667-4bb1-b540-e1356a44e2ec","042","2","true","false","false","exact","0276232c-2667-4bb1-b540-e1356a44e2ec","a5cae8c9-d976-41b3-828a-24d16056e0b4"
"zh-cn","cs6ac","de13f223-d4ee-45d2-8038-585c89b42a14","38845cad-3ddb-4f08-8c94-7b0e8ef0054b","044","2","true","false","false","exact","38845cad-3ddb-4f08-8c94-7b0e8ef0054b","56951077-8a74-49ff-9964-7077fc26e316"
"zh-cn","cs6ac","97f8f564-d5cb-48f9-9f77-90f56bf36225","616ef094-04c5-4426-9e9a-a6b74c4f6afc","045","2","true","false","false","exact","616ef094-04c5-4426-9e9a-a6b74c4f6afc","445fb97d-893d-448b-b647-ce8ea240e831"
"zh-cn","cs6ac","9025b029-7a1e-4430-8f7b-34207d704bfc","35f5ed06-8bc5-4f29-88ec-681502d864e2","049","2","true","false","false","exact","35f5ed06-8bc5-4f29-88ec-681502d864e2","84317407-1669-42e1-9be4-6e6ec1f53834"
"zh-cn","cs6ac","f83159f3-7a74-4dc5-bcac-9c856a9d9551","4b41eec9-da93-4445-b33d-92543e3c5ac4","052","2","true","false","false","exact","4b41eec9-da93-4445-b33d-92543e3c5ac4","106ab36d-0b15-4157-b991-b4cb63b6997b"
"zh-cn","cs6ac","219330f7-cf27-4976-94d6-076d7754b206","343d07ec-729d-4088-aae4-a68c32d4393a","054","2","true","false","false","exact","343d07ec-729d-4088-aae4-a68c32d4393a","a63dbf85-d11c-4c2f-9def-794df389de4c"
"zh-cn","cs6ac","180c8052-8f66-4a7b-a533-a7d43e85dfc1","06f4f744-c386-4be0-bb93-ead3ff9e0791","057","2","true","false","false","exact","06f4f744-c386-4be0-bb93-ead3ff9e0791","bd52b496-6a23-4699-aab9-2f505e6a63a5"
"zh-cn","cs6ac","f3d046d9-d9a5-4b89-91a5-84a5dc9ef270","0ff2d40e-4fc2-44e3-ac3a-0f741586be47","059","2","true","false","false","exact","0ff2d40e-4fc2-44e3-ac3a-0f741586be47","0ad9bffd-1ffd-4c3f-b14d-2a9cac6f3d7d"
"zh-cn","cs6ac","70935293-10d0-4f3f-958e-3833237ec4ba","30ef83c1-0232-465f-924e-9197ffe1a419","061","2","true","false","false","exact","30ef83c1-0232-465f-924e-9197ffe1a419","40bc695f-adde-468a-b296-a5650a00ebba"
"zh-cn","cs6ac","e047f810-fa84-41ad-ad4d-85be96a4dce2","50c5000f-be03-43a1-9df2-007ce224405d","062","2","true","false","false","exact","50c5000f-be03-43a1-9df2-007ce224405d","d8c0499a-b346-460a-976c-dc68a52a6cdb"
"zh-cn","cs6ac","03cc314f-8509-4211-a000-170310edd240","1dfb94a1-3880-459e-85f6-24538434021e","065","1","true","false","false","exact","1dfb94a1-3880-459e-85f6-24538434021e","83f3a744-2377-4b7e-a773-844bd7a08d64"
"zh-cn","cs6ac","d49c2075-4f8b-49da-b04e-57f4aaa0a24a","1cc30d0b-8dcd-4077-ad8f-65846857c1bf","068","2","true","false","false","exact","1cc30d0b-8dcd-4077-ad8f-65846857c1bf","5ecffcfc-e38a-445d-9cf7-c91671d0b8b7"
"zh-cn","cs6ac","536d2f93-42dd-4f88-8abe-bbe82e311de9","492853ed-7c79-464d-a748-29a935b2ce21","069","2","true","false","false","exact","492853ed-7c79-464d-a748-29a935b2ce21","f46a7155-24e6-428e-b1c0-1fec604d632d"
"zh-cn","cs6ac","c2adec06-f587-4c07-8a9b-9aa88e24fb7d","598a2116-1e6b-438b-bcbf-a0f8dfdf9238","070","2","true","false","false","exact","598a2116-1e6b-438b-bcbf-a0f8dfdf9238","4133a952-b548-4773-9817-80ba0a82fde9"
"zh-cn","cs6ac","277ddf96-d8f0-426c-8866-a71034f85b4c","24224ea1-824b-4374-9432-d3c895c468c9","072","2","true","false","false","exact","24224ea1-824b-4374-9432-d3c895c468c9","f4174103-e47b-4757-b2f7-7b9d1b488b85"
"zh-cn","cs6ac","e2a368dc-529b-47d4-934a-6fe658e8cb1d","5577ebf2-8084-405a-bf83-6dafc79759c0","073","2","true","false","false","exact","5577ebf2-8084-405a-bf83-6dafc79759c0","a53c496a-3cf8-4d3d-a8a5-4aee5ee413d1"
"zh-cn","cs6ac","eef36b51-c372-4b90-887b-6fd0eaa7fee0","05303d6b-3eae-436c-ba82-7434e83ee54e","074","1","true","false","false","exact","05303d6b-3eae-436c-ba82-7434e83ee54e","373d3158-0097-4ffd-987b-83c110041235"
"zh-cn","cs6ac","4a8f2e95-0a33-4a5a-9379-eca04b6e47ef","12bfb707-32ed-4c5b-a13d-18dc5c492320","076","2","true","false","false","exact","12bfb707-32ed-4c5b-a13d-18dc5c492320","563a4936-3ab6-41d6-b541-02e7f69f07cf"
"zh-cn","cs6ac","932219ac-8a34-4dc2-807f-6a9e6bfe9ddf","3f1340e3-2279-42e2-8ba8-4fa94167825b","078","1","true","false","false","exact","3f1340e3-2279-42e2-8ba8-4fa94167825b","c544b270-1f59-4f7e-a433-1ea8f59ee17c"
"zh-cn","cs6ac","94002762-2ed4-4f17-9e3c-812b5ff8bd01","37cd5c26-30dc-4d1e-8e87-fd3a54e4daa4","079","2","true","false","false","exact","37cd5c26-30dc-4d1e-8e87-fd3a54e4daa4","b03b7fee-615f-4ba5-ae8f-ccbe318090ff"
"zh-cn","cs6ac","189b4ab7-674e-42aa-98c5-b10fd1388551","5a13664f-2853-47b3-b143-3b68d180a789","080","2","true","false","false","exact","5a13664f-2853-47b3-b143-3b68d180a789","0bff43e4-570c-44bd-97ea-5ff959543873"
"zh-cn","cs6ac","1ee336af-b877-439b-9250-7c6f9e0b861a","612c6ce7-35c7-4b99-8b70-37d94b8a1bf3","081","2","true","false","false","exact","612c6ce7-35c7-4b99-8b70-37d94b8a1bf3","85b89694-8e36-4b2b-9058-0a34653492fd"
"zh-cn","cs6ac","652f1510-a23f-4552-8e8c-b9623f1a081e","1c4e84a6-e52f-42df-8221-7fab43906ab7","082","2","true","false","false","exact","1c4e84a6-e52f-42df-8221-7fab43906ab7","a8f39cdc-779c-4384-bceb-a4859b5ae757"
"zh-cn","cs6ac","6c368b71-77cf-4366-915d-aa52e61d2efa","23c24c0c-498d-4591-af79-85aa2c0fbb95","084","2","true","false","false","exact","23c24c0c-498d-4591-af79-85aa2c0fbb95","a3879acb-efa7-462d-9c3d-78e54db7bba5"
"zh-cn","cs6ac","a0feed05-e5bb-42f5-b49e-4b558169c65d","0e0981a5-17ab-417b-bbc0-2b40d3bfdd11","085","2","true","false","false","exact","0e0981a5-17ab-417b-bbc0-2b40d3bfdd11","8951483b-a058-469e-82be-25238cd7502b"
"zh-cn","cs6ac","d481feee-af83-45f3-9235-37c73128170d","03a3fd83-df4c-4769-89d5-68ec86ec3d18","086","1","true","false","false","exact","03a3fd83-df4c-4769-89d5-68ec86ec3d18","921c6338-12a7-4a5e-b885-7278b1bb2677"
"zh-cn","cs6ac","7857d712-4410-40f9-b58c-9a9a07a2616c","3d1a9997-b378-44a5-99a1-d7e73a790792","088","2","true","false","false","exact","3d1a9997-b378-44a5-99a1-d7e73a790792","6a92d084-cf0d-444b-a5ac-f1486357e1bd"
"zh-cn","cs6ac","98b4a2ba-6e9f-4e0a-a1ac-38cfefec6b05","3e46f69f-26fa-4fcc-88bb-296b4029462a","090","2","true","false","false","exact","3e46f69f-26fa-4fcc-88bb-296b4029462a","cb436f47-67ba-47f1-926d-deff1d4c8267"
"zh-cn","cs6ac","f74df513-bec4-4dd5-9c83-f49c93e38621","5c8a6e91-5ae7-4fec-80c6-5fdb9e14e06c","092","2","true","false","false","exact","5c8a6e91-5ae7-4fec-80c6-5fdb9e14e06c","17a49ffa-eeca-4b22-b7a8-32b421a148d2"
"zh-cn","cs6ac","f6d92fc7-e26c-4e5d-8e2d-ed1370c46c34","118b49ba-6329-4bc7-b224-662d6bb84c50","093","2","true","false","false","exact","118b49ba-6329-4bc7-b224-662d6bb84c50","9874d6a8-d106-4d7b-8214-fe53dcb5cf77"
"zh-cn","cs6ac","3b7042c6-901e-4096-a5f4-bc10dfc90994","493a1c1d-2684-4d33-9aa0-581e186f0820","095","1","true","false","false","exact","493a1c1d-2684-4d33-9aa0-581e186f0820","4f9a4b3a-8235-480e-9f6b-31a3f6f86070"
"zh-cn","cs6ac","29f76a7d-7100-48bd-b2de-0e670c5c6d58","03d104a7-ef3c-4175-ba55-c93ca40a1493","098","1","true","false","false","exact","03d104a7-ef3c-4175-ba55-c93ca40a1493","190ebe46-0a34-403a-92be-a15be563d499"
"zh-cn","cs6ac","016b9df7-1a64-4f57-af3f-7297900b48b5","4ef323e3-397b-467a-be86-24d6395dbb2d","100","2","true","false","false","exact","4ef323e3-397b-467a-be86-24d6395dbb2d","b1111d45-a5f0-408c-aa10-5cd32b04494c"
"zh-cn","cs6ac","d4d7439c-b172-4b56-8eb4-df7084af54bd","60d9a362-9b2c-4428-8024-d726f3f58f33","105","2","true","false","false","exact","60d9a362-9b2c-4428-8024-d726f3f58f33","aeab54dc-458c-4e0d-8452-ff5aeeabf336"
"zh-cn","cs6ac","04801e31-7502-40ee-b157-ee2c71b46b2f","0d094d81-da27-4bc3-82e3-5472de29422a","107","2","true","false","false","exact","0d094d81-da27-4bc3-82e3-5472de29422a","d8d6c6f0-f0ac-4df8-90ec-1e23a8e3e7ef"
"zh-cn","cs6ac","df2ae2a3-4436-4780-94a4-57275a247d35","3a1c3ef0-daec-4e7b-ba5a-941c15ba0879","108","2","true","false","false","exact","3a1c3ef0-daec-4e7b-ba5a-941c15ba0879","486c049b-b381-44c9-9c0c-097d8bd36116"
"zh-cn","cs6ac","d1abb71b-41f9-4838-aacd-4813cda67a8b","00dfb358-3ed1-4cb0-8333-d0415d9d882e","110","2","true","false","false","exact","00dfb358-3ed1-4cb0-8333-d0415d9d882e","1ebcae94-55d9-4cc3-8790-a7cdfbb48a5e"
"zh-cn","cs6ac","e35772c5-2f46-4830-be9a-f2d66487d03e","02f0fc58-c126-4b65-9218-88600f1b1745","112","2","true","false","false","exact","02f0fc58-c126-4b65-9218-88600f1b1745","ab5491e3-87f3-45ef-bd5a-54590664720d"
"zh-cn","cs6ac","c79c152a-8f88-4bad-a3d1-ebf7bc911307","040a237d-3ca9-493b-98ad-8f6a7e5347f4","113","2","true","false","false","exact","040a237d-3ca9-493b-98ad-8f6a7e5347f4","c74b5acf-b17c-49aa-a8f6-e19799c09bd1"
"zh-cn","cs6ac","c1abde56-f652-4a55-b20d-087b3c92019d","3d0c547b-fade-4233-b501-6304aea2ef16","115","2","true","false","false","exact","3d0c547b-fade-4233-b501-6304aea2ef16","b76ae89b-aa2a-4299-94a2-08193e7fa5ce"
"zh-cn","cs6ac","6a6c187f-c640-453e-a0ca-a02d0b447a7f","0d25bcb1-ca11-4c56-a030-93d1ad3f37de","116","2","true","false","false","exact","0d25bcb1-ca11-4c56-a030-93d1ad3f37de","0bf3f9c8-61fa-4594-86c7-ae1ee907eb2b"
"zh-cn","cs6ac","4f64ffbf-bba1-449e-a56e-fd5fd977dc1e","4b3b8ab2-7db5-400b-ab2f-139886a72858","117","2","true","false","false","exact","4b3b8ab2-7db5-400b-ab2f-139886a72858","105549cd-e59e-44f3-9d0d-0e9817ac3b69"
"zh-cn","cs6ac","543c7220-a1cb-4a52-9d51-891c1693f5fa","3025625a-0309-4378-83f8-16c1888fee7f","121","2","true","false","false","exact","3025625a-0309-4378-83f8-16c1888fee7f","4fe4019a-f121-4567-bab3-a216e163e075"
"zh-cn","cs6ac","8f4dd96e-77e9-43af-b1d1-2707a5f158e7","5333f476-e99b-4e95-b9f3-5170c96aa6b3","122","2","true","false","false","exact","5333f476-e99b-4e95-b9f3-5170c96aa6b3","ee24b927-b897-4f9a-92fd-166aff7b12e1"
"zh-cn","cs6ac","539b075a-f6a6-4a8e-8445-b9e38f0e96c8","63444ac5-362e-40a8-95b5-01a5290936e9","123","2","true","false","false","exact","63444ac5-362e-40a8-95b5-01a5290936e9","cd6bd0a9-05a3-434a-b7af-1bf7c299c1ff"
"zh-cn","cs6ac","68fcdfc5-c0d4-4b16-bc89-ecb148775d5b","33f4e71a-22ca-4dd1-9fff-98ac2afbec14","125","2","true","false","false","exact","33f4e71a-22ca-4dd1-9fff-98ac2afbec14","c268341a-1407-437c-8101-927685f2e055"
"zh-cn","cs6ac","739b1559-5148-41ab-b135-d3e45388ccf1","1f5a7534-2e4c-47c3-87b7-78b81e87bc87","126","2","true","false","false","exact","1f5a7534-2e4c-47c3-87b7-78b81e87bc87","3423dd32-ec51-4da1-bd71-aa92538ddd0a"
"zh-cn","cs6ac","742fdb1c-b475-4000-9d7d-5328ae35591a","22a32e5f-98f5-4794-84d3-7851a31625fe","133","1","true","false","false","exact","22a32e5f-98f5-4794-84d3-7851a31625fe","2f377381-66d4-4e34-8574-bec0c5080947"
"zh-cn","cs6ac","74220cc0-f660-4f6e-86f6-9dc8a8f63bf1","24528f1f-b055-4cf1-b3ef-152693fa546e","134","1","true","false","false","exact","24528f1f-b055-4cf1-b3ef-152693fa546e","b70c9c6c-b4a8-46cc-8d40-e9c338b39c42"
"zh-cn","cs6ac","6a65b939-3e0a-455b-ba56-d99cae65ada6","3dfc10a6-7987-403d-860a-2bba2ba8a7d6","135","1","true","false","false","exact","3dfc10a6-7987-403d-860a-2bba2ba8a7d6","b0c4858f-49ec-4527-98cc-934c5a1d7f1c"
"zh-cn","cs6ac","c165d1f5-365e-4872-8bb7-5bdb1d70a83e","4d04725f-e504-4dfb-807d-790e371722f4","137","1","true","false","false","exact","4d04725f-e504-4dfb-807d-790e371722f4","d857880a-cb54-4617-ad2a-275bd9bf74ac"
"zh-cn","cs6ac","2f17b1aa-e019-40a3-b4d3-4071c6fda4b5","0f105dce-7324-4b1e-be9e-a30527d63958","139","1","true","false","false","exact","0f105dce-7324-4b1e-be9e-a30527d63958","6e5788e0-6514-4ec7-bd69-a02af3f84f65"
"zh-cn","cs6ac","2f35d6d7-7bcf-4b7d-be94-d97d8b9617a9","50a85354-b0d4-45f4-890d-6cc771e40d20","143","1","true","false","false","exact","50a85354-b0d4-45f4-890d-6cc771e40d20","715649f9-7e75-459a-b9e3-ab49c370de33"
"zh-cn","cs6ac","f9fe4306-d9e0-4699-bcd8-9cfaa0a363ae","5a896b2b-7804-4f80-9794-27ce26a55786","146","1","true","false","false","exact","5a896b2b-7804-4f80-9794-27ce26a55786","6dd65a00-856a-4538-aa0e-ed61935bc6dd"
"zh-cn","cs6ac","f2f36165-2e08-4349-bf4f-da2c940ea2df","224a7a6a-f3bf-4211-a0ee-824ab278cd0b","148","1","true","false","false","exact","224a7a6a-f3bf-4211-a0ee-824ab278cd0b","873cda30-f847-46c5-bef8-99949977fc4e"
"zh-cn","cs6ac","fae259c5-8508-4c01-a40f-d961253a8eb4","2f2b38aa-11a0-4482-8595-971926081cdd","149","1","true","false","false","exact","2f2b38aa-11a0-4482-8595-971926081cdd","95e8eef8-635e-44eb-b5e8-d3df4de9dce5"
"zh-cn","cs6ac","9b663a84-434c-4053-8407-e9c69f4c8222","0e2f23f6-9a62-4f0d-b020-83d2da380587","150","1","true","false","false","exact","0e2f23f6-9a62-4f0d-b020-83d2da380587","3da07f5e-019c-4c8a-813d-411be255159c"
"zh-cn","cs6ac","eea2ad9c-4a69-4d83-ad4b-f524a4c5c9cd","3f0e25f9-9a2d-4cec-840e-47c44cb8517b","154","1","true","false","false","exact","3f0e25f9-9a2d-4cec-840e-47c44cb8517b","7ef2c52b-62a0-406c-a52a-d26bdaf03f35"
"zh-cn","cs6ac","a69880f4-88ec-42a1-b8d8-a8e40bff1d59","32d59426-72df-4e92-b6fb-9009f4b97fde","155","1","true","false","false","exact","32d59426-72df-4e92-b6fb-9009f4b97fde","8a35a7b6-ce21-4013-b5f8-063473ac105e"
"zh-cn","cs6ac","14885491-e3a4-42e2-9604-d3ad3068ad29","5406ea01-d10d-43cb-8f53-fc1804d54c84","156","1","true","false","false","exact","5406ea01-d10d-43cb-8f53-fc1804d54c84","6de01ed2-6a68-434a-906e-6e34b1e45e69"
"zh-cn","cs6ac","5023b1b2-0ec9-44d4-8225-db7032069699","02d34a44-de34-4ed7-ad24-7371b3d468d0","157","1","true","false","false","exact","02d34a44-de34-4ed7-ad24-7371b3d468d0","d2f6e00b-ba1a-492a-a146-71684eaa9d89"
"zh-cn","cs6ac","9cbd780f-8517-4d9c-99a8-33868ad0ea77","3edfb376-6681-4f25-9144-0671222769cd","158","1","true","false","false","exact","3edfb376-6681-4f25-9144-0671222769cd","ebc9fdad-0bf5-42b9-aec9-94819227fca4"
"zh-cn","cs6ac","7b050746-6169-4cd9-9ecc-962f257b6a6f","0b936065-f4d5-4827-bab4-c03ffc22f5ba","163","1","true","false","false","exact","0b936065-f4d5-4827-bab4-c03ffc22f5ba","fcc830f2-cdcb-4736-a157-0675cc462265"
"zh-cn","cs6ac","8bf8bc6e-d1d2-499d-86f9-9d6aabf10b81","08422d9d-9d80-484f-920b-2bea7811ec02","164","1","true","false","false","exact","08422d9d-9d80-484f-920b-2bea7811ec02","d6c6e4a7-5f92-49dd-9e7b-f3f236d971e8"
"zh-cn","cs6ac","70966751-1f3d-4b9c-86f6-be80962adef5","2b35ee02-b0da-492f-965f-1c8482028484","166","1","true","false","false","exact","2b35ee02-b0da-492f-965f-1c8482028484","7d399c3c-4cf7-4070-9b7a-ca00ee75082c"
"zh-cn","cs6ac","0399d8f1-d3d0-45f3-bb4a-36c3f8a4d045","8d123159-850f-4e0c-a61e-faf9bc4e80fc","005","2","true","false","false","exact","8d123159-850f-4e0c-a61e-faf9bc4e80fc","8a16c889-914e-493d-93f5-abbe02f0daa1"
"zh-cn","cs6ac","698bee2b-7c74-44aa-b561-a3cdf7ab503b","a947971d-57d4-42d2-8cd8-8adb1e5c2e5f","006","2","true","false","false","exact","a947971d-57d4-42d2-8cd8-8adb1e5c2e5f","6c0f1675-0b38-481b-aae5-8c0be050f0e7"
"zh-cn","cs6ac","d75cd0bc-f261-46d0-9df2-e33d28325894","7d09d712-907e-43be-bdfa-f411818f9360","007","2","true","false","false","exact","7d09d712-907e-43be-bdfa-f411818f9360","5311993c-f55a-4642-ac77-2050b706d7a7"
"zh-cn","cs6ac","bce8435e-12e9-4dd0-b098-a8c8f65a07e0","73e497fc-e497-4799-877b-e702c78783c6","011","2","true","false","false","exact","73e497fc-e497-4799-877b-e702c78783c6","07b8645c-dd71-4c58-a42b-e6aa46364547"
"zh-cn","cs6ac","5deebecb-dc16-4088-b3e1-0232ece4356c","96f4c054-cf38-40be-bc3e-8e7e346af8ed","012","2","true","false","false","exact","96f4c054-cf38-40be-bc3e-8e7e346af8ed","3fc104d8-ae31-4e37-a5a0-6aaace376256"
"zh-cn","cs6ac","1ea21550-b464-40a9-9202-4b013e8a68ad","717e09f2-090e-4608-9e3c-873774f2ece0","013","2","true","false","false","exact","717e09f2-090e-4608-9e3c-873774f2ece0","cee6c35a-b57c-4cdc-a90e-2a01dd920d4b"
"zh-cn","cs6ac","0d201903-b4fc-482e-a80a-729ff5cb1de1","647c08ec-5f72-4ebd-8ac4-c05a595aca2f","016","2","true","false","false","exact","647c08ec-5f72-4ebd-8ac4-c05a595aca2f","a84f1b9f-af97-439f-b5f7-e8eee28ef983"
"zh-cn","cs6ac","bf370787-6c04-4485-9030-8edfd25266bd","696ac55f-1770-42db-a648-1ed41b5bf0fc","018","2","true","false","false","exact","696ac55f-1770-42db-a648-1ed41b5bf0fc","6cb3ae8b-d3d3-4b79-9090-6135e71c4c23"
"zh-cn","cs6ac","f0f31dbf-42f3-4323-84a4-3a8b063883aa","b0597b3b-4a75-4bf4-a30a-33fa3e069696","019","1","true","false","false","exact","b0597b3b-4a75-4bf4-a30a-33fa3e069696","4f44f39e-3825-4667-ad67-41b74c6bd319"
"zh-cn","cs6ac","d05c434f-1674-4bf5-a622-9df21519060c","912740bf-3b3c-49ab-9e2a-014a9f90cf22","024","2","true","false","false","exact","912740bf-3b3c-49ab-9e2a-014a9f90cf22","77f3bb74-6ba4-4fd3-b5df-b2beb9d0b40a"
"zh-cn","cs6ac","8015bb25-9a9d-4e5a-ab01-728721e5f8c1","87e4849b-3d84-4f94-be99-9b75f57cec3f","025","2","true","false","false","exact","87e4849b-3d84-4f94-be99-9b75f57cec3f","c76e4932-aeda-4366-b9be-366bb4eb8834"
"zh-cn","cs6ac","2691e0a4-f032-41eb-b3d8-8db3b283d9e7","67806932-e509-43d1-9f9a-6ff6e8a8f274","029","2","true","false","false","exact","67806932-e509-43d1-9f9a-6ff6e8a8f274","a10209a8-f0d8-4835-a2a4-669a5092ae4a"
"zh-cn","cs6ac","28b3680b-9d22-4080-bb7f-2a0fa7b0676f","7c0a6a8a-2147-4f66-be51-504fb8a57094","031","2","true","false","false","exact","7c0a6a8a-2147-4f66-be51-504fb8a57094","d6fc4fc2-5110-4802-8b51-e4b1bb53986d"
"zh-cn","cs6ac","e304cf4f-a86f-4556-a7a4-bb52165a2f4d","70f308a8-d3a5-42a5-922f-729301d3cc75","033","2","true","false","false","exact","70f308a8-d3a5-42a5-922f-729301d3cc75","5bbad92f-f818-4451-ac00-2a21228ce245"
"zh-cn","cs6ac","ad9e6052-c269-4735-8de6-b20890a4b60a","970b95bf-ec73-4025-8328-f3260aa584cd","034","2","true","false","false","exact","970b95bf-ec73-4025-8328-f3260aa584cd","00dc44aa-d840-4fb3-b78b-abfff96d3608"
"zh-cn","cs6ac","2e559329-1c9f-4d7c-b749-3a9605be2616","8b2cd9ec-153e-4a7a-a148-c3680724494a","036","2","true","false","false","exact","8b2cd9ec-153e-4a7a-a148-c3680724494a","81ee22ab-51f0-42b7-933d-39aadaf28da5"
"zh-cn","cs6ac","36dac414-fa81-4cef-ac28-c994f0116dce","8d88ce7b-8733-456e-97e4-d8170b5ded44","039","1","true","false","false","exact","8d88ce7b-8733-456e-97e4-d8170b5ded44","0d11e44c-9eaa-4acd-b644-ca354e684dcd"
"zh-cn","cs6ac","4f3d2248-dc75-4fea-87d9-929564970c7d","9a369037-89e6-45aa-a3c5-2542626688b6","040","1","true","false","false","exact","9a369037-89e6-45aa-a3c5-2542626688b6","888c8ed1-55a4-4474-8973-276ec77cd802"
"zh-cn","cs6ac","0d63c0b8-988c-4bf8-ab1d-baa90f64db51","b46f861e-a683-45cd-8e70-3d5bc35beff8","046","2","true","false","false","exact","b46f861e-a683-45cd-8e70-3d5bc35beff8","ee17c362-feea-40dd-a9bd-22e66e52efe5"
"zh-cn","cs6ac","e0004df6-a34f-4c51-86c6-c2143fc42e66","86e3677d-dc24-49ce-aaec-b6d7aec66844","047","2","true","false","false","exact","86e3677d-dc24-49ce-aaec-b6d7aec66844","f2803260-c811-4a66-a441-8884845ca9e8"
"zh-cn","cs6ac","2c6eea66-f32c-49a3-adcb-66246a5803ef","93724aec-6601-4607-a422-8adf11066b3d","048","2","true","false","false","exact","93724aec-6601-4607-a422-8adf11066b3d","d42e9c74-aee4-4867-9461-872a9125ed99"
"zh-cn","cs6ac","bae59ef0-f05c-4019-aa10-75df6414a86c","9803dcee-d2d0-4ffa-a324-595cdb1fe250","050","2","true","false","false","exact","9803dcee-d2d0-4ffa-a324-595cdb1fe250","c7c73154-7755-4958-9948-9bac87d8ff60"
"zh-cn","cs6ac","b4e7b1a7-68f2-476b-9114-31b89efc1581","7ecb60ac-ba5b-466b-ab79-03b02e06f6e4","051","2","true","false","false","exact","7ecb60ac-ba5b-466b-ab79-03b02e06f6e4","45933f58-2089-461b-92de-ffd0f5630854"
"zh-cn","cs6ac","68af5e55-6ee3-4741-bcf4-9c94fd3fd943","7cba1c7f-9c17-4964-b520-cc5580a6037a","055","2","true","false","false","exact","7cba1c7f-9c17-4964-b520-cc5580a6037a","07b896e2-2c9f-470f-b275-2f7bdba66f92"
"zh-cn","cs6ac","fa803518-10a0-405e-b2e3-350cc95bf3a6","acb0eb5f-bb8c-4b7d-9f8d-64f66f8a09a1","056","2","true","false","false","exact","acb0eb5f-bb8c-4b7d-9f8d-64f66f8a09a1","5b523a69-9164-41d1-af28-ac174c9a139e"
"zh-cn","cs6ac","a8b27159-d48b-4fba-8925-12b703ed4faa","7054cd6e-6ec0-4764-ac22-78f5ddbc4896","058","2","true","false","false","exact","7054cd6e-6ec0-4764-ac22-78f5ddbc4896","55713e36-360c-476d-8f8b-78356ee20f4c"
"zh-cn","cs6ac","4b46ce7a-5572-4553-96af-0f0e864bd6f0","803ff698-c322-4ef1-9b4c-35a14365156c","063","2","true","false","false","exact","803ff698-c322-4ef1-9b4c-35a14365156c","d8ce5ea9-9028-402b-8826-6feca39b1458"
"zh-cn","cs6ac","a49581c1-ec11-4904-8cfd-0638703ecefa","8a4ce87c-ab1d-4948-b0c7-d7fcc23dd1d6","064","1","true","false","false","exact","8a4ce87c-ab1d-4948-b0c7-d7fcc23dd1d6","9af3ecea-f2af-4d49-accb-5f16d459c012"
"zh-cn","cs6ac","34494429-26e2-4e5a-86c1-f8bc3271de49","b69c99c7-dc2f-4c57-8a53-f52d0ed9a119","066","2","true","false","false","exact","b69c99c7-dc2f-4c57-8a53-f52d0ed9a119","7369a0c5-3726-4175-af9e-7fe816e60b4a"
"zh-cn","cs6ac","7bbe8085-7676-492f-8cf3-a6b744d3f598","ab17d0f0-a825-452f-9c38-8c89c69b3c9b","071","2","true","false","false","exact","ab17d0f0-a825-452f-9c38-8c89c69b3c9b","3c53080a-9a1b-443f-b96b-a76a1cbbca9c"
"zh-cn","cs6ac","f984b5f1-6418-4fc5-a3da-a9970d1d2ef6","849657c2-044f-428d-b565-99d9988c526d","075","1","true","false","false","exact","849657c2-044f-428d-b565-99d9988c526d","99ca1c4a-22c7-410d-b235-041595906cff"
"zh-cn","cs6ac","2bd9d459-93e8-4ec0-84bf-d848917ae8ad","742a0172-2823-4f18-9308-2ec33a8d60e6","077","2","true","false","false","exact","742a0172-2823-4f18-9308-2ec33a8d60e6","91051bed-4bf4-4bfb-8a84-71b365da11a3"
"zh-cn","cs6ac","2ac5e59f-c508-4627-8686-1a96c3cde406","7820b254-00c5-47bc-b1d4-158b9018cf84","083","2","true","false","false","exact","7820b254-00c5-47bc-b1d4-158b9018cf84","f5352dd4-8641-46b2-90a0-c5a7b634551a"
"zh-cn","cs6ac","92a86f6c-98c0-44f4-8df8-3945b794004a","84dda2b8-82ba-483b-9a00-ffc6f556551b","089","2","true","false","false","exact","84dda2b8-82ba-483b-9a00-ffc6f556551b","3dfa4a09-6968-47c7-9ce0-03216395582c"
"zh-cn","cs6ac","5bfee9e8-14b7-4081-b611-3f6f984b6c8e","65f33ec3-046b-4a3c-b439-adb32b41b319","091","2","true","false","false","exact","65f33ec3-046b-4a3c-b439-adb32b41b319","4b8def14-0f6f-4cfa-89c0-04cae40fc8ab"
"zh-cn","cs6ac","9abe1ea3-6998-4c51-b7cf-592b9047dac1","885f2a67-39ff-4ea5-b7b0-0f4e13ce3b62","094","2","true","false","false","exact","885f2a67-39ff-4ea5-b7b0-0f4e13ce3b62","27b26b9b-1c98-44b9-b61d-e11824938224"
"zh-cn","cs6ac","ec9317b8-b853-410f-8ede-0c33482d64e8","671a209b-60e9-4e29-89d9-a7dff8e88f77","096","1","true","false","false","exact","671a209b-60e9-4e29-89d9-a7dff8e88f77","84d4e263-58d0-4012-a178-5e2ff7105f1e"
"zh-cn","cs6ac","7b3bfbd7-a807-4edc-a793-1c0d4ddda248","9e362a09-db7a-4a6d-825b-c640924450f2","099","1","true","false","false","exact","9e362a09-db7a-4a6d-825b-c640924450f2","f2c9ee7d-8c5d-4e17-89b0-06eafeda8af7"
"zh-cn","cs6ac","2007fb01-3505-44fe-8b6a-415785b750e8","b2760354-a2d9-4401-b60a-f381d700622e","101","2","true","false","false","exact","b2760354-a2d9-4401-b60a-f381d700622e","13daec71-b25d-4eea-becf-e0d374b2a039"
"zh-cn","cs6ac","44e699a7-4eb7-4123-9c88-e21bea780fd6","89c66f94-0719-4c33-9a94-8cb203bd1a10","102","1","true","false","false","exact","89c66f94-0719-4c33-9a94-8cb203bd1a10","2e593b85-4416-4da3-aa52-4230b71a8f51"
"zh-cn","cs6ac","814a8ba3-6a1d-43ca-9559-876ed520baf7","72c5d885-bca0-47b1-80d8-1c90dccf8691","106","2","true","false","false","exact","72c5d885-bca0-47b1-80d8-1c90dccf8691","4b1c7287-5bc5-4006-aea2-86595f505b5f"
"zh-cn","cs6ac","72d88d43-90bc-4464-9baa-6a77eef00ec9","6d8290ed-6dab-49e9-876c-548ba921bd84","109","2","true","false","false","exact","6d8290ed-6dab-49e9-876c-548ba921bd84","98aeef7b-f9ac-4215-9ab8-dd8bee4d3c38"
"zh-cn","cs6ac","b4b016a4-8ff6-486f-a85f-ca04c577cd86","a269ae64-f11f-46a1-bbfa-6e0947dbcd6a","118","2","true","false","false","exact","a269ae64-f11f-46a1-bbfa-6e0947dbcd6a","e8e04b05-f7e3-441d-a4b6-05d4150c8fd6"
"zh-cn","cs6ac","9842a12b-fca8-4aa1-bd5a-9d3e8a2a3a4a","a47fa1c6-26f1-415e-b09c-393884e0e8b7","119","2","true","false","false","exact","a47fa1c6-26f1-415e-b09c-393884e0e8b7","dcbeed95-7688-43f7-bb93-030c4de6b208"
"zh-cn","cs6ac","f7f4ed28-f7e6-4ca2-a34b-10af41363884","8d06a609-b10e-4a7d-9db2-f174b4c2a607","120","2","true","false","false","exact","8d06a609-b10e-4a7d-9db2-f174b4c2a607","aa489a5d-742f-4356-b8ed-6ab5c3cc1fd1"
"zh-cn","cs6ac","f67f7525-aae5-4a70-874b-70a057b23e73","7d9a8741-2e60-43da-98c7-0399dfa0d167","127","2","true","false","false","exact","7d9a8741-2e60-43da-98c7-0399dfa0d167","b088ab39-96d1-45fc-9e89-d21179585946"
"zh-cn","cs6ac","620cd061-cdac-42b2-8ad3-1158cc8e2db4","80cb7eb9-30dd-4c01-8c87-e639338edbff","128","2","true","false","false","exact","80cb7eb9-30dd-4c01-8c87-e639338edbff","452f93e4-23f3-4ffe-838f-42d3beeca5ad"
"zh-cn","cs6ac","5f14648c-2223-4f46-9f96-19c43b3e554f","7d0538f4-5f54-45af-ac81-48dbf226b6b4","129","2","true","false","false","exact","7d0538f4-5f54-45af-ac81-48dbf226b6b4","a201c56c-b0e1-4b5a-ae07-163179798a3b"
"zh-cn","cs6ac","7a870dc1-2458-4f3e-9c33-3761c223b524","aee53bdf-51c2-4870-ab99-b989253e1466","130","2","true","false","false","exact","aee53bdf-51c2-4870-ab99-b989253e1466","49540c10-6146-448f-8910-00afce87b0ba"
"zh-cn","cs6ac","3dd81323-05e7-4dcd-9d13-f60563a2b326","9f3096eb-f28c-4fd2-822d-f3d645451d07","131","2","true","false","false","exact","9f3096eb-f28c-4fd2-822d-f3d645451d07","f6e1ec8b-4dcc-40ac-8130-fe20c2e90322"
"zh-cn","cs6ac","c1e2f8d2-ac22-481d-865e-e4cbd74b078c","88cac08d-3c2a-408a-aff6-bcfc745ef2e2","132","1","true","false","false","exact","88cac08d-3c2a-408a-aff6-bcfc745ef2e2","f0080449-b160-4324-acb6-bf863c6dbe19"
"zh-cn","cs6ac","5d654cfa-cf5e-46af-a471-4f57e5cc8add","7fc70567-d97a-4622-a629-396bea17cbf8","145","1","true","false","false","exact","7fc70567-d97a-4622-a629-396bea17cbf8","344f24b9-528b-47d5-b0f5-c26dcfc577fb"
"zh-cn","cs6ac","972ad884-7212-4d2e-b2b0-fa28bca601a5","b0db83fb-39d7-4d60-82cb-f9503a1e4749","151","1","true","false","false","exact","b0db83fb-39d7-4d60-82cb-f9503a1e4749","37da182f-fa75-44fb-8cf4-640ee53a2f67"
"zh-cn","cs6ac","cc82cf9b-79a9-4258-96f6-0555edfa2a75","a666f436-b16f-437a-a63f-548ad0dd9533","152","1","true","false","false","exact","a666f436-b16f-437a-a63f-548ad0dd9533","58d0ebad-b748-4bf3-b1cc-48b67250557f"
"zh-cn","cs6ac","5d825bae-1730-4825-8a4e-d338c1d909b7","b14c1f57-2602-4837-898a-a5ddf2ff0228","160","1","true","false","false","exact","b14c1f57-2602-4837-898a-a5ddf2ff0228","1b5c84d3-2e84-435c-9b63-6e16d37e7d2d"
"zh-cn","cs6ac","ee074dca-a735-4969-b8bf-2f5f8ae65b33","8ab42d50-b248-4a95-8fae-c8766a567a81","167","1","true","false","false","exact","8ab42d50-b248-4a95-8fae-c8766a567a81","69decdf9-9873-4157-8e25-17d27c1e7b08"
"zh-cn","cs6ac","6a710553-6d08-4e2b-ab85-4ca38526d0a0","b24f0555-d96f-400f-935d-2035d1a95a53","168","1","true","false","false","exact","b24f0555-d96f-400f-935d-2035d1a95a53","fde43365-5fc6-4504-819a-dc1ef5e17aa0"
"zh-cn","cs6ac","68c63b03-5ae4-4fc8-acf0-7b000cb876fc","fb4e82c9-031d-4d2e-ba59-51e90f65f1ee","001","1","true","false","false","exact","fb4e82c9-031d-4d2e-ba59-51e90f65f1ee","1786cf02-274c-4724-a232-b986110c748f"
"zh-cn","cs6ac","3903e171-212e-4232-b553-f2792447fa6d","f5e8884a-517c-4c69-a400-de79a69c5e68","010","2","true","false","false","exact","f5e8884a-517c-4c69-a400-de79a69c5e68","e88db54e-a2fe-4c91-8722-3e9ce5fd243b"
"zh-cn","cs6ac","0c1133e5-dd1b-4933-8511-97dfd373eaf4","f1bbc92e-9434-4bb1-8e37-3438c1be290d","021","2","true","false","false","exact","f1bbc92e-9434-4bb1-8e37-3438c1be290d","81311136-5d90-4b45-96b6-bc1444d37b22"
"zh-cn","cs6ac","05281e02-0bb3-4a5a-a48c-1a168e4d686b","c4b71729-4ae6-4449-9699-eef8db9964f4","023","2","true","false","false","exact","c4b71729-4ae6-4449-9699-eef8db9964f4","29edaec5-9e2d-4c8d-a0f4-9551392d3d90"
"zh-cn","cs6ac","0b3e2dac-9252-4057-860d-3a6c35e235b3","d91b6614-1a04-4bd1-b8ca-519b5cbaf34a","035","2","true","false","false","exact","d91b6614-1a04-4bd1-b8ca-519b5cbaf34a","a4e152e5-7a5e-4361-94d6-c653b08678fb"
"zh-cn","cs6ac","3538d025-5fb5-4f6b-98c5-26ae26e42751","dae069ce-c595-4cd4-954a-dac63d9bccd4","043","1","true","false","false","exact","dae069ce-c595-4cd4-954a-dac63d9bccd4","df673c30-a2ee-490d-a31d-bf1ecb3680be"
"zh-cn","cs6ac","a68e6568-a259-43b5-995b-4c22cc725bfd","e6c1d242-b7fe-47f8-a8a0-42d06df7c7c4","053","2","true","false","false","exact","e6c1d242-b7fe-47f8-a8a0-42d06df7c7c4","bd209c0d-643f-473e-902c-1e5f480279c7"
"zh-cn","cs6ac","cfc87bb3-4225-480e-b178-88bafb45793d","bb84afc7-5ce1-4780-9bd8-c2e499288e22","060","1","true","false","false","exact","bb84afc7-5ce1-4780-9bd8-c2e499288e22","c9febcb2-cf3d-41f0-b819-69795233c087"
"zh-cn","cs6ac","68b58a0d-dbc9-40e5-bf81-2dee4625fe6f","d7ae0dca-6099-4ae1-9e4b-33de36f87532","067","2","true","false","false","exact","d7ae0dca-6099-4ae1-9e4b-33de36f87532","a96a253d-3b89-4214-aabf-62f6edc2c36d"
"zh-cn","cs6ac","5c7c8d73-901d-4885-ab07-aecfec331817","cd795d92-3bf0-41d8-8ee4-b57a7f6489d3","087","2","true","false","false","exact","cd795d92-3bf0-41d8-8ee4-b57a7f6489d3","83763018-fff7-4293-a56e-49ab824406b0"
"zh-cn","cs6ac","0ed64fed-3340-44db-aed4-54ba376d76b8","cde28b00-c2e3-446c-8536-db7d66767f0d","097","1","true","false","false","exact","cde28b00-c2e3-446c-8536-db7d66767f0d","c0288861-d9a3-4a64-9f9d-856eb766985e"
"zh-cn","cs6ac","f91ea651-08c3-4c4b-b24b-7cfbb6dce15f","cb4fab0a-273b-4225-a4bc-c3b1de852ffb","103","1","true","false","false","exact","cb4fab0a-273b-4225-a4bc-c3b1de852ffb","31e3c76a-4357-45a0-bce7-cf982bea8111"
"zh-cn","cs6ac","017f5cf6-b9cf-4adf-891a-c0d0256c3a45","cdc36805-ce52-4c97-bbd6-0fff3f967cac","104","1","true","false","false","exact","cdc36805-ce52-4c97-bbd6-0fff3f967cac","2bec77ff-794b-4848-903a-1a1c21c4a109"
"zh-cn","cs6ac","2d5594ba-f601-4d58-959a-e9e8b9e17c15","f4ae8723-3359-4fcf-9353-b85e18f7e5fb","111","2","true","false","false","exact","f4ae8723-3359-4fcf-9353-b85e18f7e5fb","5f69f90d-f506-415d-99b3-92e6fed13dd1"
"zh-cn","cs6ac","f92e853f-0d14-4e10-a06d-89a7082d8836","f266b03a-ffd4-4ce2-986c-4a4f773277b9","114","2","true","false","false","exact","f266b03a-ffd4-4ce2-986c-4a4f773277b9","c39b5e63-7a61-41aa-89a0-e03027a9a603"
"zh-cn","cs6ac","69621ce6-fd39-445b-8127-7ba4b90f9495","c4a45593-960c-46c7-9813-fce2cfd97b59","124","2","true","false","false","exact","c4a45593-960c-46c7-9813-fce2cfd97b59","ba47945b-e6e8-4cf6-8ea8-f9a70914c16c"
"zh-cn","cs6ac","705b686b-e7d4-4438-ab56-49593050db4f","bf94e90b-5c47-45fd-b193-a1f54efa8806","136","1","true","false","false","exact","bf94e90b-5c47-45fd-b193-a1f54efa8806","e8528ac6-9f3a-4310-a660-739510304ed3"
"zh-cn","cs6ac","f3bf0b75-45ff-4e37-b68a-880c69e7a6d9","c4e508bf-52e7-4221-886a-a9aea1d9fa25","138","1","true","false","false","exact","c4e508bf-52e7-4221-886a-a9aea1d9fa25","2b203c37-743e-4db9-8a78-ac636d8199cd"
"zh-cn","cs6ac","6972204f-4b3f-4fbf-b5e2-cb0beb124018","e9643581-9e78-452d-95a6-2f12cbe1eba2","140","1","true","false","false","exact","e9643581-9e78-452d-95a6-2f12cbe1eba2","94281d04-f64d-44a8-ba98-0c0dc9c8223a"
"zh-cn","cs6ac","2795f13f-8d37-4317-b389-9528c9c15f20","f0bb21d3-ca9b-4af9-b6db-14671439ab47","141","1","true","false","false","exact","f0bb21d3-ca9b-4af9-b6db-14671439ab47","3a4499ce-e9b5-4d4c-b7e1-ee4d1f449c3d"
"zh-cn","cs6ac","b0c53c81-4e55-4d06-a4ba-d022b7f467dc","eab4a726-efea-49c9-828d-21be5bcc6072","142","1","true","false","false","exact","eab4a726-efea-49c9-828d-21be5bcc6072","4f1f0831-f1f2-489d-b9f8-f2f056f2868a"
"zh-cn","cs6ac","7e448fec-56fc-400f-a9b0-378481ef5b22","ba0a76ee-a522-400f-b114-e92dd2812b47","144","1","true","false","false","exact","ba0a76ee-a522-400f-b114-e92dd2812b47","824aba41-2a7f-49e3-8ffc-986f63cfea06"
"zh-cn","cs6ac","70f1fe07-ae1c-4c01-96f4-1f8693499d76","e620a07c-09f6-4212-beef-6aa6cf08a424","147","1","true","false","false","exact","e620a07c-09f6-4212-beef-6aa6cf08a424","c37d1030-5392-46bf-82b0-3a2d269d1bbc"
"zh-cn","cs6ac","5c956e5b-1dd8-4d2d-b494-006fa55c44bd","fe8061a4-4c98-4077-b61b-d904050889ca","153","1","true","false","false","exact","fe8061a4-4c98-4077-b61b-d904050889ca","c8f2d05a-9cd7-4898-852d-7e8fa40c04aa"
"zh-cn","cs6ac","6ab414c9-463a-4de5-995b-74cc33077217","c96a66cc-832d-42c5-9192-137043e73638","159","1","true","false","false","exact","c96a66cc-832d-42c5-9192-137043e73638","7716ee56-a9e1-4c04-80a7-64e7f9d9ccdc"
"zh-cn","cs6ac","d002fce7-6c3d-43c5-a577-d5d7d13e2df8","c39bdc2f-5ebd-457c-ab0c-83b35b285968","161","1","true","false","false","exact","c39bdc2f-5ebd-457c-ab0c-83b35b285968","4f79cad0-c632-4efb-bfab-d3d537ae633b"
"zh-cn","cs6ac","b7ed1b7b-3574-4e34-80ae-24dcc4c966d5","f7ad245b-93e2-46bd-a2bb-7c4c4abecc45","162","1","true","false","false","exact","f7ad245b-93e2-46bd-a2bb-7c4c4abecc45","e9be65c2-5643-4d8c-a863-4c9edf636b82"
"zh-cn","cs6ac","4b4874ae-3464-497b-9b35-c827084e963f","f034ead0-2052-4dc8-a8f3-b1839cbbe123","165","1","true","false","false","exact","f034ead0-2052-4dc8-a8f3-b1839cbbe123","e53fe460-e1d4-4214-881f-a5d6151308a6"
"zh-cn","cs6ac","a7830c04-52c1-42e6-92bb-b3e285627f98","fab88002-0689-46a4-92f1-0043168722d2","169","1","true","false","false","exact","fab88002-0689-46a4-92f1-0043168722d2","65c77671-118f-460c-b0eb-f7c1281cb382"
"zh-cn","151c","15c88288-3b6e-44b0-9341-345098c7bbb8","1173cf4d-9da5-4f72-94f9-22294b5ef63c","004","3","true","false","false","exact","1173cf4d-9da5-4f72-94f9-22294b5ef63c","849b9693-1b82-4020-be42-c392147bc178"
"zh-cn","151c","8badea8a-084f-485c-a220-7a9f9828d68b","07cb8879-9073-46e8-af6e-3093915615b2","005","3","true","false","false","exact","07cb8879-9073-46e8-af6e-3093915615b2","a2dc3df4-7005-4adb-b66b-aeffcd7480a1"
"zh-cn","151c","238a46ac-7ea4-4f14-b4e4-a11484c0c925","02c075af-7f29-41d1-afc7-125d211bff94","007","3","true","false","false","exact","02c075af-7f29-41d1-afc7-125d211bff94","6eed153f-4dbc-470c-9109-7e3a0c03a3b0"
"zh-cn","151c","09253afc-a746-4f97-b227-09a477af9759","09fc68d3-df59-4368-af9b-7528ac9cde4d","012","3","true","false","false","exact","09fc68d3-df59-4368-af9b-7528ac9cde4d","92e3718a-cf9d-44ef-92dd-499288f75901"
"zh-cn","151c","670f8bd6-e240-4d8f-9c08-5dd03bcc3dc8","1fabb7db-015f-48d5-91ad-4637152fceb9","015","3","true","false","false","exact","1fabb7db-015f-48d5-91ad-4637152fceb9","5bed0b3c-d4aa-4b64-8abd-1df25606039c"
"zh-cn","151c","599054cd-a897-4810-a498-0d862c262f9b","1aac6685-eaf6-4fd0-a08d-2c8cb305b4ad","016","3","true","false","false","exact","1aac6685-eaf6-4fd0-a08d-2c8cb305b4ad","5ff59942-c7f4-43f1-96a6-ceae58c00746"
"zh-cn","151c","223d1d98-a704-4124-a39d-be08818db439","0af623ff-d989-44ed-a8ea-e0a7920f6d89","017","3","true","false","false","exact","0af623ff-d989-44ed-a8ea-e0a7920f6d89","027357af-205a-407a-b2be-6b08827672cc"
"zh-cn","151c","9b203358-aa8e-4943-b9f9-b013f3e5e1fc","06f4a535-ecd2-4da4-be37-77ad4016475b","018","3","true","false","false","exact","06f4a535-ecd2-4da4-be37-77ad4016475b","9c506399-cc96-4dbf-9ae9-09e0a2d8b406"
"zh-cn","151c","3a94ae94-c11b-471d-adf8-dc65a3733bd1","0da202d6-8fd4-426a-bc84-d4d71a6c1600","019","3","true","false","false","exact","0da202d6-8fd4-426a-bc84-d4d71a6c1600","c8cbd087-7428-408e-89a6-a4c43b5af81e"
"zh-cn","151c","ce5ae39f-0c6b-42e4-91c1-07fe634721bd","153ea523-aa64-456d-a9b5-50245e8cba8e","020","3","true","false","false","exact","153ea523-aa64-456d-a9b5-50245e8cba8e","927a3b02-4f9a-4ff3-8a42-cd33a0219c3d"
"zh-cn","151c","be863d6e-b6f1-467d-be54-172d3b8e6338","16738859-c361-4e66-91d0-66ad3a430577","021","3","true","false","false","exact","16738859-c361-4e66-91d0-66ad3a430577","82b09221-3527-4ca0-a067-779cd23600ee"
"zh-cn","151c","6b1a6bf0-ea4b-421d-86e5-c46a7d3a9a5a","25129149-e256-4be0-97b5-677c1138f14e","023","3","true","false","false","exact","25129149-e256-4be0-97b5-677c1138f14e","9f02e483-22df-4065-8711-4472c2223163"
"zh-cn","151c","c00c307a-3233-42cd-9496-5630b9c06045","27e66d60-1a5d-4bdc-a4f0-170b4ec3036b","025","3","true","false","false","exact","27e66d60-1a5d-4bdc-a4f0-170b4ec3036b","42ccaf0e-ae27-4433-b266-7388d1775d33"
"zh-cn","151c","05a523d6-cbdc-46b8-b924-b0f260c46c39","10ad98b0-80d5-4f37-ac7d-6c86fd92dd43","028","3","true","false","false","exact","10ad98b0-80d5-4f37-ac7d-6c86fd92dd43","be3dbbad-f393-410d-b5f6-f55f4353812f"
"zh-cn","151c","adf36dbc-08e4-4d79-b963-1d56b78199e4","1b032f36-468d-408a-a571-3cb426380af0","032","3","true","false","false","exact","1b032f36-468d-408a-a571-3cb426380af0","bef0f6a2-9d43-497d-b2b3-1856d4e5d984"
"zh-cn","151c","a6791a36-7cad-45ad-82e0-925794d0b953","11aca287-f745-465f-88f2-6e32931137f1","033","3","true","false","false","exact","11aca287-f745-465f-88f2-6e32931137f1","c31606ef-015c-455e-bd57-683db6e248bf"
"zh-cn","151c","f95ddf86-e318-403b-964b-bd6d1ed267b1","188ae4dd-4afb-4b88-84ac-7f6e48603921","034","3","true","false","false","exact","188ae4dd-4afb-4b88-84ac-7f6e48603921","f25c773f-0782-493c-809a-95d6a8d13d02"
"zh-cn","151c","f8be8f2c-cc9d-4519-b5b6-533629326d70","0768875c-d1e3-4f03-9ab1-2a1f5b3c6bf5","035","3","true","false","false","exact","0768875c-d1e3-4f03-9ab1-2a1f5b3c6bf5","df023e70-a10d-4007-a865-ae3c626e941a"
"zh-cn","151c","d59c6386-8f7d-4e7b-84f0-ac4ca353ba3f","106bede0-c167-4821-a15f-96228d698e7c","037","3","true","false","false","exact","106bede0-c167-4821-a15f-96228d698e7c","d6e84a2b-4a66-4691-8d07-a27fe08fe14f"
"zh-cn","151c","a041199e-0349-4da8-8524-dcc9e678c625","1e218cd6-c4b7-4da4-8671-3e32e6747c32","038","1","true","false","false","exact","1e218cd6-c4b7-4da4-8671-3e32e6747c32","e706cb85-de89-4f87-9dbe-74b92aa98a64"
"zh-cn","151c","bb3ceae8-7bd9-47ba-8070-368c00549d09","1f1ee985-03e9-402e-aa26-0f108adde700","039","3","true","false","false","exact","1f1ee985-03e9-402e-aa26-0f108adde700","88bb2d90-de19-46a8-a49c-1c3487a54576"
"zh-cn","151c","1a9c96cf-eb5f-4020-a1cc-ff5e8e3b3100","1c5250c9-afbb-4cb0-bb0a-84cd84167e5e","040","1","true","false","false","exact","1c5250c9-afbb-4cb0-bb0a-84cd84167e5e","05a584ff-efa4-4f2e-9859-e4c7648688c0"
"zh-cn","151c","72e8735d-d069-44e6-bf4f-6c254bf71732","1db26d26-e663-423e-870a-b4d20d8571f3","042","3","true","false","false","exact","1db26d26-e663-423e-870a-b4d20d8571f3","9133cf06-0b70-4dc4-89e8-2b8d54175dca"
"zh-cn","151c","11ea2b44-64e2-4dae-8d3d-3b448735a4bb","042d97ea-7d23-491d-aef3-7a26871c4975","043","3","true","false","false","exact","042d97ea-7d23-491d-aef3-7a26871c4975","da8297a1-da9e-4561-b186-a99b656368dd"
"zh-cn","151c","b6ec1016-2123-446d-b74f-98c24cf65338","191018ae-a084-4548-b4be-c9024149e489","051","3","true","false","false","exact","191018ae-a084-4548-b4be-c9024149e489","26f42a7c-08a7-472f-bc25-df584162a8a0"
"zh-cn","151c","d4f1bb89-6ac2-4382-9ac9-0bd325ab6cde","08171c85-5bef-47c2-83ea-525b28b8c8f6","052","3","true","false","false","exact","08171c85-5bef-47c2-83ea-525b28b8c8f6","bc1f70a2-6681-412b-984f-53f9dc8a95b2"
"zh-cn","151c","9b476ab5-7909-44d5-b72f-2745ac6e0d93","1665a54e-dd01-4caf-a194-4e7fa2174ea6","055","3","true","false","false","exact","1665a54e-dd01-4caf-a194-4e7fa2174ea6","eda92291-5502-416f-a928-17aee56b52fa"
"zh-cn","151c","a43a09a5-c478-494d-8ac3-145239df90d8","28a03a02-f9c9-469c-9612-30724b347375","058","3","true","false","false","exact","28a03a02-f9c9-469c-9612-30724b347375","c5019a31-917d-48d5-9179-9058e2c456c0"
"zh-cn","151c","5fa4950f-84a6-46f7-a194-a803ccd7a661","1d04c2c6-7aef-49cc-bafa-494bf76e3b3e","060","3","true","false","false","exact","1d04c2c6-7aef-49cc-bafa-494bf76e3b3e","0dacfefb-390a-4ba7-88f1-48afd992ecc0"
"zh-cn","151c","428fa2bd-1fe8-4f18-b3c9-8c7907de6988","158e54e8-7bcf-4408-a9a1-80ee491248e5","063","3","true","false","false","exact","158e54e8-7bcf-4408-a9a1-80ee491248e5","7ca81f39-47c9-4df6-a4a8-1ae5c0f3cd28"
"zh-cn","151c","65a46bb4-9774-4589-8c86-e4868b0eb87d","2fe14a97-65ed-42d7-9179-b81dacdf50c5","064","3","true","false","false","exact","2fe14a97-65ed-42d7-9179-b81dacdf50c5","e80f2343-d0a1-4e81-afaf-ede610287e16"
"zh-cn","151c","15b2a000-397f-4113-ab20-4306f7aa6e4b","1addc7e3-3e6a-46d2-81d5-97bb19d73b3e","066","3","true","false","false","exact","1addc7e3-3e6a-46d2-81d5-97bb19d73b3e","352e7d34-3079-4e15-a0a3-82e17c2bef14"
"zh-cn","151c","590efd0f-7df4-4038-9fcf-2ae14c52e0aa","2a04bde1-2baf-4ecd-94b5-f08386ac430b","067","3","true","false","false","exact","2a04bde1-2baf-4ecd-94b5-f08386ac430b","de66f69e-b3a3-45e2-b047-2363718cb990"
"zh-cn","151c","b71ce6e5-4139-4b12-a855-521bf409a2ee","30bd3a21-278f-44de-ac0c-40b5e42231ca","069","3","true","false","false","exact","30bd3a21-278f-44de-ac0c-40b5e42231ca","edae52a2-a495-4b04-a636-1428b916031f"
"zh-cn","151c","8f7091c1-69c6-49dd-a08c-895590ddc694","12abdf45-360b-42b4-b27e-3a403d867e08","072","3","true","false","false","exact","12abdf45-360b-42b4-b27e-3a403d867e08","22b5e62f-d0a3-49a5-8c62-0a5685eadb47"
"zh-cn","151c","2a72a569-7ea7-4f9a-ba3d-f942e531033d","2c1a9f4b-77ba-4ddc-9296-455f32a992bc","074","3","true","false","false","exact","2c1a9f4b-77ba-4ddc-9296-455f32a992bc","8fbd4a8e-17b2-4f22-b5e7-828de3eaa731"
"zh-cn","151c","9f5f9370-f08b-4f11-8e7a-e9ad6a028697","20b92e23-95a7-40d2-940d-7cb133cc990f","075","3","true","false","false","exact","20b92e23-95a7-40d2-940d-7cb133cc990f","8c76b96c-e617-4317-a927-a6292cc64071"
"zh-cn","151c","01766322-de8f-4da5-b63d-6935160e8411","101a5a2a-dc5c-4027-ad9c-6616d4da0220","077","3","true","false","false","exact","101a5a2a-dc5c-4027-ad9c-6616d4da0220","716e0682-2a5e-44ff-a222-2e01a7c56627"
"zh-cn","151c","07e5c7a8-ae8c-453c-a382-c00fc37cc1f2","0203c25d-6ad2-4f1f-ad47-5bdbe966b449","079","3","true","false","false","exact","0203c25d-6ad2-4f1f-ad47-5bdbe966b449","78612994-7725-4bd2-b851-77bed73295ed"
"zh-cn","151c","9cfc41f6-5feb-4b6e-b358-b0613fb92e61","0fed89a3-06f4-4d90-b975-1d39b5ae4631","082","3","true","false","false","exact","0fed89a3-06f4-4d90-b975-1d39b5ae4631","765188ea-4d31-4245-b189-e4b5e1bb6e99"
"zh-cn","151c","f33059f1-e86a-42dd-aa21-4f1f3c0d0905","0e896f82-0e5a-4868-b2de-9fbdcc5f5809","085","3","true","false","false","exact","0e896f82-0e5a-4868-b2de-9fbdcc5f5809","1e66f050-30e0-4129-8cb5-47a4ca3b092b"
"zh-cn","151c","779c2af2-0ef9-4966-8622-f00705ba68ff","1e9c9b28-05d2-4985-a21e-efef631a2ceb","086","3","true","false","false","exact","1e9c9b28-05d2-4985-a21e-efef631a2ceb","6c5051b3-6c85-4b85-ad3e-ee0c6936f8c8"
"zh-cn","151c","5e348244-38a6-4f6c-a05c-07bc2448f664","05b617ad-041e-41f3-b873-e2d81ab6c72a","088","3","true","false","false","exact","05b617ad-041e-41f3-b873-e2d81ab6c72a","49379933-d43d-462c-b43b-582e2dfc75f2"
"zh-cn","151c","22431a6c-85c2-461e-8da0-e630772f1b1b","29579f22-d5d7-48dd-a15a-d718a6f4c1ab","092","3","true","false","false","exact","29579f22-d5d7-48dd-a15a-d718a6f4c1ab","d948d97d-b346-4e9d-abad-498dd51d6b09"
"zh-cn","151c","49c4bb9a-c679-4aa2-a85e-86f9978bf1e2","0eb1b6ed-e1dc-4fed-9a6b-0309bd002f47","093","3","true","false","false","exact","0eb1b6ed-e1dc-4fed-9a6b-0309bd002f47","03e8ef5d-b90f-41a5-8fd1-2a9e39ea85df"
"zh-cn","151c","c05c00cb-8db0-4ffc-8fd6-2a62a44db1f5","0663d97b-7c72-4342-9cc3-a158507688b6","094","3","true","false","false","exact","0663d97b-7c72-4342-9cc3-a158507688b6","98887aad-a598-4dca-8971-c5db005bbc8f"
"zh-cn","151c","f7c99d3d-3def-4d60-abe1-68b05c640a12","04dd0bb2-ee9a-4a9e-8cca-758f35564046","095","3","true","false","false","exact","04dd0bb2-ee9a-4a9e-8cca-758f35564046","bcbbc22f-cfc0-4de9-8763-2be6a14066de"
"zh-cn","151c","6926d558-12ba-421d-821b-edf8d87d8bf7","04204dc7-e5c7-4c6e-ade0-56511bc40d9a","099","3","true","false","false","exact","04204dc7-e5c7-4c6e-ade0-56511bc40d9a","f3edce88-72f9-4f45-88dd-97de9d55297d"
"zh-cn","151c","4d72bf59-06a6-4b1e-8366-013f4781713d","057f7bff-414c-46fb-8e65-f0a949199d57","103","3","true","false","false","exact","057f7bff-414c-46fb-8e65-f0a949199d57","060ea4b2-a9de-431c-9600-1eb6199cea08"
"zh-cn","151c","732879f2-ec7e-4872-8854-28c5e157eeff","13201c06-5576-4bff-a1ff-56ae38322065","106","3","true","false","false","exact","13201c06-5576-4bff-a1ff-56ae38322065","0cb8700d-267a-4ef8-b2af-c65c17195c19"
"zh-cn","151c","7ff0066c-fae4-470b-b9c1-65f14c05629b","098a3252-4327-43ae-84d6-432201337b1b","108","3","true","false","false","exact","098a3252-4327-43ae-84d6-432201337b1b","97427676-0a4c-439c-ad67-be4abbfbf7c0"
"zh-cn","151c","cdd87721-fa5a-4636-a342-3d5c90a53a18","0ab76b2a-12e0-4448-979e-5cd8ee87c545","109","3","true","false","false","exact","0ab76b2a-12e0-4448-979e-5cd8ee87c545","54080a15-8bfc-41f4-a14a-c49b004e998b"
"zh-cn","151c","b7a13a92-37d9-44b2-9468-a0b5cead7bdc","162d079e-c73b-43d9-b225-c373c8197b9d","110","3","true","false","false","exact","162d079e-c73b-43d9-b225-c373c8197b9d","600cfd90-7812-4d97-ae9a-3aba7a428f79"
"zh-cn","151c","0260ca72-8fe5-45ec-b81d-d4f86b13c13b","2d84c530-5684-4e6b-b468-80cbe0a85c9c","115","1","true","false","false","exact","2d84c530-5684-4e6b-b468-80cbe0a85c9c","f4136672-ccfd-4905-889a-87c7ca67e3a7"
"zh-cn","151c","62d86c49-4a67-44e2-aa9b-ea5487da03b2","22df4aed-af60-4c3b-a651-bdffb1c1a3b2","116","3","true","false","false","exact","22df4aed-af60-4c3b-a651-bdffb1c1a3b2","7a25f183-8554-4d07-a915-d1d9774694b1"
"zh-cn","151c","64d88a42-9771-4e94-a3c9-dec937930782","0d61493d-1e59-4ec3-a47c-b16ac57d5dde","117","3","true","false","false","exact","0d61493d-1e59-4ec3-a47c-b16ac57d5dde","ad62ea5b-cd6e-4c58-928a-eba3ad2c67d9"
"zh-cn","151c","4da3a58c-80f5-48a8-aece-b2ea3b843ab6","06bc3d24-c3e4-449a-87f6-d47182b76e25","118","3","true","false","false","exact","06bc3d24-c3e4-449a-87f6-d47182b76e25","c80cfe15-5a43-4d03-ae60-4b91cc8534d2"
"zh-cn","151c","280b00a6-d6fe-4816-bd2c-5536bff9e2f7","08b72c72-3e98-47be-9410-55f318753a8a","119","3","true","false","false","exact","08b72c72-3e98-47be-9410-55f318753a8a","a71c4b0f-ceea-490a-b84b-5e8d06ba84e2"
"zh-cn","151c","b63e3008-a6a4-41ee-a174-04987c56d9f6","18e43006-0f7e-4682-8eb7-7a40dac2529e","122","3","true","false","false","exact","18e43006-0f7e-4682-8eb7-7a40dac2529e","3c65fe71-eb34-4c6c-911f-8c25f33f3ced"
"zh-cn","151c","9608dfac-7554-4b21-98bf-0056b8fbc7b2","2fccf668-c730-40e2-86ed-94ea790a514d","123","3","true","false","false","exact","2fccf668-c730-40e2-86ed-94ea790a514d","fc6048a8-ee30-40b1-aed7-626262410390"
"zh-cn","151c","93a2f475-83c6-4b78-a58c-8a11c6606c84","2f7a5627-f79f-4777-b8d9-e4428fe9231f","126","3","true","false","false","exact","2f7a5627-f79f-4777-b8d9-e4428fe9231f","b0115abb-e85b-411a-8e8b-c84354c92bcd"
"zh-cn","151c","3dbc50f4-a536-41f1-b55a-cfeb4c045f16","2f34f868-e76d-4580-a565-1b1431b05b93","127","3","true","false","false","exact","2f34f868-e76d-4580-a565-1b1431b05b93","5e4c28eb-c24b-4172-bb12-12637c068327"
"zh-cn","151c","3e582953-0ce6-4db1-852f-ad6a81ebf801","1195adbf-600e-48aa-8517-0232e97a479e","129","3","true","false","false","exact","1195adbf-600e-48aa-8517-0232e97a479e","1e93709a-bfd6-412f-b43b-4dc6709a5c4b"
"zh-cn","151c","1917a5ce-9033-4d32-a350-20d312b52345","300a521e-7cb4-47be-b98d-057c6dce4398","130","3","true","false","false","exact","300a521e-7cb4-47be-b98d-057c6dce4398","f04624d2-6d85-4b40-a122-5c0bea08ccb0"
"zh-cn","151c","0c6b4a36-3248-41b3-87c3-c8f3c60d051b","0b7530cb-9ba8-4e5f-a5c2-30c44833df70","131","3","true","false","false","exact","0b7530cb-9ba8-4e5f-a5c2-30c44833df70","d2c0e3ad-3040-4188-9694-4c6df367da6a"
"zh-cn","151c","1245a034-d67f-47ae-9def-a629e1d97925","086feee2-b019-4bdb-bad6-ceea835d5ab2","132","3","true","false","false","exact","086feee2-b019-4bdb-bad6-ceea835d5ab2","27c04f8c-811a-46db-a28e-61118542608a"
"zh-cn","151c","e8a2db26-9c02-41ef-8cae-632ca04c359f","0e0f92c3-bb35-4a25-aead-9244ee27c2b8","133","3","true","false","false","exact","0e0f92c3-bb35-4a25-aead-9244ee27c2b8","e9d28d9d-e834-4b2e-bac8-0ffa350bfd57"
"zh-cn","151c","161e9be3-d038-4356-b79f-e8d0c5f30293","2de9de23-4152-41a1-98b6-03ae755337b3","134","3","true","false","false","exact","2de9de23-4152-41a1-98b6-03ae755337b3","f1f11680-3709-4d83-a315-f97a286bddca"
"zh-cn","151c","7f1d6ffa-0415-48bb-ac08-83e8fa4255db","2938c710-d005-4fd1-b888-009d492ee616","135","3","true","false","false","exact","2938c710-d005-4fd1-b888-009d492ee616","00e8d92a-ce31-4b39-aca0-dc40f26cfbec"
"zh-cn","151c","f963daf1-c411-4b58-973c-e34e161a8ee7","083b8b94-f2fe-47ab-b4fe-3357cfbf5122","136","3","true","false","false","exact","083b8b94-f2fe-47ab-b4fe-3357cfbf5122","437634d5-80a8-42d0-acc7-0c73c7d81ef0"
"zh-cn","151c","616859f8-a151-41a4-9242-12a53c9582a9","2e1ada61-0d37-48b8-af69-134c1670fca3","137","3","true","false","false","exact","2e1ada61-0d37-48b8-af69-134c1670fca3","556686ee-8bff-41cb-a259-2b6faf659c7b"
"zh-cn","151c","cad23344-6d43-4ccb-b594-f367ba49ec30","2667fe08-ab7b-4bed-b977-38224e4d243d","139","3","true","false","false","exact","2667fe08-ab7b-4bed-b977-38224e4d243d","0f783abf-efe4-400f-b2ad-4c5c936fd487"
"zh-cn","151c","adcc3451-e674-40b3-b499-5973d5ee5c0e","233802e4-26be-49f7-8d97-2de633d27006","140","3","true","false","false","exact","233802e4-26be-49f7-8d97-2de633d27006","e5a1871d-8ebf-4b6c-9c4c-af8b89d547b2"
"zh-cn","151c","ef7b49da-e7bb-4e20-8dc4-de61fe463b91","2b89daf9-5cb0-4dcd-a150-7d3cd5406721","141","3","true","false","false","exact","2b89daf9-5cb0-4dcd-a150-7d3cd5406721","4138d328-6cf5-46e4-84c0-d88ea6d68b26"
"zh-cn","151c","47844a68-b92d-46bc-8b1a-981a8288368f","0ede3e89-ad11-48c7-a68f-2108324c007d","146","3","true","false","false","exact","0ede3e89-ad11-48c7-a68f-2108324c007d","2b06ad10-2b4c-417f-8fe5-0f34c5efa206"
"zh-cn","151c","8aa6b60c-fd11-432f-b362-f612c71e79a7","14594942-86eb-47ba-b079-8a98139430ed","147","3","true","false","false","exact","14594942-86eb-47ba-b079-8a98139430ed","795b0254-6dce-403e-b472-3d4b8838b3e4"
"zh-cn","151c","e6764ee8-f619-41bb-97e7-818368ff64ae","21aa1058-8705-43c3-93a9-7b8e5f38d8d6","148","3","true","false","false","exact","21aa1058-8705-43c3-93a9-7b8e5f38d8d6","8d8332e7-95a7-4305-9e27-177e3949947f"
"zh-cn","151c","bc113f21-e2ad-414c-bbd4-ef6b5ca56bfe","0925633c-b259-45db-ad34-dfb5c6eecee1","149","3","true","false","false","exact","0925633c-b259-45db-ad34-dfb5c6eecee1","3cceb32c-4b25-46bb-8ad6-034699693362"
"zh-cn","151c","97b354d9-a512-43dc-87e9-b79782973f4c","2a2420fb-4fea-4d32-9d7a-6b8cf234a799","150","3","true","false","false","exact","2a2420fb-4fea-4d32-9d7a-6b8cf234a799","2f186203-64b0-4fb7-8a43-85b4447c60d8"
"zh-cn","151c","fea0a44e-40e8-4f9b-99da-26e73ab2c1b8","2977c1ab-59c4-4fa0-96cb-c44febe9f787","155","1","true","false","false","exact","2977c1ab-59c4-4fa0-96cb-c44febe9f787","85eb10e3-4607-44c8-9c25-f782afe4878b"
"zh-cn","151c","72181aaa-bb37-4c9b-a1b4-3748fe05a8fa","14c5603f-8ef0-424d-ab1a-c5bb3fa53677","157","1","true","false","false","exact","14c5603f-8ef0-424d-ab1a-c5bb3fa53677","b1f8b4c7-1eb9-4494-9e6c-a9a647323f9f"
"zh-cn","151c","a44c2fba-849f-40ec-81d2-d1a3001da924","06a72c1b-76b8-4fdb-8623-ae35a3ef4438","170","1","true","false","false","exact","06a72c1b-76b8-4fdb-8623-ae35a3ef4438","1f4fa651-0e3c-4fa9-ae06-44bf75f565ef"
"zh-cn","151c","2e8e0b8a-27dd-45b4-ac7e-8d69aae09148","079e4170-5c3d-42c1-9aae-1a86a3a6d952","172","1","true","false","false","exact","079e4170-5c3d-42c1-9aae-1a86a3a6d952","1e307199-7524-4c9d-8d24-03dd0be4b16e"
"zh-cn","151c","56d94c56-429f-4f6f-a560-5f7dab92a4c1","02ffb201-09eb-4362-8a7f-331fc832dc13","183","1","true","false","false","exact","02ffb201-09eb-4362-8a7f-331fc832dc13","a63629d6-8f39-430f-8e71-b66c67e0c893"
"zh-cn","151c","ed1da0a1-2c3e-4d19-b408-b2fd2fd54774","27f849e1-e5bd-4774-bd0d-f596a954867f","185","1","true","false","false","exact","27f849e1-e5bd-4774-bd0d-f596a954867f","66b75dae-18a2-4f6b-9ebb-b10d0ad14640"
"zh-cn","151c","b4a0230d-624a-475f-9610-60d572792d1f","03f4a993-3b2b-4309-9ecd-bf9d0d73d114","190","1","true","false","false","exact","03f4a993-3b2b-4309-9ecd-bf9d0d73d114","b8cf9647-7232-4ff6-9837-3090431357f2"
"zh-cn","151c","620476e0-1ffd-48fc-b1ea-9942a727412f","529ccc87-c4cc-4b7c-a569-15d9e53bd2c2","001","3","true","false","false","exact","529ccc87-c4cc-4b7c-a569-15d9e53bd2c2","56e5712c-26c4-48df-8570-cfb1e81b7e17"
"zh-cn","151c","717b851d-0010-457c-ad7b-b72653fd20c7","50e436c7-4178-4a86-a2b9-6fcb8ec3ca5c","002","3","true","false","false","exact","50e436c7-4178-4a86-a2b9-6fcb8ec3ca5c","761e6dba-18e3-4c84-8cbb-ad9cf72b9e90"
"zh-cn","151c","eb8d7bc8-6a77-41e1-a3ea-d033c68656f3","4d84ba40-61ef-4a35-bba9-fe4edea1ac4d","010","3","true","false","false","exact","4d84ba40-61ef-4a35-bba9-fe4edea1ac4d","04e0a2e8-fe4b-45c9-b829-113a759679dc"
"zh-cn","151c","4ac898f0-1fb0-4dac-826a-837928533df3","37c42dea-1d5d-4558-9875-3d4c31f73e9e","013","3","true","false","false","exact","37c42dea-1d5d-4558-9875-3d4c31f73e9e","d5754abc-25ec-4ce2-ade9-a95f23b8e24c"
"zh-cn","151c","51d46e48-ea0d-467b-8871-323e14e51ac3","56109db5-45c0-49d9-8518-8443b3857736","022","3","true","false","false","exact","56109db5-45c0-49d9-8518-8443b3857736","a824628d-00fe-42d5-abee-3bd504985aaa"
"zh-cn","151c","1654f862-334b-4303-8196-fedcb86ce45e","353bd6a3-d0c8-4893-8645-8d27737498da","027","3","true","false","false","exact","353bd6a3-d0c8-4893-8645-8d27737498da","57387c71-1b3a-4209-a72f-f71bd3793d74"
"zh-cn","151c","024b62b7-e0a7-46ef-8feb-e60ef142c611","3964b97f-0bd9-4ff9-a45c-955f2d7b8f34","029","3","true","false","false","exact","3964b97f-0bd9-4ff9-a45c-955f2d7b8f34","635ffbd3-a346-4843-a94f-10063a3b6477"
"zh-cn","151c","47e865ad-1e28-4099-a70e-3d9bfaeeee91","559cd768-29e7-477b-9deb-f9ce3be2a83f","030","3","true","false","false","exact","559cd768-29e7-477b-9deb-f9ce3be2a83f","fac99c7e-f515-442f-a151-a6bfd08f40f8"
"zh-cn","151c","182a030f-ec2e-48d1-8833-9eec9746ae47","405b6f18-79fe-4c53-8ab8-254c815e70fd","036","3","true","false","false","exact","405b6f18-79fe-4c53-8ab8-254c815e70fd","4b11bd89-0f6f-403c-9492-8af75e9c9d60"
"zh-cn","151c","79a5f6a5-bec6-4cd6-8b3b-243207394f28","61b39ae9-078d-466d-a5e0-24017a123d5f","041","3","true","false","false","exact","61b39ae9-078d-466d-a5e0-24017a123d5f","e0faf661-6047-470c-966e-51c2b839c37e"
"zh-cn","151c","ccda5810-4812-40d2-b8c1-dc20415f4fb5","33812110-5bd8-4541-9719-3c6397528239","044","3","true","false","false","exact","33812110-5bd8-4541-9719-3c6397528239","b940b054-315b-478d-b95f-921e27343b78"
"zh-cn","151c","7d4dde1c-0fb4-43ad-9060-c159f0493a00","59ae5337-3b36-4509-9858-2436f0bd6671","046","3","true","false","false","exact","59ae5337-3b36-4509-9858-2436f0bd6671","4aaacb5d-54f8-4291-9331-852234e1f950"
"zh-cn","151c","9e094018-0059-46d6-abf6-66aa42c691b2","4ccafbef-b884-496e-b6fe-d7832573ea1d","047","3","true","false","false","exact","4ccafbef-b884-496e-b6fe-d7832573ea1d","171632f9-1179-4a70-937c-ba917a732397"
"zh-cn","151c","33111e91-582b-4cf6-9e4d-fff17cc377ca","43007750-f725-4107-97a2-850fe5c349d9","049","3","true","false","false","exact","43007750-f725-4107-97a2-850fe5c349d9","0331b50a-3799-4eeb-a9d3-76778662409a"
"zh-cn","151c","5c0324ac-27e3-496c-843a-d3e4664c9353","51a7b7bb-bfe9-4277-b92e-3816585d2fc4","050","3","true","false","false","exact","51a7b7bb-bfe9-4277-b92e-3816585d2fc4","f46f3cde-e0bb-4ef9-92b2-25ffb9b9f700"
"zh-cn","151c","637a31dc-8425-4f41-9618-3527835a0d24","36513af8-6753-45e0-9601-ea92ad38ca3e","054","3","true","false","false","exact","36513af8-6753-45e0-9601-ea92ad38ca3e","8257666d-e023-46cf-84b9-906173a33a55"
"zh-cn","151c","5bdd5645-6772-43f8-bb33-e981fa99243e","4d0d0c55-5e13-404b-9aba-04dc98bb2ce5","059","3","true","false","false","exact","4d0d0c55-5e13-404b-9aba-04dc98bb2ce5","a22fb425-3dac-49d5-b092-fa04db893900"
"zh-cn","151c","d35f2cb9-8e22-4701-aace-c4556e6e856e","409a0143-dc63-44f6-9bd5-b50683c03ef3","071","3","true","false","false","exact","409a0143-dc63-44f6-9bd5-b50683c03ef3","740b0f56-2a30-489b-ab43-7ac9bce54f4c"
"zh-cn","151c","d7a751ca-3c3b-4a68-a3db-0e7e7a7b8a92","5691d324-85aa-401a-9ffb-b9d7ac8885f8","081","3","true","false","false","exact","5691d324-85aa-401a-9ffb-b9d7ac8885f8","6d1e01af-f449-467f-b059-467d961926a9"
"zh-cn","151c","c285cc6d-8418-4c77-ba42-a0bfdd5749c7","43a002af-ea35-4986-9db6-99e1325d4315","083","3","true","false","false","exact","43a002af-ea35-4986-9db6-99e1325d4315","d46b708d-b31b-4993-a2ec-d942d73fc177"
"zh-cn","151c","11443d69-0f45-4b24-b8e4-8d994e6f9cfa","5c56345c-41f4-4241-8342-a6abf78a9738","084","3","true","false","false","exact","5c56345c-41f4-4241-8342-a6abf78a9738","a863982a-756d-4904-b558-cd1fe20d015e"
"zh-cn","151c","6af5324c-888e-4f53-8361-7b3ea71ffc32","489192fd-39b0-4615-8600-76dfc6482157","087","3","true","false","false","exact","489192fd-39b0-4615-8600-76dfc6482157","60e51072-43ad-4db0-b265-564f535cca0a"
"zh-cn","151c","4cdfc55d-5e8d-4a2d-9364-a1f2f10d3b1a","3c9a212f-0c99-434c-9d75-676ec74b68a4","089","3","true","false","false","exact","3c9a212f-0c99-434c-9d75-676ec74b68a4","47f5fb46-714a-4c0c-a8cb-7a55dd3ddee6"
"zh-cn","151c","a62da77f-adec-41aa-b56a-ca21bccb07fa","47fdb781-385c-4fe2-a0b7-5d758484adc7","090","3","true","false","false","exact","47fdb781-385c-4fe2-a0b7-5d758484adc7","ffd46a60-dfcb-426c-a2e5-2cf625844c79"
"zh-cn","151c","eceaae38-0950-4dec-8894-3b8681700b5d","3e4c3878-722a-4393-a940-fa0dbacf5265","091","3","true","false","false","exact","3e4c3878-722a-4393-a940-fa0dbacf5265","a311fb08-966c-4358-bbe8-b1d5109ba880"
"zh-cn","151c","c2933298-8b3e-46bb-8331-bda7245eea5f","5583e333-7465-4c22-aa51-1124c31888d7","098","3","true","false","false","exact","5583e333-7465-4c22-aa51-1124c31888d7","6d0a7415-069d-46d7-a787-5383d4336e99"
"zh-cn","151c","2fc025cc-dd4a-4594-89f7-8c494da7cc96","3aff1e71-b97e-4648-9d5c-6d15addc387c","101","3","true","false","false","exact","3aff1e71-b97e-4648-9d5c-6d15addc387c","0243e7d7-d1c3-45b1-ba36-6f901afa0f4c"
"zh-cn","151c","c4b84211-133f-434e-bd1f-ead0119df6b0","49f7b3d1-bcd5-4b1a-9af7-fab442a046b0","105","3","true","false","false","exact","49f7b3d1-bcd5-4b1a-9af7-fab442a046b0","f07e8f75-b2b1-49c1-99ac-fdb58222f793"
"zh-cn","151c","41cb5576-3c36-422a-8d3f-0f6fded84daa","4e66d426-31e4-4a36-9fa2-2261deb19fb3","107","3","true","false","false","exact","4e66d426-31e4-4a36-9fa2-2261deb19fb3","ab86f75d-d189-4a17-9854-b1c7d6196abd"
"zh-cn","151c","6c54edb4-2c16-4412-a711-1b666b1a9896","44c09ec8-1e03-44d3-b0be-655a4ced7b40","112","3","true","false","false","exact","44c09ec8-1e03-44d3-b0be-655a4ced7b40","d2ecbedb-8518-46eb-88c0-5b9d7db41b16"
"zh-cn","151c","afe31ce8-ffaa-4bf7-86dc-e0e004527d1c","499e33bd-eb51-415d-9f56-abfc9fd6dd37","114","3","true","false","false","exact","499e33bd-eb51-415d-9f56-abfc9fd6dd37","2cf07139-228f-4c66-a07c-ee4d154ef9a4"
"zh-cn","151c","b818b0b5-89ce-496d-a4d6-2ff5c659f47c","5865e18a-eb03-4886-8481-835390013ef3","128","3","true","false","false","exact","5865e18a-eb03-4886-8481-835390013ef3","c4cb1630-08ca-4e7c-a38a-7de52f61afc3"
"zh-cn","151c","538e1747-7d02-4345-8e9d-d4d9f3af4451","62d0914b-e4a1-44aa-b4cc-66716e6735c1","138","3","true","false","false","exact","62d0914b-e4a1-44aa-b4cc-66716e6735c1","b8679c5e-c926-49ed-a21a-99754c6083f9"
"zh-cn","151c","f90c8cfc-c6c2-4498-ad9b-880ba5210b1b","355f23b6-a699-4f23-b7b1-efba1b03cb37","142","3","true","false","false","exact","355f23b6-a699-4f23-b7b1-efba1b03cb37","f2efcb7f-5dd9-4e06-9967-700c665ce4a6"
"zh-cn","151c","1d53a204-587c-44ac-83fa-ae48fa4b3f83","34bd0c31-6d8a-4f30-a516-98a7e6686b5a","144","3","true","false","false","exact","34bd0c31-6d8a-4f30-a516-98a7e6686b5a","4efb7732-9782-4039-b265-3a65f1f0601b"
"zh-cn","151c","04cfeccb-ba38-452d-b364-ef529b3bde50","35644209-85cc-4b53-9f6f-1bdfbcbbb57f","153","1","true","false","false","exact","35644209-85cc-4b53-9f6f-1bdfbcbbb57f","08af7781-5b4d-4fc1-b9cf-bad52e04cb99"
"zh-cn","151c","7517d187-4d3f-4003-a859-70f5d8508523","3f5140e2-33c4-4e89-a444-b40d9505ff85","161","1","true","false","false","exact","3f5140e2-33c4-4e89-a444-b40d9505ff85","ef0a107b-0244-4b10-8a58-263c9ec5a212"
"zh-cn","151c","03ce7c85-5354-4fa1-905d-366aad5074c5","4d74dd01-88ec-4a5a-bf3b-964ca14ab0cf","169","1","true","false","false","exact","4d74dd01-88ec-4a5a-bf3b-964ca14ab0cf","d165489d-f3e0-4897-ad0a-e0b8d892c9c9"
"zh-cn","151c","d18c32a4-2fc5-4445-9914-7e69d85c66a7","3a2c9df5-244a-49bc-9af5-6ed1621da4fe","173","1","true","false","false","exact","3a2c9df5-244a-49bc-9af5-6ed1621da4fe","f71ad82e-0cfa-4238-8582-83f8462fa997"
"zh-cn","151c","79ec71f6-7f67-4660-a7e9-26b57c0788af","32b29743-b34d-4b00-8c1a-6bd8f667b674","175","1","true","false","false","exact","32b29743-b34d-4b00-8c1a-6bd8f667b674","8cdde187-d2c8-4c1a-881b-740297f6f717"
"zh-cn","151c","e656d77b-0211-4b36-a3af-a8b1476abd78","345c6a38-3ac9-4efe-8178-74d0cb5c44dd","186","1","true","false","false","exact","345c6a38-3ac9-4efe-8178-74d0cb5c44dd","107cd0e2-914b-408b-a9d0-2c93fc352415"
"zh-cn","151c","2ec8244e-cbf2-469c-ab26-03bb000e47d3","4cd92202-177d-40ae-acf6-b30baaa0bf7f","189","1","true","false","false","exact","4cd92202-177d-40ae-acf6-b30baaa0bf7f","b68a643b-4099-4381-8784-20163d4da84c"
"zh-cn","151c","6462c90f-c630-48bf-a621-357c13ab1ee8","6cbe2713-5739-45a8-8961-578e6799ed8a","006","1","true","false","false","exact","6cbe2713-5739-45a8-8961-578e6799ed8a","ca54dccd-6f7f-48b3-b959-8b5f3137bb7b"
"zh-cn","151c","218e9bbe-0a71-4491-80f9-5f2010061df2","75800d68-5500-4560-a076-fe29d2502365","008","3","true","false","false","exact","75800d68-5500-4560-a076-fe29d2502365","3b07533e-fe1b-4a40-ac6c-3ba965d39ade"
"zh-cn","151c","000da44b-cfe6-4e51-ae90-1f029890d6de","790121be-f0f0-41aa-873c-fb4a4099770f","011","3","true","false","false","exact","790121be-f0f0-41aa-873c-fb4a4099770f","f954a2cb-23d4-4dd9-80bc-532c30a252ea"
"zh-cn","151c","db383212-187e-42a0-9241-4f03d1047765","98803925-77f4-450a-8016-061a07f3b6d3","014","3","true","false","false","exact","98803925-77f4-450a-8016-061a07f3b6d3","0ec985eb-2a34-452f-8dfa-1ca867d2c05c"
"zh-cn","151c","19b1778a-095c-4caa-b13a-485d8676601a","8b063c9f-ada4-4c03-9625-4e24c46dde7d","024","1","true","false","false","exact","8b063c9f-ada4-4c03-9625-4e24c46dde7d","cac01d8e-7dd2-4db3-af81-8b86d9e8fa42"
"zh-cn","151c","17d26483-90d6-45a4-960f-6edced427ad8","6d346572-efa1-4e28-ac7c-be47db28820b","045","3","true","false","false","exact","6d346572-efa1-4e28-ac7c-be47db28820b","5917e4dc-7b37-40c6-82cb-bb11c85ddb5d"
"zh-cn","151c","413bb512-4bca-4687-9e1c-a3be31dd77b7","8fe63807-c621-4a02-a3e8-cfbb1ef90832","053","3","true","false","false","exact","8fe63807-c621-4a02-a3e8-cfbb1ef90832","f8ce5586-5f43-4ca9-8f6b-3d41d21733a0"
"zh-cn","151c","f06e688e-4364-44ae-9817-eab3b8fe9c46","8d1dc520-74a9-4fd7-8e38-f7b37936a37a","057","3","true","false","false","exact","8d1dc520-74a9-4fd7-8e38-f7b37936a37a","5a084148-1d83-4c53-8244-0c637a7fb872"
"zh-cn","151c","181d4be0-70f2-4fb3-b4a9-33c05246f876","73899851-da77-436c-bded-a0f36c234bb5","061","3","true","false","false","exact","73899851-da77-436c-bded-a0f36c234bb5","fe1a92ac-1ebe-4766-afa1-de5fc68e6496"
"zh-cn","151c","db60d167-f127-4efa-9d18-7be5d490444c","6a16e501-fe98-4d59-a760-a1bd370cac50","068","3","true","false","false","exact","6a16e501-fe98-4d59-a760-a1bd370cac50","a4d10544-16d6-4ed4-95b2-9a34caa365e0"
"zh-cn","151c","e4b35e2c-6f7d-4e3f-97ed-4af8327219d7","7bb1e3f0-e393-454c-8b77-30608475bc7c","070","3","true","false","false","exact","7bb1e3f0-e393-454c-8b77-30608475bc7c","50435431-42eb-4ad6-8bd6-92f43fd7904a"
"zh-cn","151c","f55ca975-5af8-44c2-b50c-0e2efbd19656","6df0e4b6-316a-4653-8bb1-7c0c1be4b641","080","3","true","false","false","exact","6df0e4b6-316a-4653-8bb1-7c0c1be4b641","1ac36d2b-1af0-459a-a680-f31f4f3ebd95"
"zh-cn","151c","13d96da4-88f6-45bf-bcd6-661e575456d2","7829b3e4-3f47-43dd-9602-ce0184ce895e","096","3","true","false","false","exact","7829b3e4-3f47-43dd-9602-ce0184ce895e","6ccb54b2-f174-47bb-825f-047eb130a49d"
"zh-cn","151c","51a97b0a-d377-49ce-9dac-928cc8bf5292","7d59e43a-4228-4a61-80c9-1da7ff72a037","097","3","true","false","false","exact","7d59e43a-4228-4a61-80c9-1da7ff72a037","a2aad2b8-6bb2-49fd-a6c1-b1efde4edd31"
"zh-cn","151c","7345ddbc-4c68-4304-9b3a-bb4219beb59d","803c3d77-6534-405e-b88b-d137cb419277","100","3","true","false","false","exact","803c3d77-6534-405e-b88b-d137cb419277","f33a1190-bdd1-4669-9c4b-14a99f746cf2"
"zh-cn","151c","b9c9176d-bf6a-49fc-8973-f6a406be2a5a","87b628c9-2049-4e9e-9d5f-9aae3da23e39","102","3","true","false","false","exact","87b628c9-2049-4e9e-9d5f-9aae3da23e39","c554d7b9-4574-4911-9ee3-45d2bdd17f3d"
"zh-cn","151c","b018c1b0-3513-490d-a27b-fa6a36f605ce","82f63533-8da9-4af5-962a-34f5478e0826","104","3","true","false","false","exact","82f63533-8da9-4af5-962a-34f5478e0826","9f0611c5-9ea2-4fd5-aaf2-bbfec63f961d"
"zh-cn","151c","57dd745d-7c3e-4b9b-a64d-6d192a4117aa","6c497a54-674e-48b2-9889-ea33173f1741","111","3","true","false","false","exact","6c497a54-674e-48b2-9889-ea33173f1741","589a8f8a-2073-4615-bb83-792c21900639"
"zh-cn","151c","e1dea669-229b-457d-92e6-37d08d838f89","6aae4d0e-3803-4b3f-801e-1e4cd4ecb17e","120","3","true","false","false","exact","6aae4d0e-3803-4b3f-801e-1e4cd4ecb17e","e66202f6-adb9-4d49-936e-82be32bdb185"
"zh-cn","151c","273b9b62-ea4b-4c95-bc20-293991f33fb9","7ad2dea8-36af-4831-99a9-2b7ff3fc5e6c","121","3","true","false","false","exact","7ad2dea8-36af-4831-99a9-2b7ff3fc5e6c","20396c6a-91b4-4781-9496-0b7fb7e8e476"
"zh-cn","151c","a7b2981f-6a47-4c1d-a03a-64626648789f","819c5d5d-11ff-4216-9ceb-05c11f2c4ed6","143","3","true","false","false","exact","819c5d5d-11ff-4216-9ceb-05c11f2c4ed6","09b6cc0a-e935-41d6-9684-4c1f7f417ea5"
"zh-cn","151c","e0c18817-fe58-4381-84f3-c1a03ca2a155","7a9432dc-238b-453a-a2e4-b36a82656c72","151","1","true","false","false","exact","7a9432dc-238b-453a-a2e4-b36a82656c72","f1e32139-f518-49fc-8684-47bac1e6dbb8"
"zh-cn","151c","ebed822f-a2bf-4a52-9eb7-a22e9cc8549b","9635467c-ad82-4fc6-8cf3-f6be8b2c2eef","154","1","true","false","false","exact","9635467c-ad82-4fc6-8cf3-f6be8b2c2eef","24141675-f102-42b1-b4db-c9e349d20140"
"zh-cn","151c","f182106e-50b4-4e6c-80b4-37e373525f7c","64f273bd-c5b4-4711-8a65-8012198b9ff6","165","1","true","false","false","exact","64f273bd-c5b4-4711-8a65-8012198b9ff6","f07a390f-4576-468d-9fe7-6d26d91f2888"
"zh-cn","151c","967fcb80-e598-424a-a760-73317639462b","805686a5-7406-4ff3-854c-0589f440b1d9","176","1","true","false","false","exact","805686a5-7406-4ff3-854c-0589f440b1d9","49df8d19-9ef8-4bec-909f-e5480fcfc2ce"
"zh-cn","151c","9ae2c5ff-efe2-43f9-8dbc-50515858c813","9178826c-13d4-408f-90ad-856621639fad","179","1","true","false","false","exact","9178826c-13d4-408f-90ad-856621639fad","6bae51ec-0786-4d3e-ae49-3d66c925ba75"
"zh-cn","151c","bb6d9b6f-3815-4850-b70e-d8fa34ca690d","6ed0b3f5-d98a-48c1-b236-d8e8c246b4b3","181","1","true","false","false","exact","6ed0b3f5-d98a-48c1-b236-d8e8c246b4b3","e821865c-c5cc-41da-8f44-65b8fe31b2ab"
"zh-cn","151c","7cb72d73-e075-4a92-8cdb-a62878852792","75da4c6d-607e-424b-88d0-0a3f21f4be7b","182","1","true","false","false","exact","75da4c6d-607e-424b-88d0-0a3f21f4be7b","ab655889-b418-4e14-86e2-f469510e9a25"
"zh-cn","151c","59a6a877-1ae1-49b1-bdf2-a11bf8594bc8","8d2524d8-e521-4091-b3e2-27c4f50ef927","184","1","true","false","false","exact","8d2524d8-e521-4091-b3e2-27c4f50ef927","94077ce3-811d-4b11-bf2e-ee150ea103dc"
"zh-cn","151c","60249756-bb15-4a7f-94ea-757b5a7a13a2","9a793acc-f1e4-4bfc-9825-cf3a696dece0","192","1","true","false","false","exact","9a793acc-f1e4-4bfc-9825-cf3a696dece0","7324a5d6-2ba8-4e36-84fd-8ed975eab3a6"
"zh-cn","151c","27a2df32-7c7f-48ea-a00e-8adac85a31c4","9dd6a05d-99b3-4fda-a87c-319559446853","026","3","true","false","false","exact","9dd6a05d-99b3-4fda-a87c-319559446853","28c5a4d5-431e-431f-89ba-80636caeee39"
"zh-cn","151c","7bda542e-bb6b-4a74-b11d-5af52677c09e","c1de8af4-5748-42c5-b3d9-2a4852dad4d2","031","3","true","false","false","exact","c1de8af4-5748-42c5-b3d9-2a4852dad4d2","cf357dbd-40fc-445f-b941-25b5abf3eed2"
"zh-cn","151c","3a51d0f8-0a1c-4e0b-962f-422107fd2ded","a4f9d746-8500-4cf9-9308-babcab40c533","048","3","true","false","false","exact","a4f9d746-8500-4cf9-9308-babcab40c533","17cb0508-3f75-42da-8ee0-99eede8d2254"
"zh-cn","151c","69028554-80c2-4389-b9c9-1c2b6198e372","c224252a-0d64-45cf-9b25-950bf234ef6f","056","3","true","false","false","exact","c224252a-0d64-45cf-9b25-950bf234ef6f","e074c1dd-e664-4417-a50c-b1733c006485"
"zh-cn","151c","0e42786f-3315-4be2-83ff-8995ab00c856","c844cc3e-5535-49d0-b637-42f771d6beb5","062","3","true","false","false","exact","c844cc3e-5535-49d0-b637-42f771d6beb5","a823693d-a84c-4744-a47e-e36da3c8740d"
"zh-cn","151c","c893fb73-97bb-4a10-95ee-8537bed62189","b0be193e-86a9-4989-b0bc-64d7ec49d84d","065","1","true","false","false","exact","b0be193e-86a9-4989-b0bc-64d7ec49d84d","00e8287a-2ec0-4cd8-8302-1bfa667a3745"
"zh-cn","151c","f7708613-5449-4148-8206-58c7fed2dcf7","b5b39ca4-58f7-4e0b-b933-6c6dd23042f5","073","3","true","false","false","exact","b5b39ca4-58f7-4e0b-b933-6c6dd23042f5","a61fb025-c08f-406c-8480-ab02566e77f7"
"zh-cn","151c","19703bf5-0aa2-4f51-8432-9f5820b1ad3f","9e427897-881f-4562-827d-483fec34bbc7","076","1","true","false","false","exact","9e427897-881f-4562-827d-483fec34bbc7","bd1d0cbb-4194-4ff9-a796-63abbdb95c9b"
"zh-cn","151c","9914e86a-14a7-4c6a-99f6-29387d0accba","b45520e8-d729-4124-9354-e70ea9562c5c","078","3","true","false","false","exact","b45520e8-d729-4124-9354-e70ea9562c5c","784a8e4e-0864-4790-8fdc-79b94bbfa045"
"zh-cn","151c","65f85f11-b7ae-4e3a-94f8-e2693b1e209e","9dd59ded-2467-40b6-a690-1afbaa6d6a6e","113","3","true","false","false","exact","9dd59ded-2467-40b6-a690-1afbaa6d6a6e","e8afc1ba-2183-495c-83d3-d433b47e7c5b"
"zh-cn","151c","993be096-f9a5-4277-98ae-f3658110db32","a6b18fe7-d276-4b00-9e39-72eab4229574","124","1","true","false","false","exact","a6b18fe7-d276-4b00-9e39-72eab4229574","0914be82-9f84-41d1-b649-ad2212efe05f"
"zh-cn","151c","8c7e3e90-872a-4ec2-8bb4-358ed59b4ffc","9f64126c-dce0-4c1f-86ba-9ebc231a3ea6","125","3","true","false","false","exact","9f64126c-dce0-4c1f-86ba-9ebc231a3ea6","01fb6740-9638-4a32-bdc9-e118aeb22eae"
"zh-cn","151c","db664c56-b1f1-45c2-8292-0ec558543cde","a6a9ffa1-e797-470b-8420-f6d797ac5a6d","152","1","true","false","false","exact","a6a9ffa1-e797-470b-8420-f6d797ac5a6d","7f2a7c81-0d31-4999-8b9f-92cc57ba4850"
"zh-cn","151c","1e0573ad-b8a7-4eb0-8b92-26f274027e2d","ca72e930-1a23-4345-9ebb-0a66234ffa79","156","1","true","false","false","exact","ca72e930-1a23-4345-9ebb-0a66234ffa79","d8800d6a-b107-4f8d-9184-a511f4343be2"
"zh-cn","151c","fbf41363-1f0c-4124-ae8f-2bf8c5da3fbe","caa7d575-3e1e-494c-88b5-1e53be8895aa","160","1","true","false","false","exact","caa7d575-3e1e-494c-88b5-1e53be8895aa","d6c7b75b-56e0-4f5c-85ea-f63005d54d06"
"zh-cn","151c","7a060a33-cc44-40ed-8d0e-740381ce7bc7","afa0df18-496a-4a7a-9087-3fa8725f2a11","164","1","true","false","false","exact","afa0df18-496a-4a7a-9087-3fa8725f2a11","ab34f9c3-261a-404c-a150-95bd236fe040"
"zh-cn","151c","c18e764a-3cd8-40d7-814c-4c0f89c89957","acfe4eb9-8f93-4d85-af1e-53e11967beb5","166","1","true","false","false","exact","acfe4eb9-8f93-4d85-af1e-53e11967beb5","b9b21982-6d8a-43bb-8db3-9a723306ba4d"
"zh-cn","151c","58da49f6-87fe-4416-8cf5-d623233a9a89","a4067582-69d1-4589-b126-45bd23d68b4a","178","1","true","false","false","exact","a4067582-69d1-4589-b126-45bd23d68b4a","57e78f17-da20-44a3-95b7-58dde97b9bb3"
"zh-cn","151c","fd30d260-8e9f-4567-9c9b-e8040981f483","b684d08e-0241-46b8-bef7-2427b203512b","188","1","true","false","false","exact","b684d08e-0241-46b8-bef7-2427b203512b","cbfae5d8-9207-451b-b44a-5529d823976d"
"zh-cn","151c","57f5ef14-c9f7-4e2e-b1d4-1a59e33c7169","e118d706-662b-4398-913b-ed9117e7aa94","003","1","true","false","false","exact","e118d706-662b-4398-913b-ed9117e7aa94","ef7503f8-a9e9-4b16-b07e-968eafd8757e"
"zh-cn","151c","0c20cc7b-acb9-4d67-bbcf-b81b85aa4c8f","ce3f966e-255a-483b-824d-5c76d832a5be","009","1","true","false","false","exact","ce3f966e-255a-483b-824d-5c76d832a5be","b8c9c815-e87c-4847-beb6-8b8840e5d717"
"zh-cn","151c","522556b3-150b-4b87-9fd1-37052a11aefe","de7ce603-a126-4b44-a743-29671e76c204","145","1","true","false","false","exact","de7ce603-a126-4b44-a743-29671e76c204","76c4ee6e-9044-4d27-aa28-34e023be8283"
"zh-cn","151c","8662be87-c649-4512-80d4-773de5d30f26","f09dc155-f1c9-4007-8f9d-7cbc8aca776e","158","1","true","false","false","exact","f09dc155-f1c9-4007-8f9d-7cbc8aca776e","72007c31-8eac-42f4-807e-977fb3c4b387"
"zh-cn","151c","9b572fe4-1c4a-4fd3-b8c2-295e94bf8f1e","e21b0d4f-b7c9-4965-9042-35ce0ce5f23e","159","1","true","false","false","exact","e21b0d4f-b7c9-4965-9042-35ce0ce5f23e","c35359a6-220c-4d4d-82ec-8d7ae88511e1"
"zh-cn","151c","943f6184-303f-4fee-a39b-ae44a8cf4500","f757a90e-f669-4594-8e6e-e21f6a3472ec","162","1","true","false","false","exact","f757a90e-f669-4594-8e6e-e21f6a3472ec","aecf426b-54ae-4b6f-bb58-182b83f45558"
"zh-cn","151c","40a2ba61-4dbd-4603-8b49-6e81fa16191b","cd7f5a1c-890b-48d8-8bf7-fe5db864c180","163","1","true","false","false","exact","cd7f5a1c-890b-48d8-8bf7-fe5db864c180","9e506f94-340c-46a3-914e-5b61ce761349"
"zh-cn","151c","77cc9097-718d-41a4-9af4-8240dd3d7579","e0953011-b35b-49e7-9e8a-8f635bcaa751","167","1","true","false","false","exact","e0953011-b35b-49e7-9e8a-8f635bcaa751","322ab91b-6820-44b2-96d7-e2fb7ce3c7e0"
"zh-cn","151c","fc724b37-c678-4379-9850-55a6b9fef9cf","d075cae9-82d7-42b3-880f-1bc0a834dd4b","168","1","true","false","false","exact","d075cae9-82d7-42b3-880f-1bc0a834dd4b","4616d5a7-6975-4102-9eae-910ba378b1a0"
"zh-cn","151c","b0a8e136-da8f-409f-8773-66592f77e21a","e691aedf-58a7-48e7-93d0-394af190cc32","171","1","true","false","false","exact","e691aedf-58a7-48e7-93d0-394af190cc32","cc1aecb3-a238-43a4-af19-9fe7391b17d6"
"zh-cn","151c","852c90fd-4539-47a1-8e6e-2a5901160bb2","d386dcaa-9cb9-4c98-9ffb-9d9b23551cc1","174","1","true","false","false","exact","d386dcaa-9cb9-4c98-9ffb-9d9b23551cc1","fbcd48ec-43f4-4235-ae92-53eeb78271f1"
"zh-cn","151c","2b52f497-c0be-4f64-b615-44fb5523f2e2","f48b3295-d21e-4fcc-a622-5309bed57bc0","177","1","true","false","false","exact","f48b3295-d21e-4fcc-a622-5309bed57bc0","d8435b64-97e5-498b-946e-9375ff8d521f"
"zh-cn","151c","4b50993e-6fe6-47be-9c83-8cc8e698b4ec","d7cde7f4-7dc7-443d-afa1-5e645557d144","180","1","true","false","false","exact","d7cde7f4-7dc7-443d-afa1-5e645557d144","3363a47b-6499-4c3c-95c8-864f323cae52"
"zh-cn","151c","aa0c30a7-a9b7-4825-bb14-fe87c357d9eb","d242ab04-7635-4b19-8006-c1ce2d5e6630","187","1","true","false","false","exact","d242ab04-7635-4b19-8006-c1ce2d5e6630","b05d3e08-31b1-4b29-ae18-00125fcbee79"
"zh-cn","151c","ecf5465a-ba2d-451e-9154-24c98b651939","d09b4906-09d5-4f5d-a471-ccfece364f52","191","1","true","false","false","exact","d09b4906-09d5-4f5d-a471-ccfece364f52","3d24ce7f-23ee-400b-bf64-25ff3430c92f"
"zh-tw","SV2a","8fd98670-3d99-4b32-bd3b-178e57c7ba44","140117ad-974a-4ee2-bd55-090113a67f6d","001","2","true","false","false","shared","fc7a9864-ab12-47ea-94f1-abd0d6ffa21b","182ceb7d-d8f3-4d70-b1b4-057110158e4c"
"zh-tw","SV2a","a711d8f0-1998-437c-b0bf-35348e8d6b03","30c52631-4fe0-4624-b00c-f1c3fe3f44f3","002","2","true","false","false","shared","202f7641-ccb2-42b9-be2c-d9b3f70e8c40","87be7635-5390-43bd-bc01-8f52ab05688d"
"zh-tw","SV2a","215a3918-8e32-42c9-a0d9-f2aded048ec3","2f9732a3-9e66-42b6-abd7-22b24a3032f1","005","2","true","false","false","exact","2f9732a3-9e66-42b6-abd7-22b24a3032f1","6b1e0c58-e366-48d0-90e3-36e70efebbf7"
"zh-tw","SV2a","b3b5c60d-65b0-48c5-a29e-0d2944cc5d10","1cc45a05-6db9-4939-b8b9-7307981b7dc1","011","2","true","false","false","exact","1cc45a05-6db9-4939-b8b9-7307981b7dc1","092e635b-622e-4e54-9a8c-07c0034279ea"
"zh-tw","SV2a","dffd966d-9a54-490e-8c5c-63d583a4c788","14fd0e6a-9029-49e2-85ea-99ddffffdfdd","013","2","true","false","false","exact","14fd0e6a-9029-49e2-85ea-99ddffffdfdd","413ff7fe-c176-41c1-b097-8b1df6cbb36b"
"zh-tw","SV2a","66c8ee3e-96b3-4ef0-927c-2e294538d6a0","140173cc-528a-4fe6-83ab-4164ad12e298","014","2","true","false","false","shared","4ce0e740-5a22-4023-be31-70e92c604681","980d22cf-8b4b-4f04-8e94-315a12cc9995"
"zh-tw","SV2a","e06de0d6-1d48-43e2-acc8-c3e9531582a6","32991789-a879-4d7b-936c-c9056847bb2b","015","2","true","false","false","shared","63fb2101-36cb-4484-ba7d-42cebe273855","29de91a7-d4c3-40e9-8c61-0a4a218af860"
"zh-tw","SV2a","b730ffe0-1c9c-431e-802d-eb24ec501b3d","358afd4b-9b73-4328-84a4-873daa77b634","016","2","true","false","false","exact","358afd4b-9b73-4328-84a4-873daa77b634","1698b547-97d5-4c0a-be10-b8b7fdc70bfd"
"zh-tw","SV2a","6f2836b7-fd80-41ab-b401-afb9b2d91495","1b50ac76-cc19-4fdd-89f0-3b832cb9afcc","017","2","true","false","false","shared","82cd3b62-3f6e-44a7-893a-af216aa7bf13","c70fea8b-34eb-4c0f-b894-0a5a3c4a3c99"
"zh-tw","SV2a","935b344c-1ad3-4af5-a1b6-dacdd4b6c1d5","12197b29-4c66-4ed6-8841-dcff00698c43","018","2","true","false","false","shared","848c53ed-f190-475d-95d5-a83ea2387141","7bd89f16-ed2e-40f9-b4bd-34c70d5cd161"
"zh-tw","SV2a","af30dda8-172b-43b3-a66f-9cd758c85bb8","0b7fa50d-eb87-4adb-ac78-a47d77e37c8d","019","2","true","false","false","shared","db58eec8-eb54-417f-bc43-79b471bae0f9","a062853c-c19b-472b-a36b-4652caa619ec"
"zh-tw","SV2a","10f359e1-cbe1-416e-8fea-1ca65a88dd16","2fe9665c-6e89-4f66-8370-50eb3dcbcf1f","025","2","false","true","true","missing","",""
"zh-tw","SV2a","0dff7f31-6e73-46a1-a348-2622b76eaf42","00e5c6cd-fd61-411b-92a3-13862472e20f","028","2","false","true","true","missing","",""
"zh-tw","SV2a","8138d55d-02c5-457d-a17f-c0e0f60caee4","272fea17-0027-488b-a094-690345e82f7e","029","2","false","true","true","missing","",""
"zh-tw","SV2a","1e558d3d-0e34-4f03-95cb-cc4031687ce6","2201632e-779b-4fbd-a8cd-f33d2fe28686","032","2","false","true","true","missing","",""
"zh-tw","SV2a","4bcc0ad3-48b4-426e-93c3-5c8befcad204","0ef42353-5897-49d1-ae99-14e97bc2de87","035","2","false","true","true","missing","",""
"zh-tw","SV2a","162fd2ba-f247-485f-8f14-71c49bb8a0d6","0bbb1403-fb84-47fa-bc1a-dc149b0c2f54","037","2","false","true","true","missing","",""
"zh-tw","SV2a","8e733e84-a13f-4bd6-ae88-9d0cedefa93d","3307062b-4212-4b86-9c21-ee25d7e5eabd","038","1","false","true","true","missing","",""
"zh-tw","SV2a","81348774-1934-4875-8ace-adaf3caa6264","0bb907d6-7dda-4b2d-b192-43e16eefc705","042","2","false","true","true","missing","",""
"zh-tw","SV2a","ad316080-3575-40fb-8ea0-f5cb0d803513","1baf0bf1-8e66-42df-af93-138e3c3b6a70","044","2","false","true","true","missing","",""
"zh-tw","SV2a","3940c4f9-93ea-477b-b93c-20815e369aaa","33039a23-4a01-464f-8a30-237136fd9136","045","2","false","true","true","missing","",""
"zh-tw","SV2a","4517a96f-8e90-427c-bdb4-20ef79cc53c5","131575c5-b8a4-4680-b4d2-a34dcf5f4f14","049","2","false","true","true","missing","",""
"zh-tw","SV2a","e91571e3-0391-4afc-9d69-d5107c099d93","08dfdfe7-52a5-433c-a9c8-a393aa4dc4d8","050","2","false","true","true","missing","",""
"zh-tw","SV2a","9d9bb077-a77b-4ae8-b184-4fa303fc8d90","2d15c650-0cab-496d-9a43-85dd2e36462b","054","2","false","true","true","missing","",""
"zh-tw","SV2a","c575a7cb-057a-424e-9217-772bff1943a6","172f6ea6-7f49-4995-a6b6-e6cf53b4cb64","058","2","false","true","true","missing","",""
"zh-tw","SV2a","90de2934-f11f-480d-a8c3-dea21cf50a96","12cf9dc1-4cb0-4385-b784-85962fe2c5ce","060","2","false","true","true","missing","",""
"zh-tw","SV2a","31636f4a-cef4-48fb-bd77-e87f0f7bb17c","0d699b95-58a3-4055-bb16-54b729bd62a4","061","2","false","true","true","missing","",""
"zh-tw","SV2a","21aa4efb-3016-4b74-ab6b-8c8c82d52efd","0e75339a-4795-4d93-b995-8409c3ed34b3","062","2","false","true","true","missing","",""
"zh-tw","SV2a","825c08e4-01cc-477d-b8df-485cacd17efd","3182723a-b271-4701-800c-329f4626e376","066","2","false","true","true","missing","",""
"zh-tw","SV2a","019a06af-b1a8-44d8-b7dd-18a4541deb59","35300e22-4e0e-456f-8929-2e3d3adf8938","067","2","false","true","true","missing","",""
"zh-tw","SV2a","88abddfe-4b3d-4ea4-a2b2-5b000db2b46e","363d2eba-b831-4034-86ba-d2c415e0db3a","068","2","false","true","true","missing","",""
"zh-tw","SV2a","5d474700-4719-4138-acd0-d732910fce8a","10b560ea-ce1c-4f75-988a-71d7879cb1be","069","2","false","true","true","missing","",""
"zh-tw","SV2a","df858dbc-9e4a-483c-94f3-f8a7f7c655b0","0f2847a0-2079-46ed-ae1d-9036f886570e","071","2","false","true","true","missing","",""
"zh-tw","SV2a","87d1e3fa-c50e-449e-a117-f61c116da177","11accf9d-1401-405e-b1fa-6558aa92c310","072","2","false","true","true","missing","",""
"zh-tw","SV2a","55253994-9c78-4623-b34d-585c0ee887a6","0797dd23-2eb5-490c-9326-7337e97db09f","076","1","false","true","true","missing","",""
"zh-tw","SV2a","bdda59a6-28bd-4f07-bee7-4751a52259c3","3d7362d3-24b9-4d37-af07-61c55e74c738","077","2","false","true","true","missing","",""
"zh-tw","SV2a","d15d80f4-283c-4f0c-8e87-2631de3778da","1c4eeb76-9afc-483b-ba63-0a32a1a9d207","079","2","false","true","true","missing","",""
"zh-tw","SV2a","898f6540-24ce-4e9b-90c6-6f4c590f7434","29ebe1d0-744d-4a81-9b87-af4fbb7b578a","081","2","false","true","true","missing","",""
"zh-tw","SV2a","dccc0985-82d7-4e5b-b503-832c5efe8a8c","047ef373-db2a-4555-a096-85c97835c015","085","2","false","true","true","missing","",""
"zh-tw","SV2a","6d6c2869-6dd3-4be5-b778-dfda2f7e765b","2868023a-74ce-4eed-b621-17cb0e107d5e","087","2","false","true","true","missing","",""
"zh-tw","SV2a","c2270dd0-1847-4156-9ed2-7ebd9097822f","3da9be1c-0c06-4b0d-8136-7a93148f8f47","088","2","false","true","true","missing","",""
"zh-tw","SV2a","5ccf3511-9ee7-40d2-bdca-763f60350618","31c18654-a020-4e87-b230-6168269325df","090","2","false","true","true","missing","",""
"zh-tw","SV2a","53105b7f-68db-4cce-81f6-8eeaa8b10c30","19af3d94-199c-4b5c-87c1-9082430da670","092","2","false","true","true","missing","",""
"zh-tw","SV2a","a7732090-a80d-4297-94e6-66ea92f7e7e0","1bc0388f-f980-4de0-a384-872f96a5e3b0","093","2","false","true","true","missing","",""
"zh-tw","SV2a","3394e91d-54bc-40c9-a36d-ff767ec52bfd","39c8e42d-817b-4250-83e1-9e80439c3f77","097","2","false","true","true","missing","",""
"zh-tw","SV2a","875043e8-61bd-41a5-8030-51b4f44e2294","0cd9b78d-b4a7-4c61-b732-be3df622be95","098","2","false","true","true","missing","",""
"zh-tw","SV2a","fbcc44c1-c4e4-4d69-8aa5-85ac609428fc","0ae72f49-9bbb-496e-9473-61e6df244ee0","100","2","false","true","true","missing","",""
"zh-tw","SV2a","12c384af-2709-4769-bb6b-2c80f980b4bb","16612936-c73d-4d68-b7f3-3bc5e3ce7534","106","2","false","true","true","missing","",""
"zh-tw","SV2a","98cef578-6c40-40f1-b17c-00dc24f90ef1","0d183dc5-7865-419e-acfe-bfd06fedcf02","108","2","false","true","true","missing","",""
"zh-tw","SV2a","2bf7cf25-3b77-4abf-86eb-c875590f8a53","01550462-bd68-4300-88bc-488d561d22a2","111","2","false","true","true","missing","",""
"zh-tw","SV2a","d91e09f8-5698-4d81-af18-3d28d643ec58","1fef0292-3d51-4375-81ad-03388eeab9fc","116","2","false","true","true","missing","",""
"zh-tw","SV2a","6afed3c3-f3a3-4182-b006-9749be391faa","197a85dc-3e54-4f56-83c0-5344de24a988","118","2","false","true","true","missing","",""
"zh-tw","SV2a","8d05ccb3-f4d8-4d86-8c18-4582e00009b1","1fb71a6d-a328-418b-9702-20cea7d3cd28","120","2","false","true","true","missing","",""
"zh-tw","SV2a","6062f726-230b-454d-9f17-133a61fc1a34","0dd31cd1-0620-49cf-9660-5c1fd0713fdc","126","2","false","true","true","missing","",""
"zh-tw","SV2a","140feed4-664f-4458-8214-8f05c447baed","02721015-6bd0-422b-8656-97885890e8c5","127","2","false","true","true","missing","",""
"zh-tw","SV2a","fe90d5fb-1954-4376-a1d2-70d034c96d65","0c880f0f-cf60-4d39-a073-412434fad5bc","128","2","false","true","true","missing","",""
"zh-tw","SV2a","d4a0b1c7-ee44-40e4-a32b-5da857598b48","2b360031-34f4-45a1-b992-27efd6a45b1a","129","2","false","true","true","missing","",""
"zh-tw","SV2a","d20b4f20-1038-483c-9fd1-17c4770255db","17d47709-4eb0-4df9-9b71-9c56f76632cf","131","2","false","true","true","missing","",""
"zh-tw","SV2a","9034045f-6547-42fc-b948-c89f0430f592","0d2bcc0c-ebc5-421a-9889-9ccd7f4268c1","136","2","false","true","true","missing","",""
"zh-tw","SV2a","0160f4c3-2b55-4fb3-884f-cda11be8a3d5","0cda7bc6-ae30-42d1-b621-d99ab6079071","138","2","false","true","true","missing","",""
"zh-tw","SV2a","dfce1016-75fb-461d-81ba-6fda18f460d6","07af2830-8a98-4df2-8ad1-cb1d7eaee647","141","2","false","true","true","missing","",""
"zh-tw","SV2a","3ff07463-f877-42b9-b274-ff21199dc637","25c519da-b132-463d-9514-1a02158c1a9e","142","2","false","true","true","missing","",""
"zh-tw","SV2a","77c9520a-9cf3-42c4-8815-71ba2baa8086","1a3092e3-0e5d-4ae8-ad74-ede6c8928aee","143","2","false","true","true","missing","",""
"zh-tw","SV2a","dc6ed84c-dc74-4ff7-a28e-afe296713fe6","14c788d5-cab3-48fa-86a9-23d18e5ecd3f","144","2","false","true","true","missing","",""
"zh-tw","SV2a","ec8bf8ea-993e-4b01-ae62-b1179c530fdf","22aa91d6-c6a7-4ab1-a2be-d9e855801d05","145","1","false","true","true","missing","",""
"zh-tw","SV2a","b0562a95-9a33-41a2-9974-b44d25cd3bdb","24b9854f-9900-46b8-9044-e4d73f914765","146","2","false","true","true","missing","",""
"zh-tw","SV2a","5104e5aa-e311-4359-a2e9-dcf18a96e663","346dc4b4-ba2b-4ef0-af49-dcf0f41e4ec3","153","2","false","true","true","missing","",""
"zh-tw","SV2a","3f291979-7b04-4634-a8e4-5ed5d830eb38","0fcd4847-4e9d-4052-b7b2-3dd95bce9d15","154","2","false","true","true","missing","",""
"zh-tw","SV2a","a28efafb-9a22-4f46-b2aa-8cbbe68b6082","1ad59dba-32e2-4347-8d44-c12680607e86","156","2","false","true","true","missing","",""
"zh-tw","SV2a","bc303582-fa6d-43ae-abba-1dbb63df163d","2188916d-d222-462f-81a1-2fbb5bbb7236","157","2","false","true","true","missing","",""
"zh-tw","SV2a","74436e10-0980-4810-b852-43430b9aa332","19fd550b-4a1f-4c2e-80e5-a4ba3dd575b0","159","2","false","true","true","missing","",""
"zh-tw","SV2a","745eaa62-b9f2-454a-8f67-086a43c6833e","30f671c3-6775-4c5f-8360-9836ee76f06c","161","2","false","true","true","missing","",""
"zh-tw","SV2a","cdc6aaf2-08c7-4d5b-ba77-55ee42473968","023bb363-45f4-46c3-ad18-7f8be89761c7","162","2","false","true","true","missing","",""
"zh-tw","SV2a","4ffcbd71-586f-402d-a0b5-80ab49291444","072f3afd-7a91-40f0-8755-d9b8a1f11a21","163","2","false","true","true","missing","",""
"zh-tw","SV2a","fc70c09c-df7f-4024-b24d-e14aa7d64bd7","2d18a769-899b-4df7-966c-1ce9585f7f14","168","1","false","true","true","missing","",""
"zh-tw","SV2a","a588f313-87db-4391-b87b-2921e8972169","0c6df755-3a70-481a-b1e9-f29cfcd4405c","169","1","false","true","true","missing","",""
"zh-tw","SV2a","4ececab5-bd8f-43d2-b2ef-f842631c9dd2","182e025a-dffd-4eba-aff4-bac89795c126","171","1","false","true","true","missing","",""
"zh-tw","SV2a","dfb5cbde-2097-4a03-9b53-5e5fb10f91e5","1fc9e3fe-7d2d-4534-ad14-5c7a9f30412e","172","1","false","true","true","missing","",""
"zh-tw","SV2a","0c13472b-4c12-4c9c-8d94-87e5d026ecfa","2d523364-a16c-40b3-b3da-d9ac8a76ec6a","175","1","false","true","true","missing","",""
"zh-tw","SV2a","fa711990-8baf-4658-82b7-f93cd9a7e1ae","16736adb-81bc-4af8-93ca-d07004524c1f","182","1","false","true","true","missing","",""
"zh-tw","SV2a","4e64f4da-4597-48d9-bf5d-50904684ae9a","0bd2e2c2-0563-4381-9894-2ee7b65110d3","188","1","false","true","true","missing","",""
"zh-tw","SV2a","35f00ec4-805d-4792-a466-0c0556cbefd9","19b0ef95-d490-4b4c-8e78-949e2a6b6187","189","1","false","true","true","missing","",""
"zh-tw","SV2a","049fab90-db19-41b8-affd-7f5a98fd380c","07d39df0-4dc3-4c70-8174-0148af0351d8","198","1","false","true","true","missing","",""
"zh-tw","SV2a","6b977abd-951b-441f-bdf5-b6423233451e","027f590b-189d-4d25-8a80-c9e92feb8090","200","1","false","true","true","missing","",""
"zh-tw","SV2a","87465d50-7990-4240-b564-7b94a5787920","2f776f25-1a1e-4809-8f67-58a5fc18d9cb","203","1","false","true","true","missing","",""
"zh-tw","SV2a","bc60a7b1-6183-44c0-b081-49fbbe35a7b5","564aa000-b9fd-4154-867a-6c1e0cd0b628","003","1","true","false","false","exact","564aa000-b9fd-4154-867a-6c1e0cd0b628","9998a2c5-8d89-4d08-b268-2b3edf39a58d"
"zh-tw","SV2a","e0f0205b-dec6-4115-8231-aa5d4431016b","60dd5b3c-ea2a-41a2-8262-fbb03646f2cd","004","2","true","false","false","exact","60dd5b3c-ea2a-41a2-8262-fbb03646f2cd","3d3f7170-6b70-4dee-93c3-46e1ac30e5c1"
"zh-tw","SV2a","11b9c2ff-7121-4212-9a09-13331212b6ae","55a0e090-69c0-40ed-8ae3-b497ee60484e","008","2","true","false","false","shared","52ababb6-465b-46fa-a910-7eb2341573cb","8fbcc6e7-04a7-4cd2-93ab-81cfd8e31a17"
"zh-tw","SV2a","1dcd0867-4fc0-4d3f-a05f-6b91e22c1b87","546b4225-3b5a-4be0-8b3d-f54f2c585f6a","010","2","true","false","false","shared","7352b100-0875-4a97-ad46-042766d6078d","353b7229-cf65-45f9-8fba-14c6c84af29d"
"zh-tw","SV2a","7a056e59-0267-4a0c-9f49-0f15aafb8267","546a29e6-fafd-4f3b-b606-091cef86c011","012","2","true","false","false","shared","c311cb2d-14f2-461a-9611-8eed797d95f6","1722ee5e-1fa7-4745-ad8c-599f8de686f6"
"zh-tw","SV2a","64fd843f-c8b8-4a7b-a3ad-0bf7cb77df47","86b3bdcf-6d1b-4bac-a7e4-ae4763644f3d","021","2","false","true","true","missing","",""
"zh-tw","SV2a","dd07ed02-a786-4f46-a225-ece0f09bc4c3","761b5cce-9c89-41b1-979e-7bec9579690a","024","1","false","true","true","missing","",""
"zh-tw","SV2a","69549310-bf79-4cb4-8c32-545fcb720a15","56409f79-1128-42c0-8f55-03ab6a1a7ffb","026","2","false","true","true","missing","",""
"zh-tw","SV2a","aea3c4d6-5a00-427f-8acc-fa4120c4392c","5117cd1c-0a66-4de1-aa85-f05e694e84d3","027","2","false","true","true","missing","",""
"zh-tw","SV2a","341b434b-41d8-4f8d-9e67-3bdf00fd2ac3","7b845af8-d589-459e-b219-fbf4fb98052a","030","2","false","true","true","missing","",""
"zh-tw","SV2a","7e48f629-cf84-4b56-8461-8b642b5031c7","8135c10f-39de-41e8-969d-17feb3f2eb4a","036","2","false","true","true","missing","",""
"zh-tw","SV2a","a7f2989a-10a9-4152-8d9c-e36a71037cd9","423e570d-42e3-4b25-9561-89cbae15754e","039","2","false","true","true","missing","",""
"zh-tw","SV2a","d9165ad9-b454-413e-b41c-811213b3939b","4dca8c02-7378-4262-970b-e3e82019a636","041","2","false","true","true","missing","",""
"zh-tw","SV2a","5e712b76-a0c0-4c1a-8f55-a694042ef0a6","43568e1a-42c3-4c68-a425-e6b5e3e3ce18","047","2","false","true","true","missing","",""
"zh-tw","SV2a","3388de4b-f40d-4641-bfdb-51b220acdef9","497a254a-77ea-462f-90cd-5081456493fb","051","2","false","true","true","missing","",""
"zh-tw","SV2a","4ca22448-00c7-4135-ad89-e5d37ebb1290","56c04b00-e1ea-497b-8fa4-cba2adadbd00","056","2","false","true","true","missing","",""
"zh-tw","SV2a","fbeab9a2-ca86-4391-a037-4102fe255b51","5a814ef2-97ca-4ec0-854a-792786c6ba3c","057","2","false","true","true","missing","",""
"zh-tw","SV2a","22ba9e89-0028-45a6-afc2-8cfa876c9432","7ed4502c-caf0-419e-a898-d0513edb3235","059","2","false","true","true","missing","",""
"zh-tw","SV2a","72fea26c-1ab3-4848-9f03-db5fe6769a12","84025fc2-2161-4aca-9aba-55fe8cd0f28f","070","2","false","true","true","missing","",""
"zh-tw","SV2a","8bace6fe-90cd-4bf3-8fc7-6cacfef77b81","56906fef-c8fb-4c99-a30b-73286cc23a91","074","2","false","true","true","missing","",""
"zh-tw","SV2a","bcefb7c2-27eb-4ab9-b7df-19502bd48248","7a8018b1-a0d1-4e48-9bed-a4a204df2798","075","2","false","true","true","missing","",""
"zh-tw","SV2a","eb9d6aa4-af0e-4c16-a7dd-92c4749b8630","8555be25-888a-4807-8f4a-573b52c5ffaf","078","2","false","true","true","missing","",""
"zh-tw","SV2a","33500a8f-5afe-41f7-b04f-016360045130","6d5e9f33-9034-4ba8-bc83-114ec828134b","080","2","false","true","true","missing","",""
"zh-tw","SV2a","dcdf8934-0363-46da-abe9-27b674a7a2b7","54c2c97d-b9a1-4ee0-8eaf-4c003cde48a2","083","2","false","true","true","missing","",""
"zh-tw","SV2a","bf7ce384-2688-476a-8207-bb54ff824493","7f945a01-420b-463d-8ca2-59933e253ef4","089","2","false","true","true","missing","",""
"zh-tw","SV2a","a685d208-3e4f-46b6-a06a-659c1c241924","7256b743-0e0c-4ba7-aa14-81a808eb661e","091","2","false","true","true","missing","",""
"zh-tw","SV2a","20f7bd7a-6869-4843-b02d-b1e6faec6f10","7dde5e78-1a16-4940-ab04-0a5de79e0ab1","094","2","false","true","true","missing","",""
"zh-tw","SV2a","095485bf-9f7a-4e3e-a6d8-08acb64e4e86","5ea8ff7d-05d1-4494-bc1a-34a0d4d57542","095","2","false","true","true","missing","",""
"zh-tw","SV2a","a4d94405-8d3f-42b8-a525-c6eda248253d","6c959c56-9675-4a0f-84f0-360eaa29d196","096","2","false","true","true","missing","",""
"zh-tw","SV2a","42054ee3-85c2-43ec-bca3-988a63f33704","783fab59-33ce-4ec6-8a97-0fc40058eb60","102","2","false","true","true","missing","",""
"zh-tw","SV2a","36f4be0f-45e2-4324-8883-0e695ca54509","80a16966-9240-44cc-a04a-661702edbdc1","103","2","false","true","true","missing","",""
"zh-tw","SV2a","e5624a7c-4a05-44b2-bb22-fc9c79451ad2","5b64f181-80b4-4ddb-b80f-dea5fb5eeeca","105","2","false","true","true","missing","",""
"zh-tw","SV2a","2566babe-2d46-457f-ae89-85040b9ba8ae","3f930a0b-4df2-4401-bde4-87336d8fd6d7","107","2","false","true","true","missing","",""
"zh-tw","SV2a","fa3a385d-35d1-4faa-9ce9-28b4044702af","7f7cd6ae-51a5-4901-8b18-7d17a835ae76","109","2","false","true","true","missing","",""
"zh-tw","SV2a","867c29f1-e04e-4d42-9c35-920c1722607e","42012dfa-7904-4ff0-833e-104d1701aa2b","110","2","false","true","true","missing","",""
"zh-tw","SV2a","c050a72e-e092-4f1c-8e42-489003f382cd","6fbf5ba6-824d-4c03-83a3-b40b7cebfc7a","117","2","false","true","true","missing","",""
"zh-tw","SV2a","102a6366-3b03-477d-8e10-ff8f6ce7868f","7f044906-1e44-45a8-a981-1d772031c05a","119","2","false","true","true","missing","",""
"zh-tw","SV2a","391543ec-cdd6-4215-bf04-2e12510e2f00","73fa5379-09f8-43fd-b3b3-5569eb40ba4c","122","2","false","true","true","missing","",""
"zh-tw","SV2a","5530718b-a84d-4bf0-8ba9-b37818903110","42509b4c-8104-46a0-bbc2-cb739477d891","124","1","false","true","true","missing","",""
"zh-tw","SV2a","1e3103e1-dd4b-453f-b43e-18d58f4c2b2c","41a1b0ad-f54e-4bf6-b63d-36582d620aae","130","2","false","true","true","missing","",""
"zh-tw","SV2a","33af2423-fe5e-4960-a44d-0e3085b2d59d","4e8ba217-5b74-47d4-8c5c-cce033b79927","132","2","false","true","true","missing","",""
"zh-tw","SV2a","95caf22b-fa20-428f-902c-b84005fb0ccb","603691a8-7820-47bd-9746-b1fab192b0b5","133","2","false","true","true","missing","",""
"zh-tw","SV2a","ba55ea63-1a73-4b22-982f-579804e89cfa","4e4e0f5f-446a-4cf8-a72c-edb686f76f05","134","2","false","true","true","missing","",""
"zh-tw","SV2a","9116ecdb-8497-4691-bf02-01711c3c173c","78010eed-89e2-4ece-a014-01440c9a67c3","137","2","false","true","true","missing","",""
"zh-tw","SV2a","627e34b4-36ce-4efc-9fc0-c5a2ad562f57","44c00d5e-9877-431f-a6f7-54a0b83bbb44","139","2","false","true","true","missing","",""
"zh-tw","SV2a","28d9b4c1-9792-422f-855e-321fb4a6478e","464119ae-f915-4ffe-9898-301cb4051237","148","2","false","true","true","missing","",""
"zh-tw","SV2a","e521be08-fc36-4b5d-92e7-9751ad8e2a88","3e02b543-e0b7-49fc-a8ec-4681030286cd","149","2","false","true","true","missing","",""
"zh-tw","SV2a","1d2dd2dd-b37a-44e9-af56-5dd751920556","69481b04-1119-45a1-86c9-511f89f35244","150","2","false","true","true","missing","",""
"zh-tw","SV2a","29489632-7423-47b8-aad0-5cf7349c35ed","41c3f576-3ba9-47ff-a8c2-e3942141ae27","152","2","false","true","true","missing","",""
"zh-tw","SV2a","f5defa7f-85fc-4890-8fff-cec066245278","5234d3ca-7574-4e8a-8921-464a8264a0d7","155","2","false","true","true","missing","",""
"zh-tw","SV2a","1ca8b781-2a89-4d70-869e-013a6a4a2f6a","4e828739-b2d2-4a72-ae5a-2798082dc44d","160","2","false","true","true","missing","",""
"zh-tw","SV2a","d1700e43-ebcc-4016-89dc-5695dee577ce","40f3e1fd-8e86-4b69-8194-23b8e15500d1","164","2","false","true","true","missing","",""
"zh-tw","SV2a","36d4351b-65bf-49b2-856d-9b3dd8ab8a66","5955ec4c-9d96-49b2-b4e4-b62107ab7baa","165","2","false","true","true","missing","",""
"zh-tw","SV2a","abe97b79-67e5-45d7-98ee-23ba9b017b48","5ec1f10f-5080-443a-bfe7-539aa3058087","173","1","false","true","true","missing","",""
"zh-tw","SV2a","6a192e52-f35e-4d06-adf7-0b3e204bf118","5b903bfe-0f5d-4b33-b2d2-fa968a6bf29b","176","1","false","true","true","missing","",""
"zh-tw","SV2a","820d5306-e908-42cc-9223-96d13f415ce8","701d7ae5-2dc9-45f5-acab-30e6ebae9870","177","1","false","true","true","missing","",""
"zh-tw","SV2a","cccec1a8-0b2b-41e3-98d1-fce9266aa78a","842c8b12-b94d-49bd-ad4a-78c07f6cd076","181","1","false","true","true","missing","",""
"zh-tw","SV2a","cc45238e-0478-42de-9da5-fb186fd1cbaa","48b7d4ef-19e2-4e4a-a79a-2e7af2ec6b9f","185","1","false","true","true","missing","",""
"zh-tw","SV2a","d077474f-0054-42b5-a4bb-a002d742c8af","4cffc0ea-fb56-4cd0-aea8-ef1c469795e7","191","1","false","true","true","missing","",""
"zh-tw","SV2a","075a336a-a263-4ab8-a44a-6e905015ec02","6af917ab-1673-4f07-a9e9-39260fd2f884","194","1","false","true","true","missing","",""
"zh-tw","SV2a","ae35ed01-a70a-4ec1-8eef-bb24d7b24271","50d83d57-e84d-4eb7-b43c-5005df09b86a","195","1","false","true","true","missing","",""
"zh-tw","SV2a","59a82e7b-6ced-40b9-959e-b7fbc8b444b3","4078c872-745b-49cc-be86-c3789733232b","201","1","false","true","true","missing","",""
"zh-tw","SV2a","603b95ea-4a51-48ef-b541-3b895bffcd41","4e2b876c-5402-48bf-bc99-60457a4d3afd","202","1","false","true","true","missing","",""
"zh-tw","SV2a","d9b43c51-dc23-4916-acb4-b628deede242","8360e35e-6bd4-403a-b2aa-e7bbc4e074e1","206","1","false","true","true","missing","",""
"zh-tw","SV2a","150f790f-468f-4249-b5a4-8d6689704392","b26fa096-968f-4f32-9208-811bc554a4dd","007","2","true","false","false","exact","b26fa096-968f-4f32-9208-811bc554a4dd","4cb7cb6f-ae0a-45e5-a87c-ae00d753c2a8"
"zh-tw","SV2a","73d00b15-a374-4ec0-8ec8-1f6747cd9efb","8eea7d79-bbda-4a41-85bd-fc7f4b021f92","020","2","true","false","false","shared","9e14c2ea-6039-40b1-aac2-b4bea54af6af","54d479da-75a2-4842-802a-c0f21b378ca5"
"zh-tw","SV2a","79160d3b-d3c1-4f72-80ad-9937904c2bec","be08a407-b836-49f2-a056-8bb160581a29","031","2","false","true","true","missing","",""
"zh-tw","SV2a","240a0ff4-4171-45e5-97b0-44b980c552ee","bc7a23b0-9c40-4dc4-ba95-836b471b5725","033","2","false","true","true","missing","",""
"zh-tw","SV2a","2f30e3a5-957a-4794-b0bc-6a728f7fb7ab","c5d55489-f57b-49f2-9937-9a0fa1aa0468","034","2","false","true","true","missing","",""
"zh-tw","SV2a","2e3024bc-4b4f-4f84-9b7c-dd84c5e1a84d","94713785-c9d7-40be-8157-1e1abdd932ad","040","1","false","true","true","missing","",""
"zh-tw","SV2a","05dd280f-3c05-4542-890e-7648392583b5","b914d3a5-b7ce-4e24-b746-d817b3730c11","043","2","false","true","true","missing","",""
"zh-tw","SV2a","a4400de1-2d17-4593-bc60-4c17f962c8b6","8e90d32b-6067-47df-b839-a37744cb6930","046","2","false","true","true","missing","",""
"zh-tw","SV2a","cac742d2-5127-4595-b843-f2b08af08e7b","b02c017d-c0f5-4f87-8f3f-ace1d67eea09","048","2","false","true","true","missing","",""
"zh-tw","SV2a","4b339bb6-d44f-4c4e-ac3f-c8d5eca3d889","9cc186f2-0486-474e-88b8-b32fedb56f2a","052","2","false","true","true","missing","",""
"zh-tw","SV2a","b4240f90-c1e9-49a9-8912-3fedcf4c93ea","88d03d7c-a1bd-4e32-a0ee-122016816d9e","053","2","false","true","true","missing","",""
"zh-tw","SV2a","aaabe356-cbec-408d-8428-59114f8d7c1d","c013a479-763b-4eac-a7ff-3ee029ed34f4","055","2","false","true","true","missing","",""
"zh-tw","SV2a","dfe405cf-4d5d-4360-8046-5f35f246b535","a7f5d4c6-ff04-4e6e-8827-8e14471d2c0e","063","2","false","true","true","missing","",""
"zh-tw","SV2a","f6dc3905-55c0-44f9-8b2c-9a3efee68d9a","cc082be7-8578-42bc-8cd9-e9b3f377ba99","064","2","false","true","true","missing","",""
"zh-tw","SV2a","084ea964-334b-4932-b1fd-9d8836709dc0","98c9a3bb-77af-45d3-bc79-1038af451f9c","082","2","false","true","true","missing","",""
"zh-tw","SV2a","1c5f5e64-d229-4d66-806f-f160bdd89796","8fcdecdd-baf1-4037-9cd3-d2be71ef4a5f","084","2","false","true","true","missing","",""
"zh-tw","SV2a","c880177e-8043-482c-aa58-5405e3f06906","ccca21d3-5294-40ce-9274-3933a6fffdf5","086","2","false","true","true","missing","",""
"zh-tw","SV2a","c48ecf7e-da98-42a3-be87-6ea6ce16ebd1","c7e25716-0f27-46d0-910c-21a737a19be1","099","2","false","true","true","missing","",""
"zh-tw","SV2a","762c10be-0432-4a92-9490-3932bd741cfa","9e15f389-37ef-4aa8-a416-8c3b58a3b1fb","101","2","false","true","true","missing","",""
"zh-tw","SV2a","0f44c706-267b-4a7a-b8d6-80a5945305ba","b1d0a4da-0484-46e5-97eb-a9174c7adb6d","112","2","false","true","true","missing","",""
"zh-tw","SV2a","743ba832-0356-4710-87dd-e9a1bebce6aa","a3937b92-8f60-4681-9408-52de6de02204","113","2","false","true","true","missing","",""
"zh-tw","SV2a","044aafb4-b3d0-46f6-8873-f2775726c86c","b0a1b382-5b33-4e30-9d78-eec281b5d870","114","2","false","true","true","missing","",""
"zh-tw","SV2a","bae8bc5d-9ddf-4edb-bbca-7a46af3b09fd","96935843-66e2-4c2c-94ae-4d94263497f8","121","2","false","true","true","missing","",""
"zh-tw","SV2a","9c04dc95-cb3b-4792-b99c-616b3ff91217","9d92f738-8a35-4915-a3ca-5967c215cfe6","123","2","false","true","true","missing","",""
"zh-tw","SV2a","9b98ee35-65ca-4f84-a720-da2a23bc3a2d","cc9d6042-86d0-4070-a55c-1384db0015f1","125","2","false","true","true","missing","",""
"zh-tw","SV2a","7441eb4f-da64-42b3-acaa-baffd635c7ae","c4da4262-7a23-4df4-90e7-5957e21921c0","135","2","false","true","true","missing","",""
"zh-tw","SV2a","ee463265-9508-4904-bb71-b46052cef54f","adf432c8-2dd0-4b77-9ec7-df6149e40803","147","2","false","true","true","missing","",""
"zh-tw","SV2a","389219a6-a71c-4c6a-bf9d-7048f23664c4","b059e7d2-55d8-4bc4-9445-62fb2e6ccb00","151","1","false","true","true","missing","",""
"zh-tw","SV2a","d382eaf8-2f55-4990-9793-b9fb909d8f97","aadac51d-62a3-40b1-91d2-35cbdc937ef0","166","1","false","true","true","missing","",""
"zh-tw","SV2a","266b9471-460d-4576-9ebb-353c37735246","af404aab-4642-4c94-8445-9b62361c8e96","167","1","false","true","true","missing","",""
"zh-tw","SV2a","15cfad28-210b-4022-963a-96f160d359ed","b34074c3-90dd-4c52-91b3-31b1fcf41ac9","170","1","false","true","true","missing","",""
"zh-tw","SV2a","d6c46784-02d3-4ab4-b426-1eae8ac7ab63","b779773a-390c-40bb-ad60-0856899ea25d","174","1","false","true","true","missing","",""
"zh-tw","SV2a","e9d97e05-26f9-452f-8df3-e8adf4497276","b9c01001-bbc8-4933-8804-f9e047c6dc52","178","1","false","true","true","missing","",""
"zh-tw","SV2a","26e4209d-3e4b-4ba2-8eed-9d6c7d6e285c","9fc2b422-04ad-4817-913e-2e3b112c4f85","180","1","false","true","true","missing","",""
"zh-tw","SV2a","0a8f8b4e-5e15-41d5-b583-ee558d0600d0","a8e5a0be-7bd3-4eb7-8436-96c9e68e28aa","184","1","false","true","true","missing","",""
"zh-tw","SV2a","0be2cd4e-b7c9-4525-8540-6d3c203a03b1","aaeec5bc-f5cc-49fa-bd6a-9870478b47ee","187","1","false","true","true","missing","",""
"zh-tw","SV2a","055ef8ef-4c37-4a26-a597-d7af80e2ae1a","8d70bdd7-0fd3-4d80-ad2d-220480a4c4d0","190","1","false","true","true","missing","",""
"zh-tw","SV2a","7c8b565a-a233-448e-86c2-9552611bbb94","9ec6a974-489e-47bb-8241-f489a679d20d","193","1","false","true","true","missing","",""
"zh-tw","SV2a","bb3a8919-d8a3-423b-a2aa-5ae6cbcca70c","bf877cdd-a1cf-4a63-9437-d98408e24243","196","1","false","true","true","missing","",""
"zh-tw","SV2a","1993a95e-517b-40bc-88ac-7508890ff728","acd58832-b0a3-4306-9960-8e533b251c3f","197","1","false","true","true","missing","",""
"zh-tw","SV2a","b84e39f9-dd53-40ad-bbdc-6859acff42d3","ac7c060a-713f-4998-8fdd-3883c6a988c2","199","1","false","true","true","missing","",""
"zh-tw","SV2a","a6ad761f-0900-49da-b9d6-0395d7ce7370","af35c025-8fa8-4690-92c0-a01dd48bc12f","204","1","false","true","true","missing","",""
"zh-tw","SV2a","d74fac0b-7171-4805-8f89-94ee1ed5fd5f","c325a9e3-693e-4dab-9cad-e888a46955c0","207","1","false","true","true","missing","",""
"zh-tw","SV2a","eba404d4-9082-43ab-a7ba-4c635717d77e","fc328cc8-cdd5-4a8d-a468-b4cd4adf35de","006","1","true","false","false","exact","fc328cc8-cdd5-4a8d-a468-b4cd4adf35de","f98c4c62-fa3c-4416-b42e-6b58ddbab421"
"zh-tw","SV2a","1ac6fada-112b-4998-abd9-3f0bf3759265","e500e292-0a2e-44bc-af89-7e2c5754810b","009","1","true","false","false","exact","e500e292-0a2e-44bc-af89-7e2c5754810b","6849a26b-535e-4ace-9f44-6cb7e37449ee"
"zh-tw","SV2a","70a8b48c-6853-41ca-a347-15e866190cd1","e28eb863-a9db-4972-8fd3-f7b73f9e9518","022","2","false","true","true","missing","",""
"zh-tw","SV2a","a633ca0d-b3a2-423a-9be5-2ca8ca3f82ac","f08b8fb7-06d5-4c5d-bc54-8f4a72932ed2","023","2","false","true","true","missing","",""
"zh-tw","SV2a","0558ed43-4154-40f2-a231-9ef4e4978ba5","fcb19729-7329-4707-9028-5a06840069ef","065","1","false","true","true","missing","",""
"zh-tw","SV2a","896bdc61-834a-4230-87e3-fd5c9b15951d","ea291e81-a0e6-4b8b-ae68-f23a5cd976e4","073","2","false","true","true","missing","",""
"zh-tw","SV2a","74df8295-3c28-4ad0-86a6-bb43ed227507","d2bf484b-2add-4448-b003-45c394783ac4","104","2","false","true","true","missing","",""
"zh-tw","SV2a","41eef45a-0c47-4e78-9e86-3328742d1c73","fd6faab7-44ec-432d-9474-6cb1e2d1c2f0","115","1","false","true","true","missing","",""
"zh-tw","SV2a","424c4618-8f9e-4561-933d-dc9bf10b7e4d","fe080fff-8f6c-440a-a5ca-934e9ae0ca5d","140","2","false","true","true","missing","",""
"zh-tw","SV2a","46cdb812-70c2-408c-ad71-e336a8d10b7b","cf7d2ecd-22ed-421a-87b8-b8d377823eca","158","2","false","true","true","missing","",""
"zh-tw","SV2a","622cd302-7e91-455c-ba83-797a59990fda","eec22deb-b713-4c71-95d1-f8771f1475ee","179","1","false","true","true","missing","",""
"zh-tw","SV2a","120e6a29-3736-48ce-8fac-d0fc13cd4e4c","eeb2bfce-66e9-42d2-8f31-1ba148e9bbf7","183","1","false","true","true","missing","",""
"zh-tw","SV2a","4642307b-6430-4cb8-8abb-4abc54d7e892","db464919-d21b-480d-a53f-fbc9fa665371","186","1","false","true","true","missing","",""
"zh-tw","SV2a","cd231727-1004-4b8a-b6b3-6744d3a4ddcb","f02e5a53-c7b8-410f-9d29-36ce93b050db","192","1","false","true","true","missing","",""
"zh-tw","SV2a","3af38e1e-e9ce-46e8-a738-c2c5b0ce8be0","d54e5729-029b-47ae-b1c2-3fd73a2d74cb","205","1","false","true","true","missing","",""
"zh-tw","SV1V","60228abd-322a-47db-897e-a4012ba9a4ef","30bd34ba-b5dd-446d-a41c-abd495f8847e","001","1","true","false","false","exact","30bd34ba-b5dd-446d-a41c-abd495f8847e","9dd528db-fb39-4e3c-86c4-8a7004cf3d3a"
"zh-tw","SV1V","54a37857-409c-48a1-93fe-e5c73abd4224","1e617a9d-8fe9-427c-bea3-1714f5b9eb62","002","1","true","false","false","exact","1e617a9d-8fe9-427c-bea3-1714f5b9eb62","918dbde8-0fea-42b2-b640-310c61950489"
"zh-tw","SV1V","7d3a1c10-06f2-4cf6-88d2-a91c441717cf","e1b79c15-73d8-4e0d-8ab1-40b4355dd653","003","1","true","false","false","exact","e1b79c15-73d8-4e0d-8ab1-40b4355dd653","cf6c64ca-a276-46d0-8a2d-1f0aebfdce04"
"zh-tw","SV1V","3ab7abcb-456e-4f28-819b-03e8b89491b6","0e7da350-516b-45f0-b7d2-e4daa3971f66","004","1","true","false","false","exact","0e7da350-516b-45f0-b7d2-e4daa3971f66","208d4b4c-684c-40d1-9393-cf4e216073da"
"zh-tw","SV1V","4fbe51a9-d53d-433d-bbdf-6906c5ba3da9","8f1dd2eb-be4b-41eb-bb51-76948525257f","005","1","true","false","false","exact","8f1dd2eb-be4b-41eb-bb51-76948525257f","46bff15b-add1-41c9-bee3-d077487bf3a8"
"zh-tw","SV1V","b331c2f8-9384-494a-9f2e-8c6039093f95","fdd3a89c-038a-49aa-928c-dfa5215d9a82","006","1","true","false","false","exact","fdd3a89c-038a-49aa-928c-dfa5215d9a82","74b5ccba-ef06-4d8f-85b9-34816ff11f0f"
"zh-tw","SV1V","2cc451ab-8f03-46d3-aec6-4548ccdf4321","f8aad0ae-4821-4a3d-8469-3d78a76f6c5f","007","1","true","false","false","exact","f8aad0ae-4821-4a3d-8469-3d78a76f6c5f","3fb20bfb-f372-4da9-9648-0c4295bd213c"
"zh-tw","SV1V","72d507ce-c128-4609-b18d-fdbbbad87e28","accff261-b1a0-45d7-b964-c120fcbfb969","008","1","true","false","false","exact","accff261-b1a0-45d7-b964-c120fcbfb969","68430c2c-b777-40db-9951-6b9c4a49e01a"
"zh-tw","SV1V","c95b809f-3121-4dfc-a71b-8f35b3888c80","1c9366a8-1679-465e-a2d3-d4084c052225","009","1","true","false","false","exact","1c9366a8-1679-465e-a2d3-d4084c052225","b3fc42d3-2742-4e62-833c-0daa0a573d33"
"zh-tw","SV1V","bd39078e-7d11-48e7-bcdd-099bf56b262e","4519f890-8891-4323-af34-a81198e847cd","010","1","true","false","false","exact","4519f890-8891-4323-af34-a81198e847cd","fc4a97e2-61f5-4fb3-83f0-d96c8de27d12"
"zh-tw","SV1V","f72855a9-c6d5-4141-83c4-fe4c8ce6b037","4e9ecb87-7c35-4dae-9ebd-fc0a88225916","011","1","true","false","false","exact","4e9ecb87-7c35-4dae-9ebd-fc0a88225916","71142ebd-1297-4899-a387-f3be437c060e"
"zh-tw","SV1V","52dd4fbe-5eb8-477f-aec8-ad64e0a1d9d8","bf18145c-6d84-4e35-8a8b-6485085c7254","012","1","true","false","false","exact","bf18145c-6d84-4e35-8a8b-6485085c7254","6484f973-586d-4392-896f-a169d24e03bd"
"zh-tw","SV1V","4c451a82-308e-42df-b340-8ff0b75bff99","b77a9c8e-6726-472e-9368-96f899c0a9b9","013","1","true","false","false","exact","b77a9c8e-6726-472e-9368-96f899c0a9b9","1ba35f52-6f41-445d-8889-2f2119d0ca5d"
"zh-tw","SV1V","ec630207-7cca-48ff-8c5a-7fd120f05acd","fc8be14d-f03c-4bd9-9a58-7c9a2deb1f7e","014","1","true","false","false","exact","fc8be14d-f03c-4bd9-9a58-7c9a2deb1f7e","d0f7314a-2b4c-41e0-a8a3-8fcf37424688"
"zh-tw","SV1V","16e0fde3-6340-409e-b4bf-3c078dd25ebc","a63df18f-7ec3-491b-b576-900c5e5436df","015","1","true","false","false","exact","a63df18f-7ec3-491b-b576-900c5e5436df","91874534-041c-41f9-bc72-29e3508d7951"
"zh-tw","SV1V","edd26267-f52e-4c50-a835-30438c473307","791581f4-0eb0-4df8-9e42-18a899735d40","016","1","true","false","false","exact","791581f4-0eb0-4df8-9e42-18a899735d40","354475f6-2fa9-4506-8ed4-06e59065ffb1"
"zh-tw","SV1V","e2e414fc-034f-49d9-8e88-904d408bf598","762d56f8-1c0b-465e-8104-8ace5b010155","017","1","true","false","false","exact","762d56f8-1c0b-465e-8104-8ace5b010155","c4322e4b-6376-4a67-a647-9e4822b11f68"
"zh-tw","SV1V","468243ca-f8df-4ba0-9fae-39e369a70df3","d3fe5f61-864e-43d2-8eb5-e04e692fa67e","018","1","true","false","false","exact","d3fe5f61-864e-43d2-8eb5-e04e692fa67e","b472ea1f-8079-4db0-9f34-53ad9ecf8279"
"zh-tw","SV1V","36f64bf5-8065-4f7a-9d2c-cab92d967723","c4ee6905-44e1-4110-aae9-ae42670b2cef","019","1","true","false","false","exact","c4ee6905-44e1-4110-aae9-ae42670b2cef","8fb20534-d8ef-4d69-acb1-8d5378ff61b7"
"zh-tw","SV1V","bdaaab18-f9e7-4a59-9fe2-133af51a3540","563ff6fb-670e-4f3e-b1bf-6abe04915469","020","1","true","false","false","exact","563ff6fb-670e-4f3e-b1bf-6abe04915469","c5c8c807-20eb-450c-88fc-392f6953bf82"
"zh-tw","SV1V","15cca7ce-3856-4cd6-8a84-edb006e64a6f","4d46c1ed-5a2a-4b44-b1e1-600d92153964","021","1","false","true","true","missing","",""
"zh-tw","SV1V","c36b953f-1440-449c-b0bd-cf8e10f27ca7","27138a3c-9d0a-4a07-b999-bdea1d6bc02e","022","1","false","true","true","missing","",""
"zh-tw","SV1V","91223105-9cab-473a-8a63-44915ba588b9","3616fd61-4da4-45d0-a2ae-4225669128dd","023","1","false","true","true","missing","",""
"zh-tw","SV1V","c530ea2f-7657-4639-ab58-a7396d57f87b","5aa3621d-f3d4-4ec4-ab7b-8325ad0f85e5","024","1","false","true","true","missing","",""
"zh-tw","SV1V","c82148c6-6060-4213-966e-8d2d976de250","7fab2579-60e2-46a0-95ef-d227cd1b5306","025","1","false","true","true","missing","",""
"zh-tw","SV1V","b3aab0c3-281a-4ac5-ac96-f27a89951821","3687d028-4153-4c65-9110-ff042b4310b4","026","1","false","true","true","missing","",""
"zh-tw","SV1V","49791005-27d0-457d-bc0f-09bd58e87011","9ec06457-710f-4350-ad23-e05d829f3d3f","027","1","false","true","true","missing","",""
"zh-tw","SV1V","8cfe2a14-a365-46f4-9e0d-fdbaf5310f4b","87f60ed7-1a66-473a-b216-1f62c033dfa7","028","1","false","true","true","missing","",""
"zh-tw","SV1V","6353c017-e9ae-4cc2-9dcb-058ea2b92537","5e427818-2bc1-4c3c-b17a-c7dea8b1d2e8","029","1","false","true","true","missing","",""
"zh-tw","SV1V","7e3d95b9-23de-43b2-9531-1c86cab5615e","c575b107-f5f9-4a78-97b8-d35c60e7a5d5","030","1","false","true","true","missing","",""
"zh-tw","SV1V","d8a65389-285b-4769-959f-7a9238eb8bd5","472b2a75-3eb0-40e1-af3e-02c0ad6892be","031","1","false","true","true","missing","",""
"zh-tw","SV1V","91bb3d4e-d594-4af5-9411-6fa965d0a57d","32012ece-328a-4ca1-a28d-d060c3bdc223","032","1","false","true","true","missing","",""
"zh-tw","SV1V","5acb427d-08f8-4300-8a8e-e121268aa4ea","fe4a49c0-78c3-4a66-b8ba-944bc48f16ff","033","1","false","true","true","missing","",""
"zh-tw","SV1V","350dce47-a40b-4441-b382-089dd20e7a31","00bc0beb-d890-42a5-9aad-62b6c5e1bbbc","034","1","false","true","true","missing","",""
"zh-tw","SV1V","7c61abbc-d1e5-41d4-97f5-f7017fa96a42","c86beefe-3f2d-48e3-96a9-81cab5194be6","035","1","false","true","true","missing","",""
"zh-tw","SV1V","b8be3422-2a6c-43cd-b8f2-f922936fda45","6de6d2af-6959-419b-a4ab-c1dfaffa1d1c","036","1","false","true","true","missing","",""
"zh-tw","SV1V","e98b7f0d-12a0-42e8-8073-47857db80179","d548067d-d0f4-4e84-927f-1d9f14b95b70","037","1","false","true","true","missing","",""
"zh-tw","SV1V","776fb082-d90b-4cda-ab18-c9822a6cef94","282497e5-4eae-4a6d-8acb-cf548a6922c6","038","1","false","true","true","missing","",""
"zh-tw","SV1V","ada5c92f-46c8-4df3-b0bf-bd7addd14957","0fa4b725-f3ed-4962-a8ee-249438ddf768","039","1","false","true","true","missing","",""
"zh-tw","SV1V","beb05375-d804-4607-99d4-66178690978a","47df5d11-2d0f-4354-b1f7-49bc350fd01c","040","1","false","true","true","missing","",""
"zh-tw","SV1V","bebd8df1-4651-4ff5-8c8a-96935ebbbb71","6231d580-f524-4d57-a581-d580d610e884","041","1","false","true","true","missing","",""
"zh-tw","SV1V","5e6d7af3-96da-445b-bcee-287d577c525b","f0dab919-772b-4531-8d99-c47198e76df6","042","1","false","true","true","missing","",""
"zh-tw","SV1V","c9c51a39-e848-427f-8019-41b9c6a23db4","813e4472-0001-47c2-b33e-d723bb27aef0","043","1","false","true","true","missing","",""
"zh-tw","SV1V","594a24bd-95bd-458b-8831-89ad3caf2f66","ac120502-b5df-4b58-bc13-600741a587dd","044","1","false","true","true","missing","",""
"zh-tw","SV1V","ee6b8f8c-977c-4b0a-800e-e7bf7763f727","4ca2babb-3691-4c1a-a890-0216dc07dc9c","045","1","false","true","true","missing","",""
"zh-tw","SV1V","7163c480-eb69-47cf-8961-4c1a237ca637","7c92f7a3-71ee-4f68-89a4-994a4efb7ec8","046","1","false","true","true","missing","",""
"zh-tw","SV1V","1221d261-8484-451b-b18d-42e4f68cf6c2","950d9c6e-9c97-4cbd-af1c-02916b8e1e82","047","1","false","true","true","missing","",""
"zh-tw","SV1V","a606dd8e-0934-474a-9427-9842eea84c5b","8caeb9d1-d8f3-4520-b6e8-0c6ad3605c5b","048","1","false","true","true","missing","",""
"zh-tw","SV1V","4e46392a-9802-4a50-9fc5-189c99fc9eab","d78a66ba-9f78-4cd4-88d8-111f531fe0f3","049","1","false","true","true","missing","",""
"zh-tw","SV1V","2c8668e2-f84b-48d0-a5a7-a2b21fb23cc0","85b1505d-3bb8-4f49-a3e8-dfc2ca982e33","050","1","false","true","true","missing","",""
"zh-tw","SV1V","065c46e4-f869-4429-b4b2-beb2104ab80e","83864489-7b64-4b5f-bc5c-e10c1338f16a","051","1","false","true","true","missing","",""
"zh-tw","SV1V","620a1729-3a50-4f93-b1a3-166aee5d7d77","6a8cfafd-b7f0-4bc3-bc2c-aa4ffead383c","052","1","false","true","true","missing","",""
"zh-tw","SV1V","5bfb8976-405d-495c-9fba-219b00922edd","7a50664b-a291-4f8d-b091-b6ff39ebdab7","053","1","false","true","true","missing","",""
"zh-tw","SV1V","88b4a064-0d68-40b4-af3e-ec036b135cfe","57248894-1b20-44ea-83f3-30f04648a907","054","1","false","true","true","missing","",""
"zh-tw","SV1V","bb8d3c31-6564-457f-a0d1-c1d7e4971927","0a0fa5fe-16f5-4b1c-b6ca-37f73cd89d9c","055","1","false","true","true","missing","",""
"zh-tw","SV1V","ecc835f9-fa5d-429d-9fd9-f51d05099954","da254c05-f316-40d3-8121-1def7cc84cea","056","1","false","true","true","missing","",""
"zh-tw","SV1V","51ff2f9b-3e12-4d30-a596-6cc9bfc9d42e","f1953a9f-427c-4b34-b442-88ad0ca215e0","057","1","false","true","true","missing","",""
"zh-tw","SV1V","a3bcec34-4455-4383-bdef-e1889056afd6","c1ef7fb2-2fe1-4beb-b19b-a8cb71e03a54","058","1","false","true","true","missing","",""
"zh-tw","SV1V","ce861656-681c-4e70-8e47-476ede34d667","e2e5900a-aef1-4e17-8a0f-6e2f9e64c611","059","1","false","true","true","missing","",""
"zh-tw","SV1V","03d2765d-3817-4e70-85de-c3107552220b","6fc19bbd-59e4-4979-b315-28d6a306bce8","060","1","false","true","true","missing","",""
"zh-tw","SV1V","0f5398cd-e6ac-49c9-8084-48cd0f7a10e1","c92a13a9-48aa-4921-ba7c-cd5efe545a64","061","1","false","true","true","missing","",""
"zh-tw","SV1V","8485bcb1-673c-4675-8317-6ac355a1d6c4","9636885c-c5a7-4222-a2f6-3f6e64015d19","062","1","false","true","true","missing","",""
"zh-tw","SV1V","75c574de-1eb4-4a1c-8873-d8e543ddf966","be3eb8db-6cc6-4d18-910c-ba89d038edeb","063","1","false","true","true","missing","",""
"zh-tw","SV1V","ce7e3db9-01c4-4f90-b4be-ccd1a0e33846","7a5e27b5-46a7-48ed-8c2f-b74b7b11f4ad","064","1","false","true","true","missing","",""
"zh-tw","SV1V","caa73c84-b798-45d9-8b0d-b9db7e964a44","4a389fce-502d-4756-a507-0ecfe54a955d","065","1","false","true","true","missing","",""
"zh-tw","SV1V","b2f93d1d-1683-4591-b224-8a35e56948f6","683c7f58-5a5f-4e31-a70a-556844b00f4f","066","1","false","true","true","missing","",""
"zh-tw","SV1V","8767e538-b295-4bf6-8582-25b39e64513e","3ee70597-cd65-4737-a9db-56fd2cb430f7","067","1","false","true","true","missing","",""
"zh-tw","SV1V","4ada0edd-0a49-40fb-bd44-6c7e517d556f","ea0dcf77-f899-4bb9-9be0-cc85bef55cb3","068","1","false","true","true","missing","",""
"zh-tw","SV1V","8d2a2e3c-b170-4af6-bc44-d86a4d0e2e6d","92187903-c561-44fa-97ac-315b80b01a19","069","1","false","true","true","missing","",""
"zh-tw","SV1V","5b97c176-ec2c-402a-a662-83af69562ac7","7f1b7a07-1a9d-472f-9a75-6c5d50643c18","070","1","false","true","true","missing","",""
"zh-tw","SV1V","afe0a4c7-1902-4bbc-890f-a86fa77391cf","f6d5c48d-03aa-4b6e-a930-ffa22146f0b3","071","1","false","true","true","missing","",""
"zh-tw","SV1V","297ba603-b867-4295-b8ea-10b5b3cfa9ae","c9138a42-08fd-4197-aeae-31bd581ca974","072","1","false","true","true","missing","",""
"zh-tw","SV1V","5eedc460-6565-4ae1-a6b1-15a69f1583f9","20f34e5d-553e-4a56-a588-512dfa8d8bcd","073","1","false","true","true","missing","",""
"zh-tw","SV1V","78119fa9-727d-4c10-9e8c-81333ea232c1","fa750d21-cd4a-4cf0-9c77-2ce498f479bd","074","1","false","true","true","missing","",""
"zh-tw","SV1V","3429b97b-f1a3-4ad9-860f-c1d9ac1e8aa9","bbe6b749-4217-45b8-98d5-52bf4455d754","075","1","false","true","true","missing","",""
"zh-tw","SV1V","e9bd003d-3511-41ce-9935-b28df90d4fd4","9b2d2c9a-4f84-4ee6-9798-208679cb6f01","076","1","false","true","true","missing","",""
"zh-tw","SV1V","1ad9017f-c421-4169-a082-8a2b873cc87d","d4470cb4-7f7f-4992-943b-dd9cf51eede2","077","1","false","true","true","missing","",""
"zh-tw","SV1V","0e1dfcb0-a9ec-49e2-9c3f-f06c1e19ab27","e538ee9e-4dac-453c-b8e3-0ece7d3f8d60","078","1","false","true","true","missing","",""
