catalogue_version_id,language_code,set_id,set_code,set_native_name,set_english_display_name,printed_total,total,set_status,image_completion_percentage,set_art_completion_percentage,published_variant_count,linked_public_card_image_variant_count,missing_public_card_image_variant_count,has_current_public_set_logo,set_english_display_missing_or_native,published_printing_count,missing_or_native_english_display_printings,current_public_manifest_asset_link_count,supabase_primary_reference_count,supabase_primary_object_present_count,missing_supabase_primary_object_count,incomplete_supabase_primary_reference_count,non_supabase_or_external_link_unverifiable_count,primary_storage_integrity_classification,external_http_link_count,external_http_unique_url_count,external_http_checked_link_count,external_http_ok_link_count,external_http_404_link_count,external_http_403_link_count,external_http_timeout_link_count,external_http_rate_limited_link_count,external_http_network_error_link_count,external_http_other_error_link_count,external_http_unchecked_link_count,external_http_delivery_classification,external_http_recheck_link_count,external_http_recheck_ok_link_count,external_http_final_verified_link_count,external_http_final_unverified_link_count,external_http_final_delivery_classification
d6bdab54-ec11-4b54-85a9-311d6ce3b2c8,en,0a2d5c3e-9da1-4af5-acc6-584485d8777e,2011bw,McDonald's Collection 2011,McDonald's Collection 2011,12,12,Images incomplete,0,0,12,0,12,false,false,12,0,0,0,0,0,0,0,no-current-public-asset-manifest-links,0,0,0,0,0,0,0,0,0,0,0,no-external-public-links,0,0,0,0,no-external-public-links
d6bdab54-ec11-4b54-85a9-311d6ce3b2c8,en,56e5b9e8-80b4-4e23-ad0c-5f86afc6759c,2012bw,McDonald's Collection 2012,McDonald's Collection 2012,12,12,Images incomplete,0,0,12,0,12,false,false,12,0,0,0,0,0,0,0,no-current-public-asset-manifest-links,0,0,0,0,0,0,0,0,0,0,0,no-external-public-links,0,0,0,0,no-external-public-links
d6bdab54-ec11-4b54-85a9-311d6ce3b2c8,en,19f359e2-c29f-498f-8bf6-fc19c122a361,2014xy,McDonald's Collection 2014,McDonald's Collection 2014,12,12,Images incomplete,0,0,12,0,12,false,false,12,0,0,0,0,0,0,0,no-current-public-asset-manifest-links,0,0,0,0,0,0,0,0,0,0,0,no-external-public-links,0,0,0,0,no-external-public-links
d6bdab54-ec11-4b54-85a9-311d6ce3b2c8,en,f7706a1b-61bc-4ff9-900c-5841034a5be6,2015xy,McDonald's Collection 2015,McDonald's Collection 2015,12,12,Images incomplete,0,0,12,0,12,false,false,12,0,0,0,0,0,0,0,no-current-public-asset-manifest-links,0,0,0,0,0,0,0,0,0,0,0,no-external-public-links,0,0,0,0,no-external-public-links
d6bdab54-ec11-4b54-85a9-311d6ce3b2c8,en,9722bbd8-e6d1-49ac-b080-ff9be30589bc,2016xy,McDonald's Collection 2016,McDonald's Collection 2016,12,12,Images incomplete,0,0,12,0,12,false,false,12,0,0,0,0,0,0,0,no-current-public-asset-manifest-links,0,0,0,0,0,0,0,0,0,0,0,no-external-public-links,0,0,0,0,no-external-public-links
d6bdab54-ec11-4b54-85a9-311d6ce3b2c8,en,d1eb29f2-3d49-447e-8f98-e3994b661350,2017sm,McDonald's Collection 2017,McDonald's Collection 2017,12,12,Images incomplete,0,0,12,0,12,false,false,12,0,0,0,0,0,0,0,no-current-public-asset-manifest-links,0,0,0,0,0,0,0,0,0,0,0,no-external-public-links,0,0,0,0,no-external-public-links
d6bdab54-ec11-4b54-85a9-311d6ce3b2c8,en,c770d934-a953-4923-a411-4a17b422bb96,2018sm,McDonald's Collection 2018,McDonald's Collection 2018,12,12,Images incomplete,0,0,12,0,12,false,false,12,0,0,0,0,0,0,0,no-current-public-asset-manifest-links,0,0,0,0,0,0,0,0,0,0,0,no-external-public-links,0,0,0,0,no-external-public-links
d6bdab54-ec11-4b54-85a9-311d6ce3b2c8,en,0ca6f0b6-6971-4342-8d0b-9c9a44e195e3,2019sm,McDonald's Collection 2019,McDonald's Collection 2019,12,12,Images incomplete,0,0,12,0,12,false,false,12,0,0,0,0,0,0,0,no-current-public-asset-manifest-links,0,0,0,0,0,0,0,0,0,0,0,no-external-public-links,0,0,0,0,no-external-public-links
d6bdab54-ec11-4b54-85a9-311d6ce3b2c8,en,e41708b6-e58e-4e98-970e-0bb97f4fd03e,2021swsh,McDonald's Collection 2021,McDonald's Collection 2021,25,25,Images incomplete,0,50,50,0,50,false,false,25,0,1,1,1,0,0,0,all-supabase-primary-objects-present,0,0,0,0,0,0,0,0,0,0,0,no-external-public-links,0,0,0,0,no-external-public-links
d6bdab54-ec11-4b54-85a9-311d6ce3b2c8,en,172317e0-1eb4-42a7-8624-532af705da6c,2022swsh,McDonald's Collection 2022,McDonald's Collection 2022,15,15,Images incomplete,0,0,15,0,15,false,false,15,0,0,0,0,0,0,0,no-current-public-asset-manifest-links,0,0,0,0,0,0,0,0,0,0,0,no-external-public-links,0,0,0,0,no-external-public-links
d6bdab54-ec11-4b54-85a9-311d6ce3b2c8,en,fc4d1c92-a354-42c1-b4d0-031e4ff6cccc,2023sv,McDonald's Collection 2023,McDonald's Collection 2023,15,15,Images incomplete,0,0,15,0,15,false,false,15,0,0,0,0,0,0,0,no-current-public-asset-manifest-links,0,0,0,0,0,0,0,0,0,0,0,no-external-public-links,0,0,0,0,no-external-public-links
d6bdab54-ec11-4b54-85a9-311d6ce3b2c8,en,824ba136-9796-464c-8869-b5e495014940,2024sv,McDonald's Collection 2024,McDonald's Collection 2024,15,15,Images incomplete,0,0,15,0,15,false,false,15,0,0,0,0,0,0,0,no-current-public-asset-manifest-links,0,0,0,0,0,0,0,0,0,0,0,no-external-public-links,0,0,0,0,no-external-public-links
d6bdab54-ec11-4b54-85a9-311d6ce3b2c8,en,ab0614ce-3998-47d1-8f23-8b94291c0a01,A1,Genetic Apex,Genetic Apex,226,286,Complete,100,100,286,286,0,true,false,286,0,288,288,288,0,0,0,all-supabase-primary-objects-present,0,0,0,0,0,0,0,0,0,0,0,no-external-public-links,0,0,0,0,no-external-public-links
d6bdab54-ec11-4b54-85a9-311d6ce3b2c8,en,031dada1-c3f5-46b4-bea0-e1298313d3fd,A1a,Mythical Island,Mythical Island,68,86,Set art incomplete,100,50,86,85,1,true,false,86,0,86,86,86,0,0,0,all-supabase-primary-objects-present,0,0,0,0,0,0,0,0,0,0,0,no-external-public-links,0,0,0,0,no-external-public-links
d6bdab54-ec11-4b54-85a9-311d6ce3b2c8,en,eefed2f2-de7e-4793-91a6-638ffc5c827b,A2,Space-Time Smackdown,Space-Time Smackdown,140,207,Set art incomplete,100,50,207,207,0,true,false,207,0,208,208,208,0,0,0,all-supabase-primary-objects-present,0,0,0,0,0,0,0,0,0,0,0,no-external-public-links,0,0,0,0,no-external-public-links
d6bdab54-ec11-4b54-85a9-311d6ce3b2c8,en,07c7e672-44f6-49a6-91e1-188946e63cf4,A2a,Triumphant Light,Triumphant Light,75,96,Complete,100,100,96,96,0,true,false,96,0,98,98,98,0,0,0,all-supabase-primary-objects-present,0,0,0,0,0,0,0,0,0,0,0,no-external-public-links,0,0,0,0,no-external-public-links
d6bdab54-ec11-4b54-85a9-311d6ce3b2c8,en,028e6f0e-6622-4f04-8197-619e862f3a36,A2b,Shining Revelry,Shining Revelry,72,111,Complete,100,100,111,111,0,true,false,111,0,113,113,113,0,0,0,all-supabase-primary-objects-present,0,0,0,0,0,0,0,0,0,0,0,no-external-public-links,0,0,0,0,no-external-public-links
d6bdab54-ec11-4b54-85a9-311d6ce3b2c8,en,85b2a4da-abc0-4912-a4ac-99a9b6dc57f1,A3,Celestial Guardians,Celestial Guardians,155,239,Set art incomplete,100,50,239,239,0,true,false,239,0,240,240,240,0,0,0,all-supabase-primary-objects-present,0,0,0,0,0,0,0,0,0,0,0,no-external-public-links,0,0,0,0,no-external-public-links
d6bdab54-ec11-4b54-85a9-311d6ce3b2c8,en,0fa8d92e-35d1-480c-a2b6-b058e89ba64a,A3a,Extradimensional Crisis,Extradimensional Crisis,69,103,Set art incomplete,100,0,103,103,0,false,false,103,0,103,103,103,0,0,0,all-supabase-primary-objects-present,0,0,0,0,0,0,0,0,0,0,0,no-external-public-links,0,0,0,0,no-external-public-links
d6bdab54-ec11-4b54-85a9-311d6ce3b2c8,en,9a7c9793-1021-44af-a04d-0405d26b8239,A3b,Eevee Grove,Eevee Grove,69,107,Set art incomplete,100,0,107,107,0,false,false,107,0,107,107,107,0,0,0,all-supabase-primary-objects-present,0,0,0,0,0,0,0,0,0,0,0,no-external-public-links,0,0,0,0,no-external-public-links
d6bdab54-ec11-4b54-85a9-311d6ce3b2c8,en,7710e7b2-b877-46bb-9438-57f4ab99a1f1,A4,Wisdom of Sea and Sky,Wisdom of Sea and Sky,161,241,Set art incomplete,100,50,241,241,0,true,false,241,0,242,242,242,0,0,0,all-supabase-primary-objects-present,0,0,0,0,0,0,0,0,0,0,0,no-external-public-links,0,0,0,0,no-external-public-links
d6bdab54-ec11-4b54-85a9-311d6ce3b2c8,en,9307a663-1764-4ff0-8f86-ff22280f7b49,A4a,Secluded Springs,Secluded Springs,71,105,Complete,100,100,105,105,0,true,false,105,0,107,107,107,0,0,0,all-supabase-primary-objects-present,0,0,0,0,0,0,0,0,0,0,0,no-external-public-links,0,0,0,0,no-external-public-links
d6bdab54-ec11-4b54-85a9-311d6ce3b2c8,en,47b17175-557f-4d97-ac58-2fb65f698ea6,B1,Mega Rising,Mega Rising,226,331,Complete,100,100,331,319,12,true,false,331,0,321,321,321,0,0,0,all-supabase-primary-objects-present,0,0,0,0,0,0,0,0,0,0,0,no-external-public-links,0,0,0,0,no-external-public-links
d6bdab54-ec11-4b54-85a9-311d6ce3b2c8,en,a3dba415-055a-463f-be5c-1c9fc8c5f387,B1a,Crimson Blaze,Crimson Blaze,69,103,Images incomplete,99.03,0,103,102,1,false,false,103,0,102,102,102,0,0,0,all-supabase-primary-objects-present,0,0,0,0,0,0,0,0,0,0,0,no-external-public-links,0,0,0,0,no-external-public-links
d6bdab54-ec11-4b54-85a9-311d6ce3b2c8,en,66542fcc-a805-41d3-9390-f51faf82f570,B2,Fantastical Parade,Fantastical Parade,155,234,Complete,100,100,234,234,0,true,false,234,0,236,236,236,0,0,0,all-supabase-primary-objects-present,0,0,0,0,0,0,0,0,0,0,0,no-external-public-links,0,0,0,0,no-external-public-links
d6bdab54-ec11-4b54-85a9-311d6ce3b2c8,en,1fe886d0-2ac6-40b4-a220-fab4538285bf,B2a,Paldean Wonders,Paldean Wonders,93,131,Images incomplete,0,0,131,0,131,false,false,131,0,0,0,0,0,0,0,no-current-public-asset-manifest-links,0,0,0,0,0,0,0,0,0,0,0,no-external-public-links,0,0,0,0,no-external-public-links
d6bdab54-ec11-4b54-85a9-311d6ce3b2c8,en,97e3aeb6-2645-4c3a-9fd4-10d95a181b6e,base1,Base Set,Base Set,102,102,Set art incomplete,100,50,204,102,102,true,false,102,0,103,103,103,0,0,0,all-supabase-primary-objects-present,0,0,0,0,0,0,0,0,0,0,0,no-external-public-links,0,0,0,0,no-external-public-links
d6bdab54-ec11-4b54-85a9-311d6ce3b2c8,en,739d2f18-1dd0-45dc-ba58-2195d5760ed5,base2,Jungle,Jungle,64,64,Complete,100,100,128,64,64,true,false,64,0,66,66,66,0,0,0,all-supabase-primary-objects-present,0,0,0,0,0,0,0,0,0,0,0,no-external-public-links,0,0,0,0,no-external-public-links
d6bdab54-ec11-4b54-85a9-311d6ce3b2c8,en,85f8c1fc-874d-4b7a-892b-2137adc6647b,base3,Fossil,Fossil,62,62,Complete,100,100,124,62,62,true,false,62,0,64,64,64,0,0,0,all-supabase-primary-objects-present,0,0,0,0,0,0,0,0,0,0,0,no-external-public-links,0,0,0,0,no-external-public-links
d6bdab54-ec11-4b54-85a9-311d6ce3b2c8,en,ffdf2db0-7ff9-426f-95f4-ba4165be9824,base4,Base Set 2,Base Set 2,130,130,Complete,100,100,130,130,0,true,false,130,0,132,132,132,0,0,0,all-supabase-primary-objects-present,0,0,0,0,0,0,0,0,0,0,0,no-external-public-links,0,0,0,0,no-external-public-links
d6bdab54-ec11-4b54-85a9-311d6ce3b2c8,en,87281266-72bb-4ece-8a82-2d9838fec89f,base5,Team Rocket,Team Rocket,82,83,Complete,100,100,166,83,83,true,false,83,0,85,85,85,0,0,0,all-supabase-primary-objects-present,0,0,0,0,0,0,0,0,0,0,0,no-external-public-links,0,0,0,0,no-external-public-links
d6bdab54-ec11-4b54-85a9-311d6ce3b2c8,en,ce2eea9a-f1c5-4a8e-8ff2-e782fbd89927,basep,Wizards Black Star Promos,Wizards Black Star Promos,53,53,Complete,100,100,54,53,1,true,false,53,0,54,54,54,0,0,0,all-supabase-primary-objects-present,0,0,0,0,0,0,0,0,0,0,0,no-external-public-links,0,0,0,0,no-external-public-links
d6bdab54-ec11-4b54-85a9-311d6ce3b2c8,en,2fa71113-d1fe-4498-a69f-581cfdfc2f9e,bog,Best of game,Best of game,9,9,Images incomplete,0,50,9,0,9,false,false,9,0,1,1,1,0,0,0,all-supabase-primary-objects-present,0,0,0,0,0,0,0,0,0,0,0,no-external-public-links,0,0,0,0,no-external-public-links
d6bdab54-ec11-4b54-85a9-311d6ce3b2c8,en,20459d78-825a-4dfa-b7ae-c0c97b8994f6,bw1,Black & White,Black & White,114,115,Complete,100,100,115,115,0,true,false,115,0,117,117,117,0,0,0,all-supabase-primary-objects-present,0,0,0,0,0,0,0,0,0,0,0,no-external-public-links,0,0,0,0,no-external-public-links
d6bdab54-ec11-4b54-85a9-311d6ce3b2c8,en,07fafdb9-7130-41c5-a076-301d8ca5070e,bw10,Plasma Blast,Plasma Blast,101,105,Complete,100,100,105,105,0,true,false,105,0,107,107,107,0,0,0,all-supabase-primary-objects-present,0,0,0,0,0,0,0,0,0,0,0,no-external-public-links,0,0,0,0,no-external-public-links
d6bdab54-ec11-4b54-85a9-311d6ce3b2c8,en,276f194e-1d23-4d12-a13a-4ebf211588bd,bw11,Legendary Treasures,Legendary Treasures,113,140,Complete,100,100,140,140,0,true,false,140,0,142,142,142,0,0,0,all-supabase-primary-objects-present,0,0,0,0,0,0,0,0,0,0,0,no-external-public-links,0,0,0,0,no-external-public-links
d6bdab54-ec11-4b54-85a9-311d6ce3b2c8,en,68e39d0d-c5de-4326-ae1b-51042e556edd,bw2,Emerging Powers,Emerging Powers,98,98,Complete,100,100,98,98,0,true,false,98,0,100,100,100,0,0,0,all-supabase-primary-objects-present,0,0,0,0,0,0,0,0,0,0,0,no-external-public-links,0,0,0,0,no-external-public-links
d6bdab54-ec11-4b54-85a9-311d6ce3b2c8,en,3b49aa99-9b03-4b32-bce4-1fb67f167345,bw3,Noble Victories,Noble Victories,101,102,Complete,100,100,102,102,0,true,false,102,0,104,104,104,0,0,0,all-supabase-primary-objects-present,0,0,0,0,0,0,0,0,0,0,0,no-external-public-links,0,0,0,0,no-external-public-links
d6bdab54-ec11-4b54-85a9-311d6ce3b2c8,en,383cab7b-dbc3-4d4d-96e3-d07f4f1b6744,bw4,Next Destinies,Next Destinies,99,103,Complete,100,100,103,103,0,true,false,103,0,105,105,105,0,0,0,all-supabase-primary-objects-present,0,0,0,0,0,0,0,0,0,0,0,no-external-public-links,0,0,0,0,no-external-public-links
d6bdab54-ec11-4b54-85a9-311d6ce3b2c8,en,62bc12c6-68e4-49a9-86b4-14db3025510f,bw5,Dark Explorers,Dark Explorers,108,111,Complete,100,100,111,111,0,true,false,111,0,113,113,113,0,0,0,all-supabase-primary-objects-present,0,0,0,0,0,0,0,0,0,0,0,no-external-public-links,0,0,0,0,no-external-public-links
d6bdab54-ec11-4b54-85a9-311d6ce3b2c8,en,ec087b67-2763-4b92-a34f-4183bc25649e,bw6,Dragons Exalted,Dragons Exalted,124,128,Complete,100,100,128,128,0,true,false,128,0,130,130,130,0,0,0,all-supabase-primary-objects-present,0,0,0,0,0,0,0,0,0,0,0,no-external-public-links,0,0,0,0,no-external-public-links
d6bdab54-ec11-4b54-85a9-311d6ce3b2c8,en,e0849e8a-ee89-4443-9ab9-639d31db4e85,bw7,Boundaries Crossed,Boundaries Crossed,149,153,Complete,100,100,153,153,0,true,false,153,0,155,155,155,0,0,0,all-supabase-primary-objects-present,0,0,0,0,0,0,0,0,0,0,0,no-external-public-links,0,0,0,0,no-external-public-links
d6bdab54-ec11-4b54-85a9-311d6ce3b2c8,en,42e19a74-eaac-4889-92bd-085e35f708ef,bw8,Plasma Storm,Plasma Storm,135,138,Complete,100,100,138,138,0,true,false,138,0,140,140,140,0,0,0,all-supabase-primary-objects-present,0,0,0,0,0,0,0,0,0,0,0,no-external-public-links,0,0,0,0,no-external-public-links
d6bdab54-ec11-4b54-85a9-311d6ce3b2c8,en,b78899e7-ea1a-442b-85af-041bd9609377,bw9,Plasma Freeze,Plasma Freeze,116,122,Complete,100,100,122,122,0,true,false,122,0,124,124,124,0,0,0,all-supabase-primary-objects-present,0,0,0,0,0,0,0,0,0,0,0,no-external-public-links,0,0,0,0,no-external-public-links
d6bdab54-ec11-4b54-85a9-311d6ce3b2c8,en,ba16466a-a048-4563-acf2-5507fa211b96,bwp,BW Black Star Promos,BW Black Star Promos,101,101,Images incomplete,97.03,100,101,98,3,false,false,101,0,98,98,98,0,0,0,all-supabase-primary-objects-present,0,0,0,0,0,0,0,0,0,0,0,no-external-public-links,0,0,0,0,no-external-public-links
d6bdab54-ec11-4b54-85a9-311d6ce3b2c8,en,d8804c74-d99d-4bea-a0ba-9c7a94caa4e2,cel25,Celebrations,Celebrations,25,25,Images incomplete,96,100,25,24,1,true,false,25,0,26,26,26,0,0,0,all-supabase-primary-objects-present,0,0,0,0,0,0,0,0,0,0,0,no-external-public-links,0,0,0,0,no-external-public-links
d6bdab54-ec11-4b54-85a9-311d6ce3b2c8,en,1005554b-9bfc-495b-b50e-561193bec4f8,cel25cc,Celebrations Classic Collection,Celebrations Classic Collection,25,25,Images incomplete,0,0,25,0,25,false,false,25,0,0,0,0,0,0,0,no-current-public-asset-manifest-links,0,0,0,0,0,0,0,0,0,0,0,no-external-public-links,0,0,0,0,no-external-public-links
d6bdab54-ec11-4b54-85a9-311d6ce3b2c8,en,969c83b1-1004-4af8-8ef8-d724656bdc35,col1,Call of Legends,Call of Legends,95,106,Complete,100,100,193,106,87,true,false,106,0,108,108,108,0,0,0,all-supabase-primary-objects-present,0,0,0,0,0,0,0,0,0,0,0,no-external-public-links,0,0,0,0,no-external-public-links
d6bdab54-ec11-4b54-85a9-311d6ce3b2c8,en,8fd3d411-bc40-44f6-a5e0-b69d45b57326,dc1,Double Crisis,Double Crisis,34,34,Complete,100,100,34,28,6,true,false,34,0,30,30,30,0,0,0,all-supabase-primary-objects-present,0,0,0,0,0,0,0,0,0,0,0,no-external-public-links,0,0,0,0,no-external-public-links
d6bdab54-ec11-4b54-85a9-311d6ce3b2c8,en,e7ecfeee-b142-47e3-ad78-6fad8841a0e0,det1,Detective Pikachu,Detective Pikachu,18,18,Complete,100,100,18,18,0,true,false,18,0,20,20,20,0,0,0,all-supabase-primary-objects-present,0,0,0,0,0,0,0,0,0,0,0,no-external-public-links,0,0,0,0,no-external-public-links
d6bdab54-ec11-4b54-85a9-311d6ce3b2c8,en,8ebfab70-e7bb-48d8-98e7-dd8b948d12e8,dp1,Diamond & Pearl,Diamond & Pearl,130,130,Complete,100,100,254,130,124,true,false,130,0,132,132,132,0,0,0,all-supabase-primary-objects-present,0,0,0,0,0,0,0,0,0,0,0,no-external-public-links,0,0,0,0,no-external-public-links
d6bdab54-ec11-4b54-85a9-311d6ce3b2c8,en,986caaf1-1f2b-4525-ae93-4d455cfee8c5,dp2,Mysterious Treasures,Mysterious Treasures,123,124,Complete,100,100,248,124,124,true,false,124,0,126,126,126,0,0,0,all-supabase-primary-objects-present,0,0,0,0,0,0,0,0,0,0,0,no-external-public-links,0,0,0,0,no-external-public-links
d6bdab54-ec11-4b54-85a9-311d6ce3b2c8,en,a9b641af-03cb-4a40-8b15-8a3b6ad01e48,dp3,Secret Wonders,Secret Wonders,132,132,Complete,100,100,267,132,135,true,false,132,0,134,134,134,0,0,0,all-supabase-primary-objects-present,0,0,0,0,0,0,0,0,0,0,0,no-external-public-links,0,0,0,0,no-external-public-links
d6bdab54-ec11-4b54-85a9-311d6ce3b2c8,en,d05cc70e-4db4-45cb-a831-1b74780b9772,dp4,Great Encounters,Great Encounters,106,106,Complete,100,100,213,106,107,true,false,106,0,108,108,108,0,0,0,all-supabase-primary-objects-present,0,0,0,0,0,0,0,0,0,0,0,no-external-public-links,0,0,0,0,no-external-public-links
d6bdab54-ec11-4b54-85a9-311d6ce3b2c8,en,a0dc1218-59f9-45f7-841b-9e93ccfc3aea,dp5,Majestic Dawn,Majestic Dawn,100,100,Complete,100,100,200,100,100,true,false,100,0,102,102,102,0,0,0,all-supabase-primary-objects-present,0,0,0,0,0,0,0,0,0,0,0,no-external-public-links,0,0,0,0,no-external-public-links
d6bdab54-ec11-4b54-85a9-311d6ce3b2c8,en,3f0f07ff-6f30-4034-98db-02bf9182ab78,dp6,Legends Awakened,Legends Awakened,146,146,Complete,100,100,294,146,148,true,false,146,0,148,148,148,0,0,0,all-supabase-primary-objects-present,0,0,0,0,0,0,0,0,0,0,0,no-external-public-links,0,0,0,0,no-external-public-links
d6bdab54-ec11-4b54-85a9-311d6ce3b2c8,en,4b1e9001-6612-42bc-94ac-427b346006ee,dp7,Stormfront,Stormfront,100,106,Complete,100,100,204,106,98,true,false,106,0,108,108,108,0,0,0,all-supabase-primary-objects-present,0,0,0,0,0,0,0,0,0,0,0,no-external-public-links,0,0,0,0,no-external-public-links
d6bdab54-ec11-4b54-85a9-311d6ce3b2c8,en,145e94b6-56f3-4f63-bfc6-473a472b661d,dpp,DP Black Star Promos,DP Black Star Promos,56,56,Complete,100,100,58,56,2,false,false,56,0,56,56,56,0,0,0,all-supabase-primary-objects-present,0,0,0,0,0,0,0,0,0,0,0,no-external-public-links,0,0,0,0,no-external-public-links
d6bdab54-ec11-4b54-85a9-311d6ce3b2c8,en,f0ca524e-701d-4ff4-b9cf-ea9eec7eec58,dv1,Dragon Vault,Dragon Vault,20,21,Complete,100,100,21,21,0,true,false,21,0,23,23,23,0,0,0,all-supabase-primary-objects-present,0,0,0,0,0,0,0,0,0,0,0,no-external-public-links,0,0,0,0,no-external-public-links
d6bdab54-ec11-4b54-85a9-311d6ce3b2c8,en,7cdfd12a-41e8-4311-aa5b-b2b7cd58e398,ecard1,Expedition Base Set,Expedition Base Set,165,165,Complete,100,100,330,165,165,true,false,165,0,167,167,167,0,0,0,all-supabase-primary-objects-present,0,0,0,0,0,0,0,0,0,0,0,no-external-public-links,0,0,0,0,no-external-public-links
d6bdab54-ec11-4b54-85a9-311d6ce3b2c8,en,2cd06c25-7efb-442d-b1ff-8f00979d5fe4,ecard2,Aquapolis,Aquapolis,147,186,Images incomplete,84.91,100,338,145,193,true,false,186,0,147,147,147,0,0,0,all-supabase-primary-objects-present,0,0,0,0,0,0,0,0,0,0,0,no-external-public-links,0,0,0,0,no-external-public-links
d6bdab54-ec11-4b54-85a9-311d6ce3b2c8,en,c7e3d5ac-17b4-494e-b6af-53b6eeb75919,ecard3,Skyridge,Skyridge,144,182,Images incomplete,90.36,100,332,150,182,true,false,182,0,152,152,152,0,0,0,all-supabase-primary-objects-present,0,0,0,0,0,0,0,0,0,0,0,no-external-public-links,0,0,0,0,no-external-public-links
d6bdab54-ec11-4b54-85a9-311d6ce3b2c8,en,64aef6f8-1d6a-4279-9d48-b6540462f892,ex1,Ruby & Sapphire,Ruby & Sapphire,109,109,Complete,100,100,214,109,105,true,false,109,0,111,111,111,0,0,0,all-supabase-primary-objects-present,0,0,0,0,0,0,0,0,0,0,0,no-external-public-links,0,0,0,0,no-external-public-links
d6bdab54-ec11-4b54-85a9-311d6ce3b2c8,en,e29e51ac-ff0a-493a-9065-7e6705c6b044,ex10,Unseen Forces,Unseen Forces,115,117,Complete,100,100,223,117,106,true,false,117,0,119,119,119,0,0,0,all-supabase-primary-objects-present,0,0,0,0,0,0,0,0,0,0,0,no-external-public-links,0,0,0,0,no-external-public-links
d6bdab54-ec11-4b54-85a9-311d6ce3b2c8,en,99249942-0d40-4681-89ef-ed4575e16313,ex11,Delta Species,Delta Species,113,114,Complete,100,100,116,114,2,true,false,114,0,116,116,116,0,0,0,all-supabase-primary-objects-present,0,0,0,0,0,0,0,0,0,0,0,no-external-public-links,0,0,0,0,no-external-public-links
d6bdab54-ec11-4b54-85a9-311d6ce3b2c8,en,bf4f4e5f-7f84-4c74-aba4-7a72e11a17b2,ex12,Legend Maker,Legend Maker,92,93,Complete,100,100,93,93,0,true,false,93,0,95,95,95,0,0,0,all-supabase-primary-objects-present,0,0,0,0,0,0,0,0,0,0,0,no-external-public-links,0,0,0,0,no-external-public-links
d6bdab54-ec11-4b54-85a9-311d6ce3b2c8,en,eadfaa16-b109-40b9-bdc9-e39bd7a81172,ex13,Holon Phantoms,Holon Phantoms,110,111,Complete,100,100,114,111,3,true,false,111,0,113,113,113,0,0,0,all-supabase-primary-objects-present,0,0,0,0,0,0,0,0,0,0,0,no-external-public-links,0,0,0,0,no-external-public-links
d6bdab54-ec11-4b54-85a9-311d6ce3b2c8,en,17936dba-7b9a-4737-90a9-a0464d7a4919,ex14,Crystal Guardians,Crystal Guardians,100,100,Complete,100,100,105,100,5,true,false,100,0,102,102,102,0,0,0,all-supabase-primary-objects-present,0,0,0,0,0,0,0,0,0,0,0,no-external-public-links,0,0,0,0,no-external-public-links
d6bdab54-ec11-4b54-85a9-311d6ce3b2c8,en,22af0c58-645c-42b6-a7d8-3e77e6b1e032,ex15,Dragon Frontiers,Dragon Frontiers,101,101,Complete,100,100,101,101,0,true,false,101,0,103,103,103,0,0,0,all-supabase-primary-objects-present,0,0,0,0,0,0,0,0,0,0,0,no-external-public-links,0,0,0,0,no-external-public-links
d6bdab54-ec11-4b54-85a9-311d6ce3b2c8,en,9703f44c-e45a-4bfb-952c-4e747357bd4e,ex16,Power Keepers,Power Keepers,108,108,Complete,100,100,114,108,6,true,false,108,0,110,110,110,0,0,0,all-supabase-primary-objects-present,0,0,0,0,0,0,0,0,0,0,0,no-external-public-links,0,0,0,0,no-external-public-links
d6bdab54-ec11-4b54-85a9-311d6ce3b2c8,en,a13f0885-b15c-4ad1-94b5-9902581273cb,ex2,Sandstorm,Sandstorm,100,100,Complete,100,100,194,100,94,true,false,100,0,102,102,102,0,0,0,all-supabase-primary-objects-present,0,0,0,0,0,0,0,0,0,0,0,no-external-public-links,0,0,0,0,no-external-public-links
d6bdab54-ec11-4b54-85a9-311d6ce3b2c8,en,30914b3d-b822-4a86-98a7-64f043e4c3bf,ex3,Dragon,Dragon,97,100,Complete,100,100,191,100,91,true,false,100,0,102,102,102,0,0,0,all-supabase-primary-objects-present,0,0,0,0,0,0,0,0,0,0,0,no-external-public-links,0,0,0,0,no-external-public-links
d6bdab54-ec11-4b54-85a9-311d6ce3b2c8,en,5ec7db1f-74f3-4ad0-8e80-24a1712c1730,ex4,Team Magma vs Team Aqua,Team Magma vs Team Aqua,95,97,Complete,100,100,187,97,90,true,false,97,0,99,99,99,0,0,0,all-supabase-primary-objects-present,0,0,0,0,0,0,0,0,0,0,0,no-external-public-links,0,0,0,0,no-external-public-links
d6bdab54-ec11-4b54-85a9-311d6ce3b2c8,en,d6412e14-45a5-48ed-81e0-70e09c56b9a3,ex5,Hidden Legends,Hidden Legends,101,102,Complete,100,100,199,102,97,true,false,102,0,104,104,104,0,0,0,all-supabase-primary-objects-present,0,0,0,0,0,0,0,0,0,0,0,no-external-public-links,0,0,0,0,no-external-public-links
d6bdab54-ec11-4b54-85a9-311d6ce3b2c8,en,71bc9b69-e786-4972-b126-d1f7bbc1311f,ex5.5,Poké Card Creator Pack,Poké Card Creator Pack,5,5,Images incomplete,0,0,5,0,5,false,false,5,0,0,0,0,0,0,0,no-current-public-asset-manifest-links,0,0,0,0,0,0,0,0,0,0,0,no-external-public-links,0,0,0,0,no-external-public-links
d6bdab54-ec11-4b54-85a9-311d6ce3b2c8,en,1f4123e5-329b-4d39-9d85-7a079593fbcf,ex6,FireRed & LeafGreen,FireRed & LeafGreen,112,116,Complete,100,100,219,116,103,true,false,116,0,118,118,118,0,0,0,all-supabase-primary-objects-present,0,0,0,0,0,0,0,0,0,0,0,no-external-public-links,0,0,0,0,no-external-public-links
d6bdab54-ec11-4b54-85a9-311d6ce3b2c8,en,b80b1e71-5fdf-4c7b-b08e-2970af16c6f6,ex7,Team Rocket Returns,Team Rocket Returns,109,111,Complete,100,100,210,111,99,true,false,111,0,113,113,113,0,0,0,all-supabase-primary-objects-present,0,0,0,0,0,0,0,0,0,0,0,no-external-public-links,0,0,0,0,no-external-public-links
d6bdab54-ec11-4b54-85a9-311d6ce3b2c8,en,3ef9a5ac-ff56-41e3-9c03-008368a5d58b,ex8,Deoxys,Deoxys,107,108,Images incomplete,54.55,100,209,108,101,true,false,108,0,110,110,110,0,0,0,all-supabase-primary-objects-present,0,0,0,0,0,0,0,0,0,0,0,no-external-public-links,0,0,0,0,no-external-public-links
d6bdab54-ec11-4b54-85a9-311d6ce3b2c8,en,3c2cf854-99c6-4986-ae3f-92d7b64ca691,ex9,Emerald,Emerald,106,107,Complete,100,100,203,107,96,true,false,107,0,109,109,109,0,0,0,all-supabase-primary-objects-present,0,0,0,0,0,0,0,0,0,0,0,no-external-public-links,0,0,0,0,no-external-public-links
d6bdab54-ec11-4b54-85a9-311d6ce3b2c8,en,8a187377-e1e3-4dc5-b3ef-4ab8ab58805f,exu,Unseen Forces Unown Collection,Unseen Forces Unown Collection,28,28,Images incomplete,0,0,28,0,28,false,false,28,0,0,0,0,0,0,0,no-current-public-asset-manifest-links,0,0,0,0,0,0,0,0,0,0,0,no-external-public-links,0,0,0,0,no-external-public-links
d6bdab54-ec11-4b54-85a9-311d6ce3b2c8,en,106ceeb1-5af7-4d5d-99ba-d37af82193e8,fut2020,Pokémon Futsal 2020,Pokémon Futsal 2020,5,5,Complete,100,100,5,5,0,true,false,5,0,7,7,7,0,0,0,all-supabase-primary-objects-present,0,0,0,0,0,0,0,0,0,0,0,no-external-public-links,0,0,0,0,no-external-public-links
d6bdab54-ec11-4b54-85a9-311d6ce3b2c8,en,63a759b9-e68f-481c-89ca-b77635a3f120,g1,Generations,Generations,83,117,Complete,100,100,117,117,0,true,false,117,0,119,119,119,0,0,0,all-supabase-primary-objects-present,0,0,0,0,0,0,0,0,0,0,0,no-external-public-links,0,0,0,0,no-external-public-links
d6bdab54-ec11-4b54-85a9-311d6ce3b2c8,en,0f4ffa8e-12e1-4d3f-907c-74186a29bf1b,gym1,Gym Heroes,Gym Heroes,132,132,Complete,100,100,264,132,132,true,false,132,0,134,134,134,0,0,0,all-supabase-primary-objects-present,0,0,0,0,0,0,0,0,0,0,0,no-external-public-links,0,0,0,0,no-external-public-links
d6bdab54-ec11-4b54-85a9-311d6ce3b2c8,en,f43aed17-4a1d-49b7-9f98-fbf3f0e44c8d,gym2,Gym Challenge,Gym Challenge,132,132,Complete,100,100,262,132,130,true,false,132,0,134,134,134,0,0,0,all-supabase-primary-objects-present,0,0,0,0,0,0,0,0,0,0,0,no-external-public-links,0,0,0,0,no-external-public-links
d6bdab54-ec11-4b54-85a9-311d6ce3b2c8,en,15cacaa9-5700-4067-b731-ca2bc452d5b7,hgss1,HeartGold SoulSilver,HeartGold SoulSilver,123,124,Complete,100,100,239,124,115,true,false,124,0,126,126,126,0,0,0,all-supabase-primary-objects-present,0,0,0,0,0,0,0,0,0,0,0,no-external-public-links,0,0,0,0,no-external-public-links
d6bdab54-ec11-4b54-85a9-311d6ce3b2c8,en,3be0e25e-8dbf-4edd-a75c-aae48dd673a8,hgss2,Unleashed,Unleashed,95,96,Complete,100,100,184,96,88,true,false,96,0,98,98,98,0,0,0,all-supabase-primary-objects-present,0,0,0,0,0,0,0,0,0,0,0,no-external-public-links,0,0,0,0,no-external-public-links
d6bdab54-ec11-4b54-85a9-311d6ce3b2c8,en,d48bebfe-e9a9-4b0c-adc9-cec8e109d93c,hgss3,Undaunted,Undaunted,90,91,Complete,100,100,177,91,86,true,false,91,0,93,93,93,0,0,0,all-supabase-primary-objects-present,0,0,0,0,0,0,0,0,0,0,0,no-external-public-links,0,0,0,0,no-external-public-links
d6bdab54-ec11-4b54-85a9-311d6ce3b2c8,en,623e0960-fbbf-4803-af40-960f3e0bbf9d,hgss4,Triumphant,Triumphant,102,103,Complete,100,100,201,103,98,true,false,103,0,105,105,105,0,0,0,all-supabase-primary-objects-present,0,0,0,0,0,0,0,0,0,0,0,no-external-public-links,0,0,0,0,no-external-public-links
d6bdab54-ec11-4b54-85a9-311d6ce3b2c8,en,5de74297-bb54-4c56-8b1a-701f89e41bc4,hgssp,HGSS Black Star Promos,HGSS Black Star Promos,25,25,Images incomplete,64,100,25,16,9,false,false,25,0,16,16,16,0,0,0,all-supabase-primary-objects-present,0,0,0,0,0,0,0,0,0,0,0,no-external-public-links,0,0,0,0,no-external-public-links
d6bdab54-ec11-4b54-85a9-311d6ce3b2c8,en,1f92f73d-c7ed-4f1b-b0cd-896ce13d2fab,lc,Legendary Collection,Legendary Collection,110,110,Complete,100,100,223,110,113,true,false,110,0,112,112,112,0,0,0,all-supabase-primary-objects-present,0,0,0,0,0,0,0,0,0,0,0,no-external-public-links,0,0,0,0,no-external-public-links
d6bdab54-ec11-4b54-85a9-311d6ce3b2c8,en,42d59aab-eccf-413f-8c19-d88f63664057,me01,Mega Evolution,Mega Evolution,132,188,Complete,100,100,328,188,140,true,false,188,0,190,190,190,0,0,0,all-supabase-primary-objects-present,0,0,0,0,0,0,0,0,0,0,0,no-external-public-links,0,0,0,0,no-external-public-links
d6bdab54-ec11-4b54-85a9-311d6ce3b2c8,en,977bf107-e10c-4d93-a7a4-3d7b775c5003,me02,Phantasmal Flames,Phantasmal Flames,94,130,Set art incomplete,100,50,218,130,88,true,false,130,0,131,131,131,0,0,0,all-supabase-primary-objects-present,0,0,0,0,0,0,0,0,0,0,0,no-external-public-links,0,0,0,0,no-external-public-links
d6bdab54-ec11-4b54-85a9-311d6ce3b2c8,en,ddc668c0-316e-4dab-8c51-625167508fd6,me02.5,Ascended Heroes,Ascended Heroes,217,295,Complete,100,100,484,295,189,true,false,295,0,297,297,297,0,0,0,all-supabase-primary-objects-present,0,0,0,0,0,0,0,0,0,0,0,no-external-public-links,0,0,0,0,no-external-public-links
d6bdab54-ec11-4b54-85a9-311d6ce3b2c8,en,a6a2829a-c5e6-444f-8d92-d6e0de9fdf64,me03,Perfect Order,Perfect Order,88,124,Complete,100,100,212,124,88,true,false,124,0,126,126,126,0,0,0,all-supabase-primary-objects-present,0,0,0,0,0,0,0,0,0,0,0,no-external-public-links,0,0,0,0,no-external-public-links
d6bdab54-ec11-4b54-85a9-311d6ce3b2c8,en,816ff627-a585-4953-99c4-a15c9b0b80e5,me04,Chaos Rising,Chaos Rising,86,122,Complete,100,100,201,122,79,true,false,122,0,124,124,124,0,0,0,all-supabase-primary-objects-present,0,0,0,0,0,0,0,0,0,0,0,no-external-public-links,0,0,0,0,no-external-public-links
d6bdab54-ec11-4b54-85a9-311d6ce3b2c8,en,d6d58c17-5923-496e-94ef-5819f34ae10c,me05,Pitch Black,Pitch Black,84,120,Complete,100,100,194,120,74,false,false,120,0,121,121,121,0,0,0,all-supabase-primary-objects-present,0,0,0,0,0,0,0,0,0,0,0,no-external-public-links,0,0,0,0,no-external-public-links
d6bdab54-ec11-4b54-85a9-311d6ce3b2c8,en,6f4ff21c-f7e5-42bd-9ac1-ce0212ae1061,mee,Mega Evolution Energy,Mega Evolution Energy,8,8,Images incomplete,0,0,16,0,16,false,false,8,0,0,0,0,0,0,0,no-current-public-asset-manifest-links,0,0,0,0,0,0,0,0,0,0,0,no-external-public-links,0,0,0,0,no-external-public-links
d6bdab54-ec11-4b54-85a9-311d6ce3b2c8,en,36c13b17-0e5f-42aa-a7c9-9ff7acd71e01,mep,MEP Black Star Promos,MEP Black Star Promos,0,89,Images incomplete,0,0,89,0,89,false,false,89,0,0,0,0,0,0,0,no-current-public-asset-manifest-links,0,0,0,0,0,0,0,0,0,0,0,no-external-public-links,0,0,0,0,no-external-public-links
d6bdab54-ec11-4b54-85a9-311d6ce3b2c8,en,460a0854-bfcb-48b9-8531-6f0565a8dd6c,mfb,My First Battle,My First Battle,48,34,Metadata incomplete,0,0,34,0,34,false,false,34,0,0,0,0,0,0,0,no-current-public-asset-manifest-links,0,0,0,0,0,0,0,0,0,0,0,no-external-public-links,0,0,0,0,no-external-public-links
d6bdab54-ec11-4b54-85a9-311d6ce3b2c8,en,eca6d92c-f625-4ec1-bcd4-f77c31faa237,miscp,Miscellaneous Promos,Miscellaneous Promos,1,1,Images incomplete,0,0,1,0,1,false,false,1,0,0,0,0,0,0,0,no-current-public-asset-manifest-links,0,0,0,0,0,0,0,0,0,0,0,no-external-public-links,0,0,0,0,no-external-public-links
d6bdab54-ec11-4b54-85a9-311d6ce3b2c8,en,d9a2e898-8c13-4ec3-a57e-7e27e33dec08,neo1,Neo Genesis,Neo Genesis,111,111,Complete,100,100,222,111,111,true,false,111,0,113,113,113,0,0,0,all-supabase-primary-objects-present,0,0,0,0,0,0,0,0,0,0,0,no-external-public-links,0,0,0,0,no-external-public-links
d6bdab54-ec11-4b54-85a9-311d6ce3b2c8,en,0f227cc4-90c0-4e1b-b91f-811b3d13630d,neo2,Neo Discovery,Neo Discovery,75,75,Complete,100,100,150,75,75,true,false,75,0,76,76,76,0,0,0,all-supabase-primary-objects-present,0,0,0,0,0,0,0,0,0,0,0,no-external-public-links,0,0,0,0,no-external-public-links
d6bdab54-ec11-4b54-85a9-311d6ce3b2c8,en,6594ca6d-beb9-4b02-91c4-c2f1d5765712,neo3,Neo Revelation,Neo Revelation,64,66,Complete,100,100,132,66,66,true,false,66,0,68,68,68,0,0,0,all-supabase-primary-objects-present,0,0,0,0,0,0,0,0,0,0,0,no-external-public-links,0,0,0,0,no-external-public-links
d6bdab54-ec11-4b54-85a9-311d6ce3b2c8,en,76866762-6684-44e1-bd7d-11a741f408d2,neo4,Neo Destiny,Neo Destiny,105,113,Complete,100,100,226,113,113,true,false,113,0,114,114,114,0,0,0,all-supabase-primary-objects-present,0,0,0,0,0,0,0,0,0,0,0,no-external-public-links,0,0,0,0,no-external-public-links
d6bdab54-ec11-4b54-85a9-311d6ce3b2c8,en,e6a38c42-178e-4875-8090-fe559404207f,np,Nintendo Black Star Promos,Nintendo Black Star Promos,40,40,Complete,100,100,48,40,8,false,false,40,0,41,41,41,0,0,0,all-supabase-primary-objects-present,0,0,0,0,0,0,0,0,0,0,0,no-external-public-links,0,0,0,0,no-external-public-links
d6bdab54-ec11-4b54-85a9-311d6ce3b2c8,en,06abb851-f530-4fc2-b672-2cdccfce77ba,P-A,Promos-A,Promos-A,0,100,Images incomplete,73,50,100,38,62,true,false,100,0,39,39,39,0,0,0,all-supabase-primary-objects-present,0,0,0,0,0,0,0,0,0,0,0,no-external-public-links,0,0,0,0,no-external-public-links
d6bdab54-ec11-4b54-85a9-311d6ce3b2c8,en,2f77da8e-8199-4634-b30d-385565560731,PBL,Pitch Black,Pitch Black,84,120,Images incomplete,0,0,120,0,120,false,false,120,0,0,0,0,0,0,0,no-current-public-asset-manifest-links,0,0,0,0,0,0,0,0,0,0,0,no-external-public-links,0,0,0,0,no-external-public-links
d6bdab54-ec11-4b54-85a9-311d6ce3b2c8,en,772c70cd-95c5-4912-9468-3b5a3043f2cf,pl1,Platinum,Platinum,127,133,Complete,100,100,257,133,124,true,false,133,0,135,135,135,0,0,0,all-supabase-primary-objects-present,0,0,0,0,0,0,0,0,0,0,0,no-external-public-links,0,0,0,0,no-external-public-links
d6bdab54-ec11-4b54-85a9-311d6ce3b2c8,en,7c7f44f6-750c-4035-8b59-55f6bc45e26d,pl2,Rising Rivals,Rising Rivals,111,120,Images incomplete,99.12,100,228,119,109,true,false,120,0,121,121,121,0,0,0,all-supabase-primary-objects-present,0,0,0,0,0,0,0,0,0,0,0,no-external-public-links,0,0,0,0,no-external-public-links
d6bdab54-ec11-4b54-85a9-311d6ce3b2c8,en,3e60ee1c-a63d-4473-8315-da90535f25cb,pl3,Supreme Victors,Supreme Victors,147,153,Images incomplete,99.33,100,297,153,144,true,false,153,0,155,155,155,0,0,0,all-supabase-primary-objects-present,0,0,0,0,0,0,0,0,0,0,0,no-external-public-links,0,0,0,0,no-external-public-links
d6bdab54-ec11-4b54-85a9-311d6ce3b2c8,en,9b581912-773f-4599-a94f-ab01fe9e0f4d,pl4,Arceus,Arceus,99,111,Complete,100,100,207,111,96,true,false,111,0,113,113,113,0,0,0,all-supabase-primary-objects-present,0,0,0,0,0,0,0,0,0,0,0,no-external-public-links,0,0,0,0,no-external-public-links
d6bdab54-ec11-4b54-85a9-311d6ce3b2c8,en,9ce6fbec-2f97-440d-bf13-4c6de2e4c174,pop1,POP Series 1,POP Series 1,17,17,Complete,100,100,24,17,7,false,false,17,0,18,18,18,0,0,0,all-supabase-primary-objects-present,0,0,0,0,0,0,0,0,0,0,0,no-external-public-links,0,0,0,0,no-external-public-links
d6bdab54-ec11-4b54-85a9-311d6ce3b2c8,en,698426c9-3d79-4cdd-8bf7-d33c50be9b39,pop2,POP Series 2,POP Series 2,17,17,Complete,100,100,24,17,7,false,false,17,0,18,18,18,0,0,0,all-supabase-primary-objects-present,0,0,0,0,0,0,0,0,0,0,0,no-external-public-links,0,0,0,0,no-external-public-links
d6bdab54-ec11-4b54-85a9-311d6ce3b2c8,en,72847a6b-b6c1-4cbd-a0ec-d364297c9d4e,pop3,POP Series 3,POP Series 3,17,17,Complete,100,100,24,17,7,false,false,17,0,18,18,18,0,0,0,all-supabase-primary-objects-present,0,0,0,0,0,0,0,0,0,0,0,no-external-public-links,0,0,0,0,no-external-public-links
d6bdab54-ec11-4b54-85a9-311d6ce3b2c8,en,455ffff6-bd35-42a1-be69-082e9fafc01f,pop4,POP Series 4,POP Series 4,17,17,Complete,100,100,24,17,7,false,false,17,0,18,18,18,0,0,0,all-supabase-primary-objects-present,0,0,0,0,0,0,0,0,0,0,0,no-external-public-links,0,0,0,0,no-external-public-links
d6bdab54-ec11-4b54-85a9-311d6ce3b2c8,en,c0e878e4-e882-4736-a3fd-aba9efe393e4,pop5,POP Series 5,POP Series 5,17,17,Complete,100,100,24,17,7,false,false,17,0,18,18,18,0,0,0,all-supabase-primary-objects-present,0,0,0,0,0,0,0,0,0,0,0,no-external-public-links,0,0,0,0,no-external-public-links
d6bdab54-ec11-4b54-85a9-311d6ce3b2c8,en,6f5ccfcc-bd4f-439e-aa9a-654afdbfc6f6,pop6,POP Series 6,POP Series 6,17,17,Images incomplete,88,100,25,15,10,false,false,17,0,16,16,16,0,0,0,all-supabase-primary-objects-present,0,0,0,0,0,0,0,0,0,0,0,no-external-public-links,0,0,0,0,no-external-public-links
d6bdab54-ec11-4b54-85a9-311d6ce3b2c8,en,bdf571e3-4ca9-40dc-87bd-e6c1952915bf,pop7,POP Series 7,POP Series 7,17,17,Complete,100,100,24,17,7,false,false,17,0,18,18,18,0,0,0,all-supabase-primary-objects-present,0,0,0,0,0,0,0,0,0,0,0,no-external-public-links,0,0,0,0,no-external-public-links
d6bdab54-ec11-4b54-85a9-311d6ce3b2c8,en,68fb188b-deb9-46ff-88a9-db0d1f5d34f6,pop8,POP Series 8,POP Series 8,17,17,Complete,100,100,29,17,12,true,false,17,0,19,19,19,0,0,0,all-supabase-primary-objects-present,0,0,0,0,0,0,0,0,0,0,0,no-external-public-links,0,0,0,0,no-external-public-links
d6bdab54-ec11-4b54-85a9-311d6ce3b2c8,en,fd0c8655-1296-4913-8d91-74783836cd59,pop9,POP Series 9,POP Series 9,17,17,Complete,100,100,22,17,5,false,false,17,0,18,18,18,0,0,0,all-supabase-primary-objects-present,0,0,0,0,0,0,0,0,0,0,0,no-external-public-links,0,0,0,0,no-external-public-links
d6bdab54-ec11-4b54-85a9-311d6ce3b2c8,en,a05be832-81a3-4f39-9fb2-0be6c0c73727,ru1,Pokémon Rumble,Pokémon Rumble,16,16,Complete,100,100,16,16,0,true,false,16,0,18,18,18,0,0,0,all-supabase-primary-objects-present,0,0,0,0,0,0,0,0,0,0,0,no-external-public-links,0,0,0,0,no-external-public-links
d6bdab54-ec11-4b54-85a9-311d6ce3b2c8,en,3a75eae6-7d72-4227-bf44-4068c80e01fd,si1,Southern Islands,Southern Islands,18,18,Complete,100,100,18,18,0,true,false,18,0,20,20,20,0,0,0,all-supabase-primary-objects-present,0,0,0,0,0,0,0,0,0,0,0,no-external-public-links,0,0,0,0,no-external-public-links
d6bdab54-ec11-4b54-85a9-311d6ce3b2c8,en,ad42d9fa-77e8-4ea4-a591-0591acd4e853,sm1,Sun & Moon,Sun & Moon,149,172,Complete,100,100,172,172,0,true,false,172,0,174,174,174,0,0,0,all-supabase-primary-objects-present,0,0,0,0,0,0,0,0,0,0,0,no-external-public-links,0,0,0,0,no-external-public-links
d6bdab54-ec11-4b54-85a9-311d6ce3b2c8,en,f77f15b5-a8c7-42be-8f28-297180da8ae3,sm10,Unbroken Bonds,Unbroken Bonds,214,234,Complete,100,100,234,234,0,true,false,234,0,236,236,236,0,0,0,all-supabase-primary-objects-present,0,0,0,0,0,0,0,0,0,0,0,no-external-public-links,0,0,0,0,no-external-public-links
d6bdab54-ec11-4b54-85a9-311d6ce3b2c8,en,899893bc-ede1-4d5a-bb04-54bccf247110,sm11,Unified Minds,Unified Minds,236,258,Complete,100,100,258,258,0,true,false,258,0,260,260,260,0,0,0,all-supabase-primary-objects-present,0,0,0,0,0,0,0,0,0,0,0,no-external-public-links,0,0,0,0,no-external-public-links
d6bdab54-ec11-4b54-85a9-311d6ce3b2c8,en,60749dc8-20cb-428f-a410-35e1200cea03,sm115,Hidden Fates,Hidden Fates,68,69,Complete,100,100,69,69,0,true,false,69,0,71,71,71,0,0,0,all-supabase-primary-objects-present,0,0,0,0,0,0,0,0,0,0,0,no-external-public-links,0,0,0,0,no-external-public-links
d6bdab54-ec11-4b54-85a9-311d6ce3b2c8,en,b3e4c7e0-f614-4b04-929a-b8c1cfc8609e,sm12,Cosmic Eclipse,Cosmic Eclipse,236,271,Complete,100,100,271,271,0,true,false,271,0,273,273,273,0,0,0,all-supabase-primary-objects-present,0,0,0,0,0,0,0,0,0,0,0,no-external-public-links,0,0,0,0,no-external-public-links
d6bdab54-ec11-4b54-85a9-311d6ce3b2c8,en,84d8a262-794d-45ee-9d65-ba8528ed1f76,sm2,Guardians Rising,Guardians Rising,145,169,Images incomplete,99.41,100,169,168,1,true,false,169,0,170,170,170,0,0,0,all-supabase-primary-objects-present,0,0,0,0,0,0,0,0,0,0,0,no-external-public-links,0,0,0,0,no-external-public-links
d6bdab54-ec11-4b54-85a9-311d6ce3b2c8,en,0fe827db-b417-4ff2-8506-536546338e74,sm3,Burning Shadows,Burning Shadows,147,169,Complete,100,100,289,169,120,true,false,169,0,171,171,171,0,0,0,all-supabase-primary-objects-present,0,0,0,0,0,0,0,0,0,0,0,no-external-public-links,0,0,0,0,no-external-public-links
d6bdab54-ec11-4b54-85a9-311d6ce3b2c8,en,944a1f4e-a7cd-4ff1-a8ec-cc8f35d3c6d0,sm3.5,Shining Legends,Shining Legends,73,78,Images incomplete,0,0,78,0,78,false,false,78,0,0,0,0,0,0,0,no-current-public-asset-manifest-links,0,0,0,0,0,0,0,0,0,0,0,no-external-public-links,0,0,0,0,no-external-public-links
d6bdab54-ec11-4b54-85a9-311d6ce3b2c8,en,cc5b8c70-db14-4fa9-af42-4c43a1bedbd0,sm4,Crimson Invasion,Crimson Invasion,111,125,Complete,100,100,125,125,0,true,false,125,0,127,127,127,0,0,0,all-supabase-primary-objects-present,0,0,0,0,0,0,0,0,0,0,0,no-external-public-links,0,0,0,0,no-external-public-links
d6bdab54-ec11-4b54-85a9-311d6ce3b2c8,en,eb6b35a6-91b3-4ff8-b739-a89f072646ef,sm5,Ultra Prism,Ultra Prism,156,173,Complete,100,100,173,173,0,true,false,173,0,175,175,175,0,0,0,all-supabase-primary-objects-present,0,0,0,0,0,0,0,0,0,0,0,no-external-public-links,0,0,0,0,no-external-public-links
d6bdab54-ec11-4b54-85a9-311d6ce3b2c8,en,d1bbf0dd-20e9-47f9-927f-7e7a7a555642,sm6,Forbidden Light,Forbidden Light,131,146,Images incomplete,95.89,100,146,140,6,true,false,146,0,142,142,142,0,0,0,all-supabase-primary-objects-present,0,0,0,0,0,0,0,0,0,0,0,no-external-public-links,0,0,0,0,no-external-public-links
d6bdab54-ec11-4b54-85a9-311d6ce3b2c8,en,01f1a9bb-9eda-4137-a544-c065bb920545,sm7,Celestial Storm,Celestial Storm,168,183,Complete,100,100,183,183,0,true,false,183,0,185,185,185,0,0,0,all-supabase-primary-objects-present,0,0,0,0,0,0,0,0,0,0,0,no-external-public-links,0,0,0,0,no-external-public-links
d6bdab54-ec11-4b54-85a9-311d6ce3b2c8,en,702e4fd6-5396-43b5-a98f-a736e7dcd48c,sm7.5,Dragon Majesty,Dragon Majesty,70,78,Images incomplete,0,0,78,0,78,false,false,78,0,0,0,0,0,0,0,no-current-public-asset-manifest-links,0,0,0,0,0,0,0,0,0,0,0,no-external-public-links,0,0,0,0,no-external-public-links
d6bdab54-ec11-4b54-85a9-311d6ce3b2c8,en,d237001c-03b2-424f-8855-6c459ef57b43,sm8,Lost Thunder,Lost Thunder,214,236,Complete,100,100,236,236,0,true,false,236,0,238,238,238,0,0,0,all-supabase-primary-objects-present,0,0,0,0,0,0,0,0,0,0,0,no-external-public-links,0,0,0,0,no-external-public-links
d6bdab54-ec11-4b54-85a9-311d6ce3b2c8,en,67484037-191a-4fd6-bf2e-8e2dbf46e36b,sm9,Team Up,Team Up,181,196,Complete,100,100,196,196,0,true,false,196,0,198,198,198,0,0,0,all-supabase-primary-objects-present,0,0,0,0,0,0,0,0,0,0,0,no-external-public-links,0,0,0,0,no-external-public-links
d6bdab54-ec11-4b54-85a9-311d6ce3b2c8,en,fde121ce-e43c-4851-ac6c-8b151d7d0ab8,sma,Hidden Fates Shiny Vault,Hidden Fates Shiny Vault,94,94,Set art incomplete,100,50,94,94,0,false,false,94,0,95,95,95,0,0,0,all-supabase-primary-objects-present,0,0,0,0,0,0,0,0,0,0,0,no-external-public-links,0,0,0,0,no-external-public-links
d6bdab54-ec11-4b54-85a9-311d6ce3b2c8,en,c5bc0f58-c30c-4115-acc9-3a6d64420cda,smp,SM Black Star Promos,SM Black Star Promos,248,248,Images incomplete,72.98,100,248,181,67,false,false,248,0,181,181,181,0,0,0,all-supabase-primary-objects-present,0,0,0,0,0,0,0,0,0,0,0,no-external-public-links,0,0,0,0,no-external-public-links
d6bdab54-ec11-4b54-85a9-311d6ce3b2c8,en,79232cb7-c397-48b2-adc7-9af9a8fc382d,sp,Sample,Sample,10,10,Metadata incomplete,100,50,0,0,0,false,false,0,0,1,1,1,0,0,0,all-supabase-primary-objects-present,0,0,0,0,0,0,0,0,0,0,0,no-external-public-links,0,0,0,0,no-external-public-links
d6bdab54-ec11-4b54-85a9-311d6ce3b2c8,en,23addc10-7c42-4f3d-aa94-21a2a6ec6011,sv01,Scarlet & Violet,Scarlet & Violet,198,258,Complete,100,100,444,258,186,true,false,258,0,260,260,260,0,0,0,all-supabase-primary-objects-present,0,0,0,0,0,0,0,0,0,0,0,no-external-public-links,0,0,0,0,no-external-public-links
d6bdab54-ec11-4b54-85a9-311d6ce3b2c8,en,33342e0c-da19-4d33-a5c3-df0ede2260f4,sv02,Paldea Evolved,Paldea Evolved,193,279,Complete,100,100,461,279,182,true,false,279,0,281,281,281,0,0,0,all-supabase-primary-objects-present,0,0,0,0,0,0,0,0,0,0,0,no-external-public-links,0,0,0,0,no-external-public-links
d6bdab54-ec11-4b54-85a9-311d6ce3b2c8,en,8a4ba2ca-76e9-4f70-b0b4-7074bffe8c75,sv03,Obsidian Flames,Obsidian Flames,197,230,Images incomplete,98.12,100,425,230,195,true,false,230,0,232,232,232,0,0,0,all-supabase-primary-objects-present,0,0,0,0,0,0,0,0,0,0,0,no-external-public-links,0,0,0,0,no-external-public-links
d6bdab54-ec11-4b54-85a9-311d6ce3b2c8,en,f2d0385c-1aae-44a9-b301-bf13da9a131e,sv03.5,151,151,165,207,Complete,100,100,362,207,155,true,false,207,0,209,209,209,0,0,0,all-supabase-primary-objects-present,0,0,0,0,0,0,0,0,0,0,0,no-external-public-links,0,0,0,0,no-external-public-links
d6bdab54-ec11-4b54-85a9-311d6ce3b2c8,en,5b81a847-50b5-410c-b6a2-c2a50bff76b6,sv04,Paradox Rift,Paradox Rift,182,266,Complete,100,100,432,266,166,true,false,266,0,268,268,268,0,0,0,all-supabase-primary-objects-present,0,0,0,0,0,0,0,0,0,0,0,no-external-public-links,0,0,0,0,no-external-public-links
d6bdab54-ec11-4b54-85a9-311d6ce3b2c8,en,47e83522-7615-40cf-b62a-ffa3c0ad55a6,sv04.5,Paldean Fates,Paldean Fates,91,245,Complete,100,100,328,245,83,true,false,245,0,247,247,247,0,0,0,all-supabase-primary-objects-present,0,0,0,0,0,0,0,0,0,0,0,no-external-public-links,0,0,0,0,no-external-public-links
d6bdab54-ec11-4b54-85a9-311d6ce3b2c8,en,d6df9ecd-74e4-434b-b28c-570fee69a9b9,sv05,Temporal Forces,Temporal Forces,162,218,Set art incomplete,100,50,379,218,161,false,false,218,0,219,219,219,0,0,0,all-supabase-primary-objects-present,0,0,0,0,0,0,0,0,0,0,0,no-external-public-links,0,0,0,0,no-external-public-links
d6bdab54-ec11-4b54-85a9-311d6ce3b2c8,en,fab8637c-da98-4be7-969e-3f558e71871f,sv06,Twilight Masquerade,Twilight Masquerade,167,226,Complete,100,100,384,226,158,true,false,226,0,228,228,228,0,0,0,all-supabase-primary-objects-present,0,0,0,0,0,0,0,0,0,0,0,no-external-public-links,0,0,0,0,no-external-public-links
d6bdab54-ec11-4b54-85a9-311d6ce3b2c8,en,10cc2b5d-b4e5-4c68-841b-b02b7cc4f06e,sv06.5,Shrouded Fable,Shrouded Fable,64,99,Complete,100,100,156,99,57,true,false,99,0,101,101,101,0,0,0,all-supabase-primary-objects-present,0,0,0,0,0,0,0,0,0,0,0,no-external-public-links,0,0,0,0,no-external-public-links
d6bdab54-ec11-4b54-85a9-311d6ce3b2c8,en,2a6febb5-52ca-485d-885d-7d0adc094540,sv07,Stellar Crown,Stellar Crown,142,175,Set art incomplete,100,50,304,175,129,true,false,175,0,176,176,176,0,0,0,all-supabase-primary-objects-present,0,0,0,0,0,0,0,0,0,0,0,no-external-public-links,0,0,0,0,no-external-public-links
d6bdab54-ec11-4b54-85a9-311d6ce3b2c8,en,6203fef9-a8e6-4b20-b80a-68447b2166fc,sv08,Surging Sparks,Surging Sparks,191,252,Set art incomplete,100,50,422,252,170,true,false,252,0,253,253,253,0,0,0,all-supabase-primary-objects-present,0,0,0,0,0,0,0,0,0,0,0,no-external-public-links,0,0,0,0,no-external-public-links
d6bdab54-ec11-4b54-85a9-311d6ce3b2c8,en,fb3cd93c-9006-42f5-b026-96a9fedcf269,sv08.5,Prismatic Evolutions,Prismatic Evolutions,131,180,Set art incomplete,100,50,281,180,101,true,false,180,0,181,181,181,0,0,0,all-supabase-primary-objects-present,0,0,0,0,0,0,0,0,0,0,0,no-external-public-links,0,0,0,0,no-external-public-links
d6bdab54-ec11-4b54-85a9-311d6ce3b2c8,en,4f3046f3-9ab7-4068-a7df-dbe2b08c263c,sv09,Journey Together,Journey Together,159,190,Complete,100,100,349,190,159,true,false,190,0,192,192,192,0,0,0,all-supabase-primary-objects-present,0,0,0,0,0,0,0,0,0,0,0,no-external-public-links,0,0,0,0,no-external-public-links
d6bdab54-ec11-4b54-85a9-311d6ce3b2c8,en,8794c18f-e977-4e4a-965e-a0cb712435be,sv10,Destined Rivals,Destined Rivals,182,244,Complete,100,100,416,244,172,true,false,244,0,246,246,246,0,0,0,all-supabase-primary-objects-present,0,0,0,0,0,0,0,0,0,0,0,no-external-public-links,0,0,0,0,no-external-public-links
d6bdab54-ec11-4b54-85a9-311d6ce3b2c8,en,ba4fbfd1-901d-4a00-b27f-a30eb8946bb2,sv10.5b,Black Bolt,Black Bolt,86,172,Complete,100,100,254,172,82,true,false,172,0,174,174,174,0,0,0,all-supabase-primary-objects-present,0,0,0,0,0,0,0,0,0,0,0,no-external-public-links,0,0,0,0,no-external-public-links
d6bdab54-ec11-4b54-85a9-311d6ce3b2c8,en,e7196d4a-f97d-466a-853c-87c58d6456cd,sv10.5w,White Flare,White Flare,86,173,Complete,100,100,255,173,82,true,false,173,0,175,175,175,0,0,0,all-supabase-primary-objects-present,0,0,0,0,0,0,0,0,0,0,0,no-external-public-links,0,0,0,0,no-external-public-links
d6bdab54-ec11-4b54-85a9-311d6ce3b2c8,en,dba20c6b-1ded-41d5-b44e-ad70bbf94ac8,sve,Scarlet & Violet Energy,Scarlet & Violet Energy,24,24,Images incomplete,0,0,48,0,48,false,false,24,0,0,0,0,0,0,0,no-current-public-asset-manifest-links,0,0,0,0,0,0,0,0,0,0,0,no-external-public-links,0,0,0,0,no-external-public-links
d6bdab54-ec11-4b54-85a9-311d6ce3b2c8,en,6700cb91-6deb-45ab-935a-0f262b32dd59,svp,SVP Black Star Promos,SVP Black Star Promos,225,226,Images incomplete,84.58,0,227,211,16,false,false,226,0,211,211,211,0,0,0,all-supabase-primary-objects-present,0,0,0,0,0,0,0,0,0,0,0,no-external-public-links,0,0,0,0,no-external-public-links
d6bdab54-ec11-4b54-85a9-311d6ce3b2c8,en,b6278586-87f3-46cd-8860-85df64612cfc,swsh1,Sword & Shield,Sword & Shield,202,216,Complete,100,100,380,216,164,true,false,216,0,218,218,218,0,0,0,all-supabase-primary-objects-present,0,0,0,0,0,0,0,0,0,0,0,no-external-public-links,0,0,0,0,no-external-public-links
d6bdab54-ec11-4b54-85a9-311d6ce3b2c8,en,819d7be8-9fa9-4f20-975c-9328a7ffbd9c,swsh10,Astral Radiance,Astral Radiance,189,216,Complete,100,100,345,216,129,true,false,216,0,218,218,218,0,0,0,all-supabase-primary-objects-present,0,0,0,0,0,0,0,0,0,0,0,no-external-public-links,0,0,0,0,no-external-public-links
d6bdab54-ec11-4b54-85a9-311d6ce3b2c8,en,ffec8524-253a-4e66-884c-7e647a15d40d,swsh10.5,Pokémon GO,Pokémon GO,78,88,Complete,100,100,148,88,60,true,false,88,0,90,90,90,0,0,0,all-supabase-primary-objects-present,0,0,0,0,0,0,0,0,0,0,0,no-external-public-links,0,0,0,0,no-external-public-links
d6bdab54-ec11-4b54-85a9-311d6ce3b2c8,en,f29d8d09-3abb-4527-9eec-bf138f50dd38,swsh10tg,Astral Radiance Trainer Gallery,Astral Radiance Trainer Gallery,30,30,Images incomplete,0,0,30,0,30,false,false,30,0,0,0,0,0,0,0,no-current-public-asset-manifest-links,0,0,0,0,0,0,0,0,0,0,0,no-external-public-links,0,0,0,0,no-external-public-links
d6bdab54-ec11-4b54-85a9-311d6ce3b2c8,en,d91046d7-be79-4824-960a-4a0979f023a0,swsh11,Lost Origin,Lost Origin,196,217,Complete,100,100,367,217,150,true,false,217,0,219,219,219,0,0,0,all-supabase-primary-objects-present,0,0,0,0,0,0,0,0,0,0,0,no-external-public-links,0,0,0,0,no-external-public-links
d6bdab54-ec11-4b54-85a9-311d6ce3b2c8,en,e6de4739-e58c-460b-851e-856234d8c3a4,swsh11tg,Lost Origin Trainer Gallery,Lost Origin Trainer Gallery,30,30,Images incomplete,0,0,30,0,30,false,false,30,0,0,0,0,0,0,0,no-current-public-asset-manifest-links,0,0,0,0,0,0,0,0,0,0,0,no-external-public-links,0,0,0,0,no-external-public-links
d6bdab54-ec11-4b54-85a9-311d6ce3b2c8,en,09351915-b132-4be6-b98e-aa773aac65ad,swsh12,Silver Tempest,Silver Tempest,195,215,Complete,100,100,359,215,144,true,false,215,0,217,217,217,0,0,0,all-supabase-primary-objects-present,0,0,0,0,0,0,0,0,0,0,0,no-external-public-links,0,0,0,0,no-external-public-links
d6bdab54-ec11-4b54-85a9-311d6ce3b2c8,en,42096fc0-51f2-4805-a114-e6f2811a0c49,swsh12.5,Crown Zenith,Crown Zenith,159,160,Complete,100,100,272,160,112,true,false,160,0,162,162,162,0,0,0,all-supabase-primary-objects-present,0,0,0,0,0,0,0,0,0,0,0,no-external-public-links,0,0,0,0,no-external-public-links
d6bdab54-ec11-4b54-85a9-311d6ce3b2c8,en,8bb033f3-6059-4f5f-a021-c363241092a1,swsh12.5gg,Crown Zenith Galarian Gallery,Crown Zenith Galarian Gallery,70,70,Images incomplete,0,0,70,0,70,false,false,70,0,0,0,0,0,0,0,no-current-public-asset-manifest-links,0,0,0,0,0,0,0,0,0,0,0,no-external-public-links,0,0,0,0,no-external-public-links
d6bdab54-ec11-4b54-85a9-311d6ce3b2c8,en,422dfa7c-c4a6-4aa8-8c07-6633df0c1ab9,swsh12tg,Silver Tempest Trainer Gallery,Silver Tempest Trainer Gallery,30,30,Images incomplete,0,0,30,0,30,false,false,30,0,0,0,0,0,0,0,no-current-public-asset-manifest-links,0,0,0,0,0,0,0,0,0,0,0,no-external-public-links,0,0,0,0,no-external-public-links
d6bdab54-ec11-4b54-85a9-311d6ce3b2c8,en,564ce799-f9bc-43a1-a70a-bd6d5b0dfe76,swsh2,Rebel Clash,Rebel Clash,192,209,Complete,100,100,361,209,152,true,false,209,0,211,211,211,0,0,0,all-supabase-primary-objects-present,0,0,0,0,0,0,0,0,0,0,0,no-external-public-links,0,0,0,0,no-external-public-links
d6bdab54-ec11-4b54-85a9-311d6ce3b2c8,en,fef7d309-9879-4639-9e4c-8d80122f0f3a,swsh3,Darkness Ablaze,Darkness Ablaze,189,201,Complete,100,100,358,201,157,true,false,201,0,203,203,203,0,0,0,all-supabase-primary-objects-present,0,0,0,0,0,0,0,0,0,0,0,no-external-public-links,0,0,0,0,no-external-public-links
d6bdab54-ec11-4b54-85a9-311d6ce3b2c8,en,317430c1-52e0-420f-a17e-2efbcc43dec6,swsh3.5,Champion's Path,Champion's Path,73,80,Complete,100,100,134,80,54,true,false,80,0,82,82,82,0,0,0,all-supabase-primary-objects-present,0,0,0,0,0,0,0,0,0,0,0,no-external-public-links,0,0,0,0,no-external-public-links
d6bdab54-ec11-4b54-85a9-311d6ce3b2c8,en,c40a79a9-69f9-482b-aa3b-0867059eb66d,swsh4,Vivid Voltage,Vivid Voltage,185,203,Complete,100,100,347,203,144,true,false,203,0,205,205,205,0,0,0,all-supabase-primary-objects-present,0,0,0,0,0,0,0,0,0,0,0,no-external-public-links,0,0,0,0,no-external-public-links
d6bdab54-ec11-4b54-85a9-311d6ce3b2c8,en,1b9afc9d-bce8-4cff-819a-884ddf2f8f76,swsh4.5,Shining Fates,Shining Fates,72,73,Complete,100,100,120,73,47,true,false,73,0,75,75,75,0,0,0,all-supabase-primary-objects-present,0,0,0,0,0,0,0,0,0,0,0,no-external-public-links,0,0,0,0,no-external-public-links
d6bdab54-ec11-4b54-85a9-311d6ce3b2c8,en,3d504918-a4a4-4ec6-9ba5-f51d676832e5,swsh4.5sv,Shining Fates Shiny Vault,Shining Fates Shiny Vault,122,122,Images incomplete,0,0,122,0,122,false,false,122,0,0,0,0,0,0,0,no-current-public-asset-manifest-links,0,0,0,0,0,0,0,0,0,0,0,no-external-public-links,0,0,0,0,no-external-public-links
d6bdab54-ec11-4b54-85a9-311d6ce3b2c8,en,04dc5049-cf3a-4e5e-ad1e-85c077d03cce,swsh5,Battle Styles,Battle Styles,163,183,Complete,100,100,308,183,125,true,false,183,0,185,185,185,0,0,0,all-supabase-primary-objects-present,0,0,0,0,0,0,0,0,0,0,0,no-external-public-links,0,0,0,0,no-external-public-links
d6bdab54-ec11-4b54-85a9-311d6ce3b2c8,en,2fd9b10d-505e-44af-9ec6-b01e7da63c1f,swsh6,Chilling Reign,Chilling Reign,198,233,Complete,100,100,370,233,137,true,false,233,0,235,235,235,0,0,0,all-supabase-primary-objects-present,0,0,0,0,0,0,0,0,0,0,0,no-external-public-links,0,0,0,0,no-external-public-links
d6bdab54-ec11-4b54-85a9-311d6ce3b2c8,en,5534149f-25ec-4195-b873-7dfbe40e5aac,swsh7,Evolving Skies,Evolving Skies,203,237,Complete,100,100,370,237,133,true,false,237,0,239,239,239,0,0,0,all-supabase-primary-objects-present,0,0,0,0,0,0,0,0,0,0,0,no-external-public-links,0,0,0,0,no-external-public-links
d6bdab54-ec11-4b54-85a9-311d6ce3b2c8,en,6032d5e3-a6c5-41a5-a2f2-0edb343e092b,swsh8,Fusion Strike,Fusion Strike,264,284,Complete,100,100,502,284,218,true,false,284,0,286,286,286,0,0,0,all-supabase-primary-objects-present,0,0,0,0,0,0,0,0,0,0,0,no-external-public-links,0,0,0,0,no-external-public-links
d6bdab54-ec11-4b54-85a9-311d6ce3b2c8,en,c70da69d-57d8-4ea3-9952-b27882fef91e,swsh9,Brilliant Stars,Brilliant Stars,172,186,Complete,100,100,310,186,124,true,false,186,0,188,188,188,0,0,0,all-supabase-primary-objects-present,0,0,0,0,0,0,0,0,0,0,0,no-external-public-links,0,0,0,0,no-external-public-links
d6bdab54-ec11-4b54-85a9-311d6ce3b2c8,en,5e30dc45-bf56-46f4-85b4-292542f86ecf,swsh9tg,Brilliant Stars Trainer Gallery,Brilliant Stars Trainer Gallery,30,30,Images incomplete,0,0,32,0,32,false,false,30,0,0,0,0,0,0,0,no-current-public-asset-manifest-links,0,0,0,0,0,0,0,0,0,0,0,no-external-public-links,0,0,0,0,no-external-public-links
d6bdab54-ec11-4b54-85a9-311d6ce3b2c8,en,ef15c432-0542-4fee-ba25-b4719b9d4f84,swshp,SWSH Black Star Promos,SWSH Black Star Promos,307,307,Metadata incomplete,93.44,100,305,285,20,false,false,305,0,285,285,285,0,0,0,all-supabase-primary-objects-present,0,0,0,0,0,0,0,0,0,0,0,no-external-public-links,0,0,0,0,no-external-public-links
d6bdab54-ec11-4b54-85a9-311d6ce3b2c8,en,846c1403-d1e7-4927-870e-45ae52a1fa77,tk-bw-e,BW trainer Kit (Excadrill),BW trainer Kit (Excadrill),30,30,Images incomplete,0,0,30,0,30,false,false,30,0,0,0,0,0,0,0,no-current-public-asset-manifest-links,0,0,0,0,0,0,0,0,0,0,0,no-external-public-links,0,0,0,0,no-external-public-links
d6bdab54-ec11-4b54-85a9-311d6ce3b2c8,en,7d416292-8ac3-40a0-8696-d3988e68876c,tk-bw-z,BW trainer Kit (Zoroark),BW trainer Kit (Zoroark),30,30,Images incomplete,0,0,30,0,30,false,false,30,0,0,0,0,0,0,0,no-current-public-asset-manifest-links,0,0,0,0,0,0,0,0,0,0,0,no-external-public-links,0,0,0,0,no-external-public-links
d6bdab54-ec11-4b54-85a9-311d6ce3b2c8,en,a3fd1c44-2c71-4f48-b441-899ba8e9ca3a,tk-dp-l,DP trainer Kit (Lucario),DP trainer Kit (Lucario),11,11,Images incomplete,0,50,11,0,11,false,false,11,0,1,1,1,0,0,0,all-supabase-primary-objects-present,0,0,0,0,0,0,0,0,0,0,0,no-external-public-links,0,0,0,0,no-external-public-links
d6bdab54-ec11-4b54-85a9-311d6ce3b2c8,en,d1175fa3-0667-4bdd-80ca-3434b25d8d1f,tk-dp-m,DP trainer Kit (Manaphy),DP trainer Kit (Manaphy),12,12,Images incomplete,0,50,12,0,12,false,false,12,0,1,1,1,0,0,0,all-supabase-primary-objects-present,0,0,0,0,0,0,0,0,0,0,0,no-external-public-links,0,0,0,0,no-external-public-links
d6bdab54-ec11-4b54-85a9-311d6ce3b2c8,en,50f7253b-18da-43d4-b5d2-8b9ddc4310f9,tk-ex-latia,EX trainer Kit (Latias),EX trainer Kit (Latias),10,10,Images incomplete,0,50,10,0,10,false,false,10,0,1,1,1,0,0,0,all-supabase-primary-objects-present,0,0,0,0,0,0,0,0,0,0,0,no-external-public-links,0,0,0,0,no-external-public-links
d6bdab54-ec11-4b54-85a9-311d6ce3b2c8,en,0b2ab635-45ad-4874-8cca-d1a642e5322a,tk-ex-latio,EX trainer Kit (Latios),EX trainer Kit (Latios),10,10,Images incomplete,0,50,10,0,10,false,false,10,0,1,1,1,0,0,0,all-supabase-primary-objects-present,0,0,0,0,0,0,0,0,0,0,0,no-external-public-links,0,0,0,0,no-external-public-links
d6bdab54-ec11-4b54-85a9-311d6ce3b2c8,en,83bbe73a-6837-4501-9335-deb89c3132c9,tk-ex-m,EX trainer Kit 2 (Minun),EX trainer Kit 2 (Minun),12,12,Images incomplete,0,0,12,0,12,false,false,12,0,0,0,0,0,0,0,no-current-public-asset-manifest-links,0,0,0,0,0,0,0,0,0,0,0,no-external-public-links,0,0,0,0,no-external-public-links
d6bdab54-ec11-4b54-85a9-311d6ce3b2c8,en,d2383af6-d45c-4ca4-8fd6-da6920baf56f,tk-ex-p,EX trainer Kit 2 (Plusle),EX trainer Kit 2 (Plusle),12,12,Images incomplete,0,50,12,0,12,false,false,12,0,1,1,1,0,0,0,all-supabase-primary-objects-present,0,0,0,0,0,0,0,0,0,0,0,no-external-public-links,0,0,0,0,no-external-public-links
d6bdab54-ec11-4b54-85a9-311d6ce3b2c8,en,2639902b-8106-4b20-8494-4ddfb42d5ecb,tk-hs-g,HS trainer Kit (Gyarados),HS trainer Kit (Gyarados),30,30,Images incomplete,0,50,30,0,30,false,false,30,0,1,1,1,0,0,0,all-supabase-primary-objects-present,0,0,0,0,0,0,0,0,0,0,0,no-external-public-links,0,0,0,0,no-external-public-links
d6bdab54-ec11-4b54-85a9-311d6ce3b2c8,en,89a62c7e-a41c-4502-8f66-ffcf344c763e,tk-hs-r,HS trainer Kit (Raichu),HS trainer Kit (Raichu),30,30,Images incomplete,0,50,30,0,30,false,false,30,0,1,1,1,0,0,0,all-supabase-primary-objects-present,0,0,0,0,0,0,0,0,0,0,0,no-external-public-links,0,0,0,0,no-external-public-links
d6bdab54-ec11-4b54-85a9-311d6ce3b2c8,en,e9d92d46-a669-424a-a8b0-090ff19e8fd4,tk-sm-l,SM trainer Kit (Lycanroc),SM trainer Kit (Lycanroc),30,18,Metadata incomplete,0,50,18,0,18,false,false,18,0,1,1,1,0,0,0,all-supabase-primary-objects-present,0,0,0,0,0,0,0,0,0,0,0,no-external-public-links,0,0,0,0,no-external-public-links
d6bdab54-ec11-4b54-85a9-311d6ce3b2c8,en,6bbc266c-3ebc-4f6e-a3a5-d8a6d40427b7,tk-sm-r,SM trainer Kit (Alolan Raichu),SM trainer Kit (Alolan Raichu),30,30,Images incomplete,0,50,30,0,30,false,false,30,0,1,1,1,0,0,0,all-supabase-primary-objects-present,0,0,0,0,0,0,0,0,0,0,0,no-external-public-links,0,0,0,0,no-external-public-links
d6bdab54-ec11-4b54-85a9-311d6ce3b2c8,en,12cede6a-64b0-4fe1-9450-d70056d82cb5,tk-xy-b,XY trainer Kit (Bisharp),XY trainer Kit (Bisharp),30,30,Images incomplete,0,50,30,0,30,false,false,30,0,1,1,1,0,0,0,all-supabase-primary-objects-present,0,0,0,0,0,0,0,0,0,0,0,no-external-public-links,0,0,0,0,no-external-public-links
d6bdab54-ec11-4b54-85a9-311d6ce3b2c8,en,dae37fb1-7d7a-47d2-8d4b-de7de16a6b0e,tk-xy-latia,XY trainer Kit (Latias),XY trainer Kit (Latias),30,30,Images incomplete,0,50,30,0,30,false,false,30,0,1,1,1,0,0,0,all-supabase-primary-objects-present,0,0,0,0,0,0,0,0,0,0,0,no-external-public-links,0,0,0,0,no-external-public-links
d6bdab54-ec11-4b54-85a9-311d6ce3b2c8,en,fffca854-8bf1-4f89-9a38-ea2b0a47f055,tk-xy-latio,XY trainer Kit (Latios),XY trainer Kit (Latios),30,30,Images incomplete,0,50,30,0,30,false,false,30,0,1,1,1,0,0,0,all-supabase-primary-objects-present,0,0,0,0,0,0,0,0,0,0,0,no-external-public-links,0,0,0,0,no-external-public-links
d6bdab54-ec11-4b54-85a9-311d6ce3b2c8,en,9b3f2e2d-f527-49d7-84ec-ede2f6a54f90,tk-xy-n,XY trainer Kit (Noivern),XY trainer Kit (Noivern),30,30,Images incomplete,0,50,30,0,30,false,false,30,0,1,1,1,0,0,0,all-supabase-primary-objects-present,0,0,0,0,0,0,0,0,0,0,0,no-external-public-links,0,0,0,0,no-external-public-links
d6bdab54-ec11-4b54-85a9-311d6ce3b2c8,en,2611a280-4fe7-4cd2-9728-fad2d5537150,tk-xy-p,XY trainer Kit (Pikachu Libre),XY trainer Kit (Pikachu Libre),30,30,Images incomplete,0,50,30,0,30,false,false,30,0,1,1,1,0,0,0,all-supabase-primary-objects-present,0,0,0,0,0,0,0,0,0,0,0,no-external-public-links,0,0,0,0,no-external-public-links
d6bdab54-ec11-4b54-85a9-311d6ce3b2c8,en,f96f987b-5997-4089-ab84-34879d0428dc,tk-xy-su,XY trainer Kit (Suicune),XY trainer Kit (Suicune),30,30,Images incomplete,0,50,30,0,30,false,false,30,0,1,1,1,0,0,0,all-supabase-primary-objects-present,0,0,0,0,0,0,0,0,0,0,0,no-external-public-links,0,0,0,0,no-external-public-links
d6bdab54-ec11-4b54-85a9-311d6ce3b2c8,en,459b58d7-001d-4653-9e26-5e0f164a710f,tk-xy-sy,XY trainer Kit (Sylveon),XY trainer Kit (Sylveon),30,30,Images incomplete,0,50,30,0,30,false,false,30,0,1,1,1,0,0,0,all-supabase-primary-objects-present,0,0,0,0,0,0,0,0,0,0,0,no-external-public-links,0,0,0,0,no-external-public-links
d6bdab54-ec11-4b54-85a9-311d6ce3b2c8,en,75c049f3-031f-4819-99cf-a02c6fe9c5bb,tk-xy-w,XY trainer Kit (Wigglytuff),XY trainer Kit (Wigglytuff),30,30,Images incomplete,0,50,30,0,30,false,false,30,0,1,1,1,0,0,0,all-supabase-primary-objects-present,0,0,0,0,0,0,0,0,0,0,0,no-external-public-links,0,0,0,0,no-external-public-links
d6bdab54-ec11-4b54-85a9-311d6ce3b2c8,en,013aaf61-7b4f-4f79-b96f-285b53de2d41,wp,W Promotional,W Promotional,7,7,Metadata incomplete,100,0,0,0,0,false,false,0,0,0,0,0,0,0,0,no-current-public-asset-manifest-links,0,0,0,0,0,0,0,0,0,0,0,no-external-public-links,0,0,0,0,no-external-public-links
d6bdab54-ec11-4b54-85a9-311d6ce3b2c8,en,f5e20b43-349e-466d-a0d3-d9b8950c4281,xy0,Kalos Starter Set,Kalos Starter Set,39,39,Complete,100,100,39,39,0,true,false,39,0,41,41,41,0,0,0,all-supabase-primary-objects-present,0,0,0,0,0,0,0,0,0,0,0,no-external-public-links,0,0,0,0,no-external-public-links
d6bdab54-ec11-4b54-85a9-311d6ce3b2c8,en,5d30fc31-1040-4140-8c02-ea1dcdb57955,xy1,XY,XY,146,146,Complete,100,100,146,146,0,true,false,146,0,148,148,148,0,0,0,all-supabase-primary-objects-present,0,0,0,0,0,0,0,0,0,0,0,no-external-public-links,0,0,0,0,no-external-public-links
d6bdab54-ec11-4b54-85a9-311d6ce3b2c8,en,e40d96fe-ebdb-4c92-9259-6d5086d079bb,xy10,Fates Collide,Fates Collide,124,129,Complete,100,100,129,129,0,true,false,129,0,131,131,131,0,0,0,all-supabase-primary-objects-present,0,0,0,0,0,0,0,0,0,0,0,no-external-public-links,0,0,0,0,no-external-public-links
d6bdab54-ec11-4b54-85a9-311d6ce3b2c8,en,06f60708-8672-47d5-8dd2-4fa63b425efe,xy11,Steam Siege,Steam Siege,114,116,Complete,100,100,116,116,0,true,false,116,0,118,118,118,0,0,0,all-supabase-primary-objects-present,0,0,0,0,0,0,0,0,0,0,0,no-external-public-links,0,0,0,0,no-external-public-links
d6bdab54-ec11-4b54-85a9-311d6ce3b2c8,en,be4122a9-7944-449b-af87-f53b14217fd7,xy12,Evolutions,Evolutions,108,113,Complete,100,100,113,113,0,true,false,113,0,115,115,115,0,0,0,all-supabase-primary-objects-present,0,0,0,0,0,0,0,0,0,0,0,no-external-public-links,0,0,0,0,no-external-public-links
d6bdab54-ec11-4b54-85a9-311d6ce3b2c8,en,cbfa835f-4cc7-466f-8945-91e25831a94e,xy2,Flashfire,Flashfire,106,110,Complete,100,100,110,110,0,true,false,110,0,112,112,112,0,0,0,all-supabase-primary-objects-present,0,0,0,0,0,0,0,0,0,0,0,no-external-public-links,0,0,0,0,no-external-public-links
d6bdab54-ec11-4b54-85a9-311d6ce3b2c8,en,2924aa8a-c471-4c3a-a98a-031ae26a8e1d,xy3,Furious Fists,Furious Fists,111,114,Complete,100,100,114,114,0,true,false,114,0,116,116,116,0,0,0,all-supabase-primary-objects-present,0,0,0,0,0,0,0,0,0,0,0,no-external-public-links,0,0,0,0,no-external-public-links
d6bdab54-ec11-4b54-85a9-311d6ce3b2c8,en,f382341d-5f76-40fe-8fe7-42e798790dc2,xy4,Phantom Forces,Phantom Forces,119,124,Complete,100,100,124,124,0,true,false,124,0,126,126,126,0,0,0,all-supabase-primary-objects-present,0,0,0,0,0,0,0,0,0,0,0,no-external-public-links,0,0,0,0,no-external-public-links
d6bdab54-ec11-4b54-85a9-311d6ce3b2c8,en,d309b26d-8418-4d8c-a8e1-4c028fe859cc,xy5,Primal Clash,Primal Clash,160,164,Complete,100,100,164,164,0,true,false,164,0,166,166,166,0,0,0,all-supabase-primary-objects-present,0,0,0,0,0,0,0,0,0,0,0,no-external-public-links,0,0,0,0,no-external-public-links
d6bdab54-ec11-4b54-85a9-311d6ce3b2c8,en,7bb54d57-5eef-43b5-a632-ad4242cb2784,xy6,Roaring Skies,Roaring Skies,108,112,Complete,100,100,112,112,0,true,false,112,0,114,114,114,0,0,0,all-supabase-primary-objects-present,0,0,0,0,0,0,0,0,0,0,0,no-external-public-links,0,0,0,0,no-external-public-links
d6bdab54-ec11-4b54-85a9-311d6ce3b2c8,en,fedab5a7-4bc0-4a45-8423-3d3054cece6e,xy7,Ancient Origins,Ancient Origins,98,101,Complete,100,100,101,101,0,true,false,101,0,103,103,103,0,0,0,all-supabase-primary-objects-present,0,0,0,0,0,0,0,0,0,0,0,no-external-public-links,0,0,0,0,no-external-public-links
d6bdab54-ec11-4b54-85a9-311d6ce3b2c8,en,85bda8bb-6ecf-444d-858b-1c2946a0427b,xy8,BREAKthrough,BREAKthrough,162,165,Images incomplete,99.39,100,165,164,1,true,false,165,0,166,166,166,0,0,0,all-supabase-primary-objects-present,0,0,0,0,0,0,0,0,0,0,0,no-external-public-links,0,0,0,0,no-external-public-links
d6bdab54-ec11-4b54-85a9-311d6ce3b2c8,en,2ba4eb07-8ffa-4e73-b9f3-78f8bd53d9e9,xy9,BREAKpoint,BREAKpoint,122,126,Complete,100,100,126,126,0,true,false,126,0,128,128,128,0,0,0,all-supabase-primary-objects-present,0,0,0,0,0,0,0,0,0,0,0,no-external-public-links,0,0,0,0,no-external-public-links
d6bdab54-ec11-4b54-85a9-311d6ce3b2c8,en,b9ec08c9-c68e-4bd0-9b7b-1bc84203d8f7,xya,Yellow A Alternate,Yellow A Alternate,6,6,Images incomplete,0,0,6,0,6,false,false,6,0,0,0,0,0,0,0,no-current-public-asset-manifest-links,0,0,0,0,0,0,0,0,0,0,0,no-external-public-links,0,0,0,0,no-external-public-links
d6bdab54-ec11-4b54-85a9-311d6ce3b2c8,en,603fd3a2-e829-4ca3-bb6d-3c235cde5373,xyp,XY Black Star Promos,XY Black Star Promos,211,216,Images incomplete,98.61,100,216,213,3,false,false,216,0,213,213,213,0,0,0,all-supabase-primary-objects-present,0,0,0,0,0,0,0,0,0,0,0,no-external-public-links,0,0,0,0,no-external-public-links
d560cd01-de2a-4713-9518-b967fb4c5ac9,ja,13ff8457-ce34-492d-b8a0-292fd59be9a7,ADV1,拡張パック,拡張パック,55,55,Metadata incomplete,100,0,0,0,0,false,true,0,0,0,0,0,0,0,0,no-current-public-asset-manifest-links,0,0,0,0,0,0,0,0,0,0,0,no-external-public-links,0,0,0,0,no-external-public-links
d560cd01-de2a-4713-9518-b967fb4c5ac9,ja,e75e6a35-beb5-4ced-a2c9-d146f471a3fd,ADV2,砂漠のきせき,砂漠のきせき,53,53,Metadata incomplete,100,0,0,0,0,false,true,0,0,0,0,0,0,0,0,no-current-public-asset-manifest-links,0,0,0,0,0,0,0,0,0,0,0,no-external-public-links,0,0,0,0,no-external-public-links
d560cd01-de2a-4713-9518-b967fb4c5ac9,ja,3ff19dd1-048a-49b1-ad15-6a07c7351a46,ADV3,天空の覇者,天空の覇者,54,54,Metadata incomplete,100,0,0,0,0,false,true,0,0,0,0,0,0,0,0,no-current-public-asset-manifest-links,0,0,0,0,0,0,0,0,0,0,0,no-external-public-links,0,0,0,0,no-external-public-links
d560cd01-de2a-4713-9518-b967fb4c5ac9,ja,ab5b47d9-7548-4f9f-96fe-30a12f041d78,ADV4,強化拡張パックex1マグマVSアクア ふたつの野望,強化拡張パックex1マグマVSアクア ふたつの野望,80,80,Metadata incomplete,100,0,0,0,0,false,true,0,0,0,0,0,0,0,0,no-current-public-asset-manifest-links,0,0,0,0,0,0,0,0,0,0,0,no-external-public-links,0,0,0,0,no-external-public-links
d560cd01-de2a-4713-9518-b967fb4c5ac9,ja,2e6d5f2e-8528-439f-9506-e4c84df8f2dd,ADV5,とかれた封印,とかれた封印,83,83,Metadata incomplete,100,0,0,0,0,false,true,0,0,0,0,0,0,0,0,no-current-public-asset-manifest-links,0,0,0,0,0,0,0,0,0,0,0,no-external-public-links,0,0,0,0,no-external-public-links
d560cd01-de2a-4713-9518-b967fb4c5ac9,ja,309571d8-e64b-4859-87b1-692b7e1e8083,CP1,マグマ団VSアクア団 ダブルクライシス,マグマ団VSアクア団 ダブルクライシス,34,34,Images incomplete,0,0,34,33,1,true,true,34,34,34,1,1,0,0,33,supabase-primary-objects-present;non-supabase-links-unverifiable,33,33,33,33,0,0,0,0,0,0,0,external-http-ok,0,0,33,0,external-http-verified
d560cd01-de2a-4713-9518-b967fb4c5ac9,ja,92c2515d-e527-4909-8ecd-27b5bef5a4b6,CP2,伝説キラコレクション,伝説キラコレクション,27,27,Images incomplete,0,0,27,27,0,true,true,27,27,28,1,1,0,0,27,supabase-primary-objects-present;non-supabase-links-unverifiable,27,27,27,27,0,0,0,0,0,0,0,external-http-ok,0,0,27,0,external-http-verified
d560cd01-de2a-4713-9518-b967fb4c5ac9,ja,d9394254-48b4-4f36-8636-a9f358dd0742,CP3,ポケキュンコレクション,ポケキュンコレクション,32,32,Metadata incomplete,100,0,0,0,0,true,true,0,0,1,1,1,0,0,0,all-supabase-primary-objects-present,0,0,0,0,0,0,0,0,0,0,0,no-external-public-links,0,0,0,0,no-external-public-links
d560cd01-de2a-4713-9518-b967fb4c5ac9,ja,5e580651-2147-468d-840b-765882875199,CP4,プレミアムチャンピオンパック EX×M×BREAK,Premium Champion Pack EX × M × BREAK,131,140,Metadata incomplete,100,0,0,0,0,true,false,0,0,1,1,1,0,0,0,all-supabase-primary-objects-present,0,0,0,0,0,0,0,0,0,0,0,no-external-public-links,0,0,0,0,no-external-public-links
d560cd01-de2a-4713-9518-b967fb4c5ac9,ja,e7f6c5dd-06a9-4b7b-a906-dab5dc4db302,CP5,冷酷の反逆者,冷酷の反逆者,36,36,Metadata incomplete,100,0,0,0,0,true,true,0,0,1,1,1,0,0,0,all-supabase-primary-objects-present,0,0,0,0,0,0,0,0,0,0,0,no-external-public-links,0,0,0,0,no-external-public-links
d560cd01-de2a-4713-9518-b967fb4c5ac9,ja,68366d94-f72c-4025-b7e9-4b7fb8ad8071,CP6,ポケットモンスターカードゲーム 拡張パック 20th Anniversary,20th Anniversary,87,103,Metadata incomplete,100,0,0,0,0,true,false,0,0,1,1,1,0,0,0,all-supabase-primary-objects-present,0,0,0,0,0,0,0,0,0,0,0,no-external-public-links,0,0,0,0,no-external-public-links
d560cd01-de2a-4713-9518-b967fb4c5ac9,ja,2d5f077d-14bb-4fb5-b565-1f4e10c078c9,E1,基本拡張パック,基本拡張パック,128,128,Images incomplete,0,0,128,0,128,false,true,128,128,0,0,0,0,0,0,no-current-public-asset-manifest-links,0,0,0,0,0,0,0,0,0,0,0,no-external-public-links,0,0,0,0,no-external-public-links
d560cd01-de2a-4713-9518-b967fb4c5ac9,ja,c6c46c29-2f36-4586-b18f-af1269e684d2,E2,地図にない町,地図にない町,92,92,Images incomplete,0,0,92,0,92,true,true,92,92,1,1,1,0,0,0,all-supabase-primary-objects-present,0,0,0,0,0,0,0,0,0,0,0,no-external-public-links,0,0,0,0,no-external-public-links
d560cd01-de2a-4713-9518-b967fb4c5ac9,ja,82510bd3-e42d-40ca-b7a1-a4a384ab42fa,E3,海からの風,海からの風,87,90,Images incomplete,0,0,90,0,90,false,true,90,90,0,0,0,0,0,0,no-current-public-asset-manifest-links,0,0,0,0,0,0,0,0,0,0,0,no-external-public-links,0,0,0,0,no-external-public-links
d560cd01-de2a-4713-9518-b967fb4c5ac9,ja,0ec33578-645f-4711-a3fe-8ea66090781e,E4,裂けた大地,裂けた大地,88,91,Images incomplete,0,0,91,0,91,false,true,91,91,0,0,0,0,0,0,no-current-public-asset-manifest-links,0,0,0,0,0,0,0,0,0,0,0,no-external-public-links,0,0,0,0,no-external-public-links
d560cd01-de2a-4713-9518-b967fb4c5ac9,ja,af405f2b-1a20-4234-a6f1-ad71711eb116,E5,神秘なる山,神秘なる山,88,91,Images incomplete,0,0,91,0,91,false,true,91,91,0,0,0,0,0,0,no-current-public-asset-manifest-links,0,0,0,0,0,0,0,0,0,0,0,no-external-public-links,0,0,0,0,no-external-public-links
d560cd01-de2a-4713-9518-b967fb4c5ac9,ja,fa59f8a0-dac4-4de7-aad9-2c6efead8ed6,L1a,ハートゴールドコレクション,ハートゴールドコレクション,70,70,Metadata incomplete,100,0,0,0,0,true,true,0,0,1,1,1,0,0,0,all-supabase-primary-objects-present,0,0,0,0,0,0,0,0,0,0,0,no-external-public-links,0,0,0,0,no-external-public-links
d560cd01-de2a-4713-9518-b967fb4c5ac9,ja,e8e16a23-fc7a-4ec8-abfe-b74448fa5f27,L1b,ソウルシルバーコレクション,ソウルシルバーコレクション,70,70,Metadata incomplete,100,0,0,0,0,true,true,0,0,1,1,1,0,0,0,all-supabase-primary-objects-present,0,0,0,0,0,0,0,0,0,0,0,no-external-public-links,0,0,0,0,no-external-public-links
d560cd01-de2a-4713-9518-b967fb4c5ac9,ja,5801c250-0aca-4282-bfce-28ecbe3b5ee0,L2,よみがえる伝説,よみがえる伝説,70,70,Metadata incomplete,100,0,0,0,0,true,true,0,0,1,1,1,0,0,0,all-supabase-primary-objects-present,0,0,0,0,0,0,0,0,0,0,0,no-external-public-links,0,0,0,0,no-external-public-links
d560cd01-de2a-4713-9518-b967fb4c5ac9,ja,2f857613-7720-426d-be33-d2b71d6304e2,L3,頂上大激突,頂上大激突,70,70,Metadata incomplete,100,0,0,0,0,true,true,0,0,1,1,1,0,0,0,all-supabase-primary-objects-present,0,0,0,0,0,0,0,0,0,0,0,no-external-public-links,0,0,0,0,no-external-public-links
d560cd01-de2a-4713-9518-b967fb4c5ac9,ja,7dbeff79-cfb7-4ac8-8a4f-d7c73a523349,LL,強化パック ロストリンク,強化パック ロストリンク,40,40,Metadata incomplete,100,0,0,0,0,true,true,0,0,1,1,1,0,0,0,all-supabase-primary-objects-present,0,0,0,0,0,0,0,0,0,0,0,no-external-public-links,0,0,0,0,no-external-public-links
d560cd01-de2a-4713-9518-b967fb4c5ac9,ja,f13ab591-e706-4f7c-b4c6-8fed5526ea87,M-P,メガ プロモカード,メガ プロモカード,0,83,Images incomplete,0,0,83,83,0,true,true,83,83,84,1,1,0,0,83,supabase-primary-objects-present;non-supabase-links-unverifiable,83,83,83,83,0,0,0,0,0,0,0,external-http-ok,0,0,83,0,external-http-verified
d560cd01-de2a-4713-9518-b967fb4c5ac9,ja,a05ee14c-d4fb-4598-8470-e677e3c06f22,M1L,メガブレイブ,メガブレイブ,63,92,Images incomplete,0,0,92,52,40,true,true,92,92,53,1,1,0,0,52,supabase-primary-objects-present;non-supabase-links-unverifiable,52,52,52,52,0,0,0,0,0,0,0,external-http-ok,0,0,52,0,external-http-verified
d560cd01-de2a-4713-9518-b967fb4c5ac9,ja,b94f87ff-5d32-436a-87e4-50149151dba0,M1S,メガシンフォニア,メガシンフォニア,63,92,Images incomplete,0,0,92,52,40,true,true,92,92,53,1,1,0,0,52,supabase-primary-objects-present;non-supabase-links-unverifiable,52,52,52,52,0,0,0,0,0,0,0,external-http-ok,0,0,52,0,external-http-verified
d560cd01-de2a-4713-9518-b967fb4c5ac9,ja,8822dd6b-6f88-4ea6-9c59-0f766b63fc2b,M2,インフェルノX,インフェルノX,80,116,Images incomplete,0,0,116,64,52,true,true,116,116,65,1,1,0,0,64,supabase-primary-objects-present;non-supabase-links-unverifiable,64,64,63,63,0,0,1,0,0,0,0,external-timeout,1,1,64,0,external-http-verified
d560cd01-de2a-4713-9518-b967fb4c5ac9,ja,53abf462-8a8c-4f05-8e75-57726a38ce9e,M2a,MEGAドリームex,MEGAドリームex,193,250,Images incomplete,0,0,368,166,202,true,true,250,250,167,1,1,0,0,166,supabase-primary-objects-present;non-supabase-links-unverifiable,166,166,164,164,0,0,2,0,0,0,0,external-timeout,2,2,166,0,external-http-verified
d560cd01-de2a-4713-9518-b967fb4c5ac9,ja,4be18668-d39a-44a8-831c-98e250f10538,M3,ムニキスゼロ,ムニキスゼロ,80,117,Images incomplete,0,0,117,64,53,true,true,117,117,65,1,1,0,0,64,supabase-primary-objects-present;non-supabase-links-unverifiable,64,64,64,64,0,0,0,0,0,0,0,external-http-ok,0,0,64,0,external-http-verified
d560cd01-de2a-4713-9518-b967fb4c5ac9,ja,c263caec-8234-4348-9ade-34d25ad4e6e7,M4,ニンジャスピナー,ニンジャスピナー,83,120,Images incomplete,0,0,120,67,53,true,true,120,120,68,1,1,0,0,67,supabase-primary-objects-present;non-supabase-links-unverifiable,67,67,67,67,0,0,0,0,0,0,0,external-http-ok,0,0,67,0,external-http-verified
d560cd01-de2a-4713-9518-b967fb4c5ac9,ja,91be8fc7-b2ed-4169-b41e-0d374e4d466a,M5,アビスアイ,アビスアイ,81,118,Images incomplete,0,0,118,70,48,true,true,118,118,71,1,1,0,0,70,supabase-primary-objects-present;non-supabase-links-unverifiable,70,70,70,70,0,0,0,0,0,0,0,external-http-ok,0,0,70,0,external-http-verified
d560cd01-de2a-4713-9518-b967fb4c5ac9,ja,40cb9e83-3e60-4966-8d2d-4edb02bf1ac7,MC,スタートデッキ100 バトルコレクション,スタートデッキ100 バトルコレクション,742,774,Images incomplete,0,0,774,766,8,true,true,774,774,767,1,1,0,0,766,supabase-primary-objects-present;non-supabase-links-unverifiable,766,766,762,761,0,0,4,0,0,1,0,external-timeout,5,5,766,0,external-http-verified
d560cd01-de2a-4713-9518-b967fb4c5ac9,ja,769fa22e-e603-41a8-b62b-920a4abc660b,neo1,金、銀、新世界へ...,金、銀、新世界へ...,96,96,Images incomplete,0,50,96,0,96,true,true,96,96,1,1,1,0,0,0,all-supabase-primary-objects-present,0,0,0,0,0,0,0,0,0,0,0,no-external-public-links,0,0,0,0,no-external-public-links
d560cd01-de2a-4713-9518-b967fb4c5ac9,ja,e60f305b-5ad6-4964-b6c6-636788481ca5,neo2,遺跡をこえて...,遺跡をこえて...,56,57,Images incomplete,0,50,57,0,57,true,true,57,57,2,2,2,0,0,0,all-supabase-primary-objects-present,0,0,0,0,0,0,0,0,0,0,0,no-external-public-links,0,0,0,0,no-external-public-links
d560cd01-de2a-4713-9518-b967fb4c5ac9,ja,a15481a7-410b-4a98-8695-3bba0db9d226,neo3,めざめる伝説,めざめる伝説,57,57,Images incomplete,0,50,57,0,57,true,true,57,57,1,1,1,0,0,0,all-supabase-primary-objects-present,0,0,0,0,0,0,0,0,0,0,0,no-external-public-links,0,0,0,0,no-external-public-links
d560cd01-de2a-4713-9518-b967fb4c5ac9,ja,cdaacf04-0a7c-452d-acb0-e02ca3907106,neo4,闇、そして光へ...,闇、そして光へ...,113,113,Images incomplete,0,50,113,0,113,true,true,113,113,2,2,2,0,0,0,all-supabase-primary-objects-present,0,0,0,0,0,0,0,0,0,0,0,no-external-public-links,0,0,0,0,no-external-public-links
d560cd01-de2a-4713-9518-b967fb4c5ac9,ja,8063eabc-362a-4f15-a4ec-4ed73824252d,PCG1,伝説の飛翔,伝説の飛翔,82,82,Images incomplete,0,0,82,0,82,false,true,82,82,0,0,0,0,0,0,no-current-public-asset-manifest-links,0,0,0,0,0,0,0,0,0,0,0,no-external-public-links,0,0,0,0,no-external-public-links
d560cd01-de2a-4713-9518-b967fb4c5ac9,ja,81c25448-8d94-4736-a1c6-608597bc9622,PCG10,ワールドチャンピオンズパック,World Champions Pack,108,108,Metadata incomplete,100,0,0,0,0,false,false,0,0,0,0,0,0,0,0,no-current-public-asset-manifest-links,0,0,0,0,0,0,0,0,0,0,0,no-external-public-links,0,0,0,0,no-external-public-links
d560cd01-de2a-4713-9518-b967fb4c5ac9,ja,9fa08d47-d2cd-4829-85b6-819692a6850a,PCG2,蒼空の激突,蒼空の激突,82,82,Images incomplete,0,0,82,0,82,false,true,82,82,0,0,0,0,0,0,no-current-public-asset-manifest-links,0,0,0,0,0,0,0,0,0,0,0,no-external-public-links,0,0,0,0,no-external-public-links
d560cd01-de2a-4713-9518-b967fb4c5ac9,ja,12f2bb10-ec15-4783-bc9b-c946546a1abc,PCG3,ロケット団の逆襲,ロケット団の逆襲,84,85,Images incomplete,0,0,85,0,85,false,true,85,85,0,0,0,0,0,0,no-current-public-asset-manifest-links,0,0,0,0,0,0,0,0,0,0,0,no-external-public-links,0,0,0,0,no-external-public-links
d560cd01-de2a-4713-9518-b967fb4c5ac9,ja,af6617ed-ed99-445f-8869-5a330740efc2,PCG4,金の空、銀の海,金の空、銀の海,106,106,Images incomplete,0,0,106,0,106,false,true,106,106,0,0,0,0,0,0,no-current-public-asset-manifest-links,0,0,0,0,0,0,0,0,0,0,0,no-external-public-links,0,0,0,0,no-external-public-links
d560cd01-de2a-4713-9518-b967fb4c5ac9,ja,f8cb8c30-41dc-42a3-977a-23baba96fa69,PCG5,まぼろしの森,まぼろしの森,86,86,Images incomplete,0,0,86,0,86,false,true,86,86,0,0,0,0,0,0,no-current-public-asset-manifest-links,0,0,0,0,0,0,0,0,0,0,0,no-external-public-links,0,0,0,0,no-external-public-links
d560cd01-de2a-4713-9518-b967fb4c5ac9,ja,8fdf462f-ca9c-47e7-a92d-1936b082a12d,PCG6,ホロンの研究塔,ホロンの研究塔,86,86,Images incomplete,0,0,86,0,86,false,true,86,86,0,0,0,0,0,0,no-current-public-asset-manifest-links,0,0,0,0,0,0,0,0,0,0,0,no-external-public-links,0,0,0,0,no-external-public-links
d560cd01-de2a-4713-9518-b967fb4c5ac9,ja,421a8323-4094-4c7f-8622-fb6af390becc,PCG7,ホロンの幻影,ホロンの幻影,52,52,Images incomplete,0,0,52,0,52,false,true,52,52,0,0,0,0,0,0,no-current-public-asset-manifest-links,0,0,0,0,0,0,0,0,0,0,0,no-external-public-links,0,0,0,0,no-external-public-links
d560cd01-de2a-4713-9518-b967fb4c5ac9,ja,d832f428-8d51-4ac0-a3cf-a5d38bddb88d,PCG8,きせきの結晶,きせきの結晶,75,75,Images incomplete,0,0,75,0,75,false,true,75,75,0,0,0,0,0,0,no-current-public-asset-manifest-links,0,0,0,0,0,0,0,0,0,0,0,no-external-public-links,0,0,0,0,no-external-public-links
d560cd01-de2a-4713-9518-b967fb4c5ac9,ja,b5ef438a-ddcb-4093-8c9b-572639565af5,PCG9,さいはての攻防,さいはての攻防,68,68,Images incomplete,0,0,68,0,68,false,true,68,68,0,0,0,0,0,0,no-current-public-asset-manifest-links,0,0,0,0,0,0,0,0,0,0,0,no-external-public-links,0,0,0,0,no-external-public-links
d560cd01-de2a-4713-9518-b967fb4c5ac9,ja,46c7cd20-9ca5-4128-a244-9a04f9a4c9f7,PMCG1,拡張パック,拡張パック,102,102,Images incomplete,0,0,102,0,102,true,true,102,102,1,1,1,0,0,0,all-supabase-primary-objects-present,0,0,0,0,0,0,0,0,0,0,0,no-external-public-links,0,0,0,0,no-external-public-links
d560cd01-de2a-4713-9518-b967fb4c5ac9,ja,241c45d9-b649-4243-8c3d-4524b4e9c74c,PMCG2,ポケモンジャングル,ポケモンジャングル,48,48,Images incomplete,0,0,48,0,48,true,true,48,48,1,1,1,0,0,0,all-supabase-primary-objects-present,0,0,0,0,0,0,0,0,0,0,0,no-external-public-links,0,0,0,0,no-external-public-links
d560cd01-de2a-4713-9518-b967fb4c5ac9,ja,b53b7df1-df06-44dd-a931-b287efc9aec6,PMCG3,化石の秘密,化石の秘密,48,48,Images incomplete,0,0,48,0,48,true,true,48,48,1,1,1,0,0,0,all-supabase-primary-objects-present,0,0,0,0,0,0,0,0,0,0,0,no-external-public-links,0,0,0,0,no-external-public-links
d560cd01-de2a-4713-9518-b967fb4c5ac9,ja,e00ac7f7-8690-407d-a011-5bc5ced0ffca,PMCG4,ロケット団,ロケット団,65,65,Images incomplete,0,0,66,0,66,true,true,65,65,1,1,1,0,0,0,all-supabase-primary-objects-present,0,0,0,0,0,0,0,0,0,0,0,no-external-public-links,0,0,0,0,no-external-public-links
d560cd01-de2a-4713-9518-b967fb4c5ac9,ja,c24a6f11-2b12-4dbd-8d50-61f17e8e6a4f,PMCG5,リーダーズスタジアム,リーダーズスタジアム,96,96,Images incomplete,0,0,96,0,96,true,true,96,96,1,1,1,0,0,0,all-supabase-primary-objects-present,0,0,0,0,0,0,0,0,0,0,0,no-external-public-links,0,0,0,0,no-external-public-links
d560cd01-de2a-4713-9518-b967fb4c5ac9,ja,b6e7c253-6790-49e5-8d54-34e6eb288e68,PMCG6,闇からの挑戦,闇からの挑戦,98,98,Images incomplete,0,0,99,0,99,true,true,98,98,1,1,1,0,0,0,all-supabase-primary-objects-present,0,0,0,0,0,0,0,0,0,0,0,no-external-public-links,0,0,0,0,no-external-public-links
d560cd01-de2a-4713-9518-b967fb4c5ac9,ja,74fbb8bf-90ae-449f-9caa-725890af4617,S10a,ダークファンタズマ,ダークファンタズマ,71,99,Set art incomplete,100,0,148,100,48,true,true,99,99,101,100,100,0,0,1,supabase-primary-objects-present;non-supabase-links-unverifiable,1,1,1,1,0,0,0,0,0,0,0,external-http-ok,0,0,1,0,external-http-verified
d560cd01-de2a-4713-9518-b967fb4c5ac9,ja,baeee2c6-c600-422d-a4b2-6d84ac4baaba,S10b,Pokémon GO,Pokémon GO,71,71,Metadata incomplete,100,0,0,0,0,true,true,0,0,1,1,1,0,0,0,all-supabase-primary-objects-present,0,0,0,0,0,0,0,0,0,0,0,no-external-public-links,0,0,0,0,no-external-public-links
d560cd01-de2a-4713-9518-b967fb4c5ac9,ja,50fc7442-25ac-4bfc-851b-7e7bf9b30c2d,S10D,タイムゲイザー,Time Gazer,67,88,Metadata incomplete,100,0,0,0,0,true,false,0,0,1,1,1,0,0,0,all-supabase-primary-objects-present,0,0,0,0,0,0,0,0,0,0,0,no-external-public-links,0,0,0,0,no-external-public-links
d560cd01-de2a-4713-9518-b967fb4c5ac9,ja,50caa26f-e963-4122-a83b-3399c3eea056,S10P,スペースジャグラー,スペースジャグラー,67,88,Set art incomplete,100,0,88,88,0,true,true,88,88,89,89,89,0,0,0,all-supabase-primary-objects-present,0,0,0,0,0,0,0,0,0,0,0,no-external-public-links,0,0,0,0,no-external-public-links
d560cd01-de2a-4713-9518-b967fb4c5ac9,ja,18813c1f-2394-468e-91d4-7a81cf6fb201,S11,ロストアビス,ロストアビス,100,127,Set art incomplete,100,0,127,127,0,true,true,127,127,128,128,128,0,0,0,all-supabase-primary-objects-present,0,0,0,0,0,0,0,0,0,0,0,no-external-public-links,0,0,0,0,no-external-public-links
d560cd01-de2a-4713-9518-b967fb4c5ac9,ja,1d7afdcf-03bc-4e5e-a213-4b0439924ee9,S11a,白熱のアルカナ,白熱のアルカナ,68,94,Set art incomplete,100,0,140,94,46,true,true,94,94,95,95,95,0,0,0,all-supabase-primary-objects-present,0,0,0,0,0,0,0,0,0,0,0,no-external-public-links,0,0,0,0,no-external-public-links
d560cd01-de2a-4713-9518-b967fb4c5ac9,ja,7f99a1ea-2a6b-4cdc-8ac5-c484716d164b,S12,パラダイムトリガー,パラダイムトリガー,98,125,Set art incomplete,100,0,125,125,0,true,true,125,125,126,126,126,0,0,0,all-supabase-primary-objects-present,0,0,0,0,0,0,0,0,0,0,0,no-external-public-links,0,0,0,0,no-external-public-links
d560cd01-de2a-4713-9518-b967fb4c5ac9,ja,d6a23ad9-7d3d-482c-a477-304584a335e3,S12a,VSTARユニバース,VSTARユニバース,172,258,Images incomplete,98.85,0,347,254,93,true,true,258,258,255,255,255,0,0,0,all-supabase-primary-objects-present,0,0,0,0,0,0,0,0,0,0,0,no-external-public-links,0,0,0,0,no-external-public-links
d560cd01-de2a-4713-9518-b967fb4c5ac9,ja,41462e36-155b-40f1-92ee-29a94b4cb353,S1a,VMAXライジング,VMAX Rising,70,78,Metadata incomplete,100,0,0,0,0,true,false,0,0,1,1,1,0,0,0,all-supabase-primary-objects-present,0,0,0,0,0,0,0,0,0,0,0,no-external-public-links,0,0,0,0,no-external-public-links
d560cd01-de2a-4713-9518-b967fb4c5ac9,ja,914a4e3c-d77c-4ac6-8b88-e38cd276d282,S1H,シールド,Shield,60,68,Metadata incomplete,100,0,0,0,0,true,false,0,0,1,1,1,0,0,0,all-supabase-primary-objects-present,0,0,0,0,0,0,0,0,0,0,0,no-external-public-links,0,0,0,0,no-external-public-links
d560cd01-de2a-4713-9518-b967fb4c5ac9,ja,5287277e-bcbe-4f21-b2d3-c7187bc752dc,S1W,ソード,Sword,60,68,Metadata incomplete,100,0,0,0,0,true,false,0,0,1,1,1,0,0,0,all-supabase-primary-objects-present,0,0,0,0,0,0,0,0,0,0,0,no-external-public-links,0,0,0,0,no-external-public-links
d560cd01-de2a-4713-9518-b967fb4c5ac9,ja,50370e02-5cc9-44ce-95bd-44743d477934,S2,反逆クラッシュ,Rebellion Crash,96,106,Metadata incomplete,100,0,0,0,0,true,false,0,0,1,1,1,0,0,0,all-supabase-primary-objects-present,0,0,0,0,0,0,0,0,0,0,0,no-external-public-links,0,0,0,0,no-external-public-links
d560cd01-de2a-4713-9518-b967fb4c5ac9,ja,d64f8486-fa52-4f0d-be4d-be6dc27d1671,S2a,爆炎ウォーカー,Explosive Walker,70,78,Metadata incomplete,100,0,0,0,0,true,false,0,0,1,1,1,0,0,0,all-supabase-primary-objects-present,0,0,0,0,0,0,0,0,0,0,0,no-external-public-links,0,0,0,0,no-external-public-links
d560cd01-de2a-4713-9518-b967fb4c5ac9,ja,fa32c0cb-7818-4123-ab6e-9f6cfe2a9950,S3,ムゲンゾーン,Infinity Zone,100,110,Metadata incomplete,100,0,0,0,0,true,false,0,0,1,1,1,0,0,0,all-supabase-primary-objects-present,0,0,0,0,0,0,0,0,0,0,0,no-external-public-links,0,0,0,0,no-external-public-links
d560cd01-de2a-4713-9518-b967fb4c5ac9,ja,36df02c6-0228-48fc-bb24-b1d73952cc94,S3a,伝説の鼓動,Legendary Heartbeat,76,85,Metadata incomplete,100,0,0,0,0,true,false,0,0,1,1,1,0,0,0,all-supabase-primary-objects-present,0,0,0,0,0,0,0,0,0,0,0,no-external-public-links,0,0,0,0,no-external-public-links
d560cd01-de2a-4713-9518-b967fb4c5ac9,ja,bc55a6dd-e9c1-4413-a5a7-a4c1d2a37a90,S4,仰天のボルテッカー,Amazing Volt Tackle,100,111,Metadata incomplete,100,0,0,0,0,true,false,0,0,1,1,1,0,0,0,all-supabase-primary-objects-present,0,0,0,0,0,0,0,0,0,0,0,no-external-public-links,0,0,0,0,no-external-public-links
d560cd01-de2a-4713-9518-b967fb4c5ac9,ja,9bd12a10-0bc3-4f75-ba74-d62c50293184,S4a,シャイニースターV,Shiny Star V,190,326,Metadata incomplete,100,0,0,0,0,true,false,0,0,1,1,1,0,0,0,all-supabase-primary-objects-present,0,0,0,0,0,0,0,0,0,0,0,no-external-public-links,0,0,0,0,no-external-public-links
d560cd01-de2a-4713-9518-b967fb4c5ac9,ja,84bcceee-6caf-4ca9-b3d9-883b42773dfc,S5a,双璧のファイター,Matchless Fighters,70,84,Metadata incomplete,100,0,0,0,0,true,false,0,0,1,1,1,0,0,0,all-supabase-primary-objects-present,0,0,0,0,0,0,0,0,0,0,0,no-external-public-links,0,0,0,0,no-external-public-links
d560cd01-de2a-4713-9518-b967fb4c5ac9,ja,b4f065d4-9b38-4489-a055-cc6cc310784f,S5I,一撃マスター,一撃マスター,70,91,Images incomplete,0,0,91,53,38,true,true,91,91,54,1,1,0,0,53,supabase-primary-objects-present;non-supabase-links-unverifiable,53,53,53,53,0,0,0,0,0,0,0,external-http-ok,0,0,53,0,external-http-verified
d560cd01-de2a-4713-9518-b967fb4c5ac9,ja,d770730a-ab9c-4e53-acfa-aff8cbec8c0b,S5R,連撃マスター,Rapid Strike Master,70,81,Metadata incomplete,100,0,0,0,0,true,false,0,0,1,1,1,0,0,0,all-supabase-primary-objects-present,0,0,0,0,0,0,0,0,0,0,0,no-external-public-links,0,0,0,0,no-external-public-links
d560cd01-de2a-4713-9518-b967fb4c5ac9,ja,5659e6b4-48db-4a4c-8883-e26b64f2c41f,S6a,イーブイヒーローズ,Eevee Heroes,69,87,Metadata incomplete,100,0,0,0,0,true,false,0,0,1,1,1,0,0,0,all-supabase-primary-objects-present,0,0,0,0,0,0,0,0,0,0,0,no-external-public-links,0,0,0,0,no-external-public-links
d560cd01-de2a-4713-9518-b967fb4c5ac9,ja,60d3fc64-7e36-473b-ae5c-b071c5aa6c98,S6H,白銀のランス,白銀のランス,70,95,Images incomplete,0,0,95,53,42,true,true,95,95,54,1,1,0,0,53,supabase-primary-objects-present;non-supabase-links-unverifiable,53,53,53,53,0,0,0,0,0,0,0,external-http-ok,0,0,53,0,external-http-verified
d560cd01-de2a-4713-9518-b967fb4c5ac9,ja,bbb71d0a-367a-466e-970f-2f841fea6e98,S6K,漆黒のガイスト,漆黒のガイスト,70,95,Images incomplete,0,0,95,53,42,true,true,95,95,54,1,1,0,0,53,supabase-primary-objects-present;non-supabase-links-unverifiable,53,53,53,53,0,0,0,0,0,0,0,external-http-ok,0,0,53,0,external-http-verified
d560cd01-de2a-4713-9518-b967fb4c5ac9,ja,ff823ecc-020f-4804-9194-3671ce9a1a81,S7D,摩天パーフェクト,摩天パーフェクト,67,90,Images incomplete,0,0,90,50,40,true,true,90,90,51,1,1,0,0,50,supabase-primary-objects-present;non-supabase-links-unverifiable,50,50,50,50,0,0,0,0,0,0,0,external-http-ok,0,0,50,0,external-http-verified
d560cd01-de2a-4713-9518-b967fb4c5ac9,ja,60a21d2e-cfa7-4103-ba7c-8e35f1b42070,S7R,蒼空ストリーム,Blue Sky Stream,67,79,Metadata incomplete,100,0,0,0,0,true,false,0,0,1,1,1,0,0,0,all-supabase-primary-objects-present,0,0,0,0,0,0,0,0,0,0,0,no-external-public-links,0,0,0,0,no-external-public-links
d560cd01-de2a-4713-9518-b967fb4c5ac9,ja,5cbd3a81-6b24-4039-8559-eed8eac7877c,S8,フュージョンアーツ,フュージョンアーツ,100,129,Images incomplete,0,0,129,78,51,true,true,129,129,79,1,1,0,0,78,supabase-primary-objects-present;non-supabase-links-unverifiable,78,78,78,78,0,0,0,0,0,0,0,external-http-ok,0,0,78,0,external-http-verified
d560cd01-de2a-4713-9518-b967fb4c5ac9,ja,8d718087-7c8e-4894-a938-2cd2a3210d2c,S8a,25th アニバーサリーコレクション,25th アニバーサリーコレクション,28,28,Metadata incomplete,100,0,0,0,0,true,true,0,0,1,1,1,0,0,0,all-supabase-primary-objects-present,0,0,0,0,0,0,0,0,0,0,0,no-external-public-links,0,0,0,0,no-external-public-links
d560cd01-de2a-4713-9518-b967fb4c5ac9,ja,41f64718-acd1-4c40-8a40-5c67daac2cb8,S8b,VMAXクライマックス,VMAXクライマックス,184,285,Images incomplete,0,0,395,140,255,true,true,285,285,141,1,1,0,0,140,supabase-primary-objects-present;non-supabase-links-unverifiable,140,140,140,140,0,0,0,0,0,0,0,external-http-ok,0,0,140,0,external-http-verified
d560cd01-de2a-4713-9518-b967fb4c5ac9,ja,43d798d9-3dbe-4997-a6eb-ed65af962403,S9,スターバース,スターバース,100,127,Set art incomplete,100,0,127,127,0,true,true,127,127,128,128,128,0,0,0,all-supabase-primary-objects-present,0,0,0,0,0,0,0,0,0,0,0,no-external-public-links,0,0,0,0,no-external-public-links
d560cd01-de2a-4713-9518-b967fb4c5ac9,ja,52d75bb6-e7a0-42a5-a847-923254ac906c,S9a,バトルリージョン,バトルリージョン,67,93,Set art incomplete,100,0,138,93,45,true,true,93,93,94,94,94,0,0,0,all-supabase-primary-objects-present,0,0,0,0,0,0,0,0,0,0,0,no-external-public-links,0,0,0,0,no-external-public-links
d560cd01-de2a-4713-9518-b967fb4c5ac9,ja,24d8e1a3-0706-4be3-87e2-b2224f680eb9,SM0,ピカチュウと新しい仲間たち,ピカチュウと新しい仲間たち,4,4,Metadata incomplete,100,0,0,0,0,true,true,0,0,1,1,1,0,0,0,all-supabase-primary-objects-present,0,0,0,0,0,0,0,0,0,0,0,no-external-public-links,0,0,0,0,no-external-public-links
d560cd01-de2a-4713-9518-b967fb4c5ac9,ja,151b0439-551d-49d6-bd35-32c4d3a2de4f,SM1+,サン＆ムーン,サン＆ムーン,51,68,Images incomplete,0,0,68,0,68,true,true,68,68,1,1,1,0,0,0,all-supabase-primary-objects-present,0,0,0,0,0,0,0,0,0,0,0,no-external-public-links,0,0,0,0,no-external-public-links
d560cd01-de2a-4713-9518-b967fb4c5ac9,ja,520d745d-3f2d-4921-8ecd-4e4ff695493a,SM10,ダブルブレイズ,ダブルブレイズ,95,116,Images incomplete,0,0,116,75,41,true,true,116,116,76,1,1,0,0,75,supabase-primary-objects-present;non-supabase-links-unverifiable,75,75,75,75,0,0,0,0,0,0,0,external-http-ok,0,0,75,0,external-http-verified
d560cd01-de2a-4713-9518-b967fb4c5ac9,ja,d9378aeb-aa81-4cbe-b790-c8432b66aeb5,SM10a,ジージーエンド,ジージーエンド,54,69,Images incomplete,0,0,69,39,30,true,true,69,69,40,1,1,0,0,39,supabase-primary-objects-present;non-supabase-links-unverifiable,39,39,39,39,0,0,0,0,0,0,0,external-http-ok,0,0,39,0,external-http-verified
d560cd01-de2a-4713-9518-b967fb4c5ac9,ja,2e159940-3f5c-4ec9-8805-c53219263641,SM10b,スカイレジェンド,スカイレジェンド,56,69,Images incomplete,0,0,69,39,30,true,true,69,69,40,1,1,0,0,39,supabase-primary-objects-present;non-supabase-links-unverifiable,39,39,38,38,0,0,1,0,0,0,0,external-timeout,1,1,39,0,external-http-verified
d560cd01-de2a-4713-9518-b967fb4c5ac9,ja,d0dbab35-0a77-4dcf-a464-88bb0950bdc8,SM11,ミラクルツイン,ミラクルツイン,94,115,Images incomplete,0,0,115,74,41,true,true,115,115,75,1,1,0,0,74,supabase-primary-objects-present;non-supabase-links-unverifiable,74,74,73,73,0,0,1,0,0,0,0,external-timeout,1,1,74,0,external-http-verified
d560cd01-de2a-4713-9518-b967fb4c5ac9,ja,54c662ed-8c6b-428c-b07d-1bb58e74f5a0,SM11a,リミックスバウト,リミックスバウト,64,80,Images incomplete,0,0,80,49,31,true,true,80,80,50,1,1,0,0,49,supabase-primary-objects-present;non-supabase-links-unverifiable,49,49,49,49,0,0,0,0,0,0,0,external-http-ok,0,0,49,0,external-http-verified
d560cd01-de2a-4713-9518-b967fb4c5ac9,ja,5249f6c6-8418-41fe-8283-af5948b26c63,SM11b,ドリームリーグ,ドリームリーグ,49,75,Images incomplete,0,0,75,38,37,true,true,75,75,39,1,1,0,0,38,supabase-primary-objects-present;non-supabase-links-unverifiable,38,38,38,38,0,0,0,0,0,0,0,external-http-ok,0,0,38,0,external-http-verified
d560cd01-de2a-4713-9518-b967fb4c5ac9,ja,80ffb692-f29d-450a-95eb-a3ddd60257b8,SM12,オルタージェネシス,オルタージェネシス,95,117,Images incomplete,0,0,117,75,42,true,true,117,117,76,1,1,0,0,75,supabase-primary-objects-present;non-supabase-links-unverifiable,75,75,74,74,0,0,1,0,0,0,0,external-timeout,1,1,75,0,external-http-verified
d560cd01-de2a-4713-9518-b967fb4c5ac9,ja,fe68fe5a-4e40-477a-8bcc-0fa35ef392ef,SM12a,TAG TEAM GX タッグオールスターズ,TAG TEAM GX タッグオールスターズ,173,226,Images incomplete,0,0,226,134,92,true,true,226,226,135,1,1,0,0,134,supabase-primary-objects-present;non-supabase-links-unverifiable,134,134,134,134,0,0,0,0,0,0,0,external-http-ok,0,0,134,0,external-http-verified
d560cd01-de2a-4713-9518-b967fb4c5ac9,ja,61ec9fe1-faa4-4d6b-a532-e8a44354a55e,SM1M,コレクションムーン,コレクションムーン,60,73,Images incomplete,0,0,73,48,25,true,true,73,73,49,1,1,0,0,48,supabase-primary-objects-present;non-supabase-links-unverifiable,48,48,48,48,0,0,0,0,0,0,0,external-http-ok,0,0,48,0,external-http-verified
d560cd01-de2a-4713-9518-b967fb4c5ac9,ja,eab5aeee-9eb0-4bbb-bac3-96f2da23b491,SM1S,コレクションサン,コレクションサン,60,73,Images incomplete,0,0,73,48,25,true,true,73,73,49,1,1,0,0,48,supabase-primary-objects-present;non-supabase-links-unverifiable,48,48,47,47,0,0,1,0,0,0,0,external-timeout,1,1,48,0,external-http-verified
d560cd01-de2a-4713-9518-b967fb4c5ac9,ja,b5e09d26-0559-4d51-b6fb-09268a860a7e,SM2+,新たなる試練の向こう,新たなる試練の向こう,49,65,Images incomplete,0,0,65,0,65,true,true,65,65,1,1,1,0,0,0,all-supabase-primary-objects-present,0,0,0,0,0,0,0,0,0,0,0,no-external-public-links,0,0,0,0,no-external-public-links
d560cd01-de2a-4713-9518-b967fb4c5ac9,ja,90d3234a-9c0c-4ccc-9f39-6584223e269b,SM2K,キミを待つ島々,キミを待つ島々,50,61,Images incomplete,0,0,61,40,21,true,true,61,61,41,1,1,0,0,40,supabase-primary-objects-present;non-supabase-links-unverifiable,40,40,40,40,0,0,0,0,0,0,0,external-http-ok,0,0,40,0,external-http-verified
d560cd01-de2a-4713-9518-b967fb4c5ac9,ja,adc01317-eecf-4615-abaa-d6f6cd37bfb7,SM2L,アローラの月光,アローラの月光,50,62,Images incomplete,0,0,62,40,22,true,true,62,62,41,1,1,0,0,40,supabase-primary-objects-present;non-supabase-links-unverifiable,40,40,40,40,0,0,0,0,0,0,0,external-http-ok,0,0,40,0,external-http-verified
d560cd01-de2a-4713-9518-b967fb4c5ac9,ja,efeba6f7-0d4f-48ed-a6c9-e090bf0b4eda,SM3+,ひかる伝説,ひかる伝説,72,82,Images incomplete,0,0,82,0,82,true,true,82,82,1,1,1,0,0,0,all-supabase-primary-objects-present,0,0,0,0,0,0,0,0,0,0,0,no-external-public-links,0,0,0,0,no-external-public-links
d560cd01-de2a-4713-9518-b967fb4c5ac9,ja,7c4efad5-3391-4462-b911-f821c1f263dd,SM3H,闘う虹を見たか,闘う虹を見たか,51,64,Images incomplete,0,0,64,41,23,true,true,64,64,42,1,1,0,0,41,supabase-primary-objects-present;non-supabase-links-unverifiable,41,41,40,40,0,0,1,0,0,0,0,external-timeout,1,1,41,0,external-http-verified
d560cd01-de2a-4713-9518-b967fb4c5ac9,ja,1201d6b1-fa7e-45ac-bc22-5b2ca0f9f3bc,SM3N,光を喰らう闇,光を喰らう闇,51,64,Images incomplete,0,0,64,41,23,true,true,64,64,42,1,1,0,0,41,supabase-primary-objects-present;non-supabase-links-unverifiable,41,41,40,40,0,0,1,0,0,0,0,external-timeout,1,1,41,0,external-http-verified
d560cd01-de2a-4713-9518-b967fb4c5ac9,ja,366d4855-590a-4d45-b2d4-836d06b43452,SM4+,GXバトルブースト,GX Battle Boost,114,125,Images incomplete,0,0,125,0,125,true,false,125,125,1,1,1,0,0,0,all-supabase-primary-objects-present,0,0,0,0,0,0,0,0,0,0,0,no-external-public-links,0,0,0,0,no-external-public-links
d560cd01-de2a-4713-9518-b967fb4c5ac9,ja,e67e975c-a112-4a8a-816d-8233cc779ee2,SM4A,超次元の暴獣,超次元の暴獣,50,61,Images incomplete,0,0,61,39,22,true,true,61,61,40,1,1,0,0,39,supabase-primary-objects-present;non-supabase-links-unverifiable,39,39,38,38,0,0,1,0,0,0,0,external-timeout,1,1,39,0,external-http-verified
d560cd01-de2a-4713-9518-b967fb4c5ac9,ja,499d5b99-a6e2-47d5-ae7a-43c530430955,SM4S,覚醒の勇者,覚醒の勇者,50,62,Images incomplete,0,0,62,39,23,true,true,62,62,40,1,1,0,0,39,supabase-primary-objects-present;non-supabase-links-unverifiable,39,39,38,38,0,0,1,0,0,0,0,external-timeout,1,1,39,0,external-http-verified
d560cd01-de2a-4713-9518-b967fb4c5ac9,ja,759e4007-8afe-41e1-9a61-68adb0a05c00,SM5+,ウルトラフォース,ウルトラフォース,50,63,Images incomplete,0,0,63,0,63,true,true,63,63,1,1,1,0,0,0,all-supabase-primary-objects-present,0,0,0,0,0,0,0,0,0,0,0,no-external-public-links,0,0,0,0,no-external-public-links
d560cd01-de2a-4713-9518-b967fb4c5ac9,ja,f5e90e91-1366-4e6e-bd42-02cf0ed84790,SM5M,ウルトラムーン,ウルトラムーン,66,78,Images incomplete,0,0,78,52,26,true,true,78,78,53,1,1,0,0,52,supabase-primary-objects-present;non-supabase-links-unverifiable,52,52,52,52,0,0,0,0,0,0,0,external-http-ok,0,0,52,0,external-http-verified
d560cd01-de2a-4713-9518-b967fb4c5ac9,ja,b322af01-58cc-4e5a-8a82-b7ff829cb9c0,SM5S,ウルトラサン,ウルトラサン,66,78,Images incomplete,0,0,78,52,26,true,true,78,78,53,1,1,0,0,52,supabase-primary-objects-present;non-supabase-links-unverifiable,52,52,51,51,0,0,1,0,0,0,0,external-timeout,1,1,52,0,external-http-verified
d560cd01-de2a-4713-9518-b967fb4c5ac9,ja,04fe9fe1-7206-4215-b9ab-ccea25916593,SM6,禁断の光,禁断の光,94,110,Images incomplete,0,0,110,76,34,true,true,110,110,77,1,1,0,0,76,supabase-primary-objects-present;non-supabase-links-unverifiable,76,76,75,75,0,0,1,0,0,0,0,external-timeout,1,1,76,0,external-http-verified
d560cd01-de2a-4713-9518-b967fb4c5ac9,ja,29fb4725-1b4c-4f62-9737-0730fdcdadea,SM6a,ドラゴンストーム,ドラゴンストーム,53,66,Images incomplete,0,0,66,40,26,true,true,66,66,41,1,1,0,0,40,supabase-primary-objects-present;non-supabase-links-unverifiable,40,40,40,40,0,0,0,0,0,0,0,external-http-ok,0,0,40,0,external-http-verified
d560cd01-de2a-4713-9518-b967fb4c5ac9,ja,c7d02c37-c9b3-4d8b-ac5c-59adfe01424d,SM6b,チャンピオンロード,チャンピオンロード,66,86,Images incomplete,0,0,86,51,35,true,true,86,86,52,1,1,0,0,51,supabase-primary-objects-present;non-supabase-links-unverifiable,51,51,50,50,0,0,1,0,0,0,0,external-timeout,1,1,51,0,external-http-verified
d560cd01-de2a-4713-9518-b967fb4c5ac9,ja,71a1e194-2c3d-46d0-9584-25987bde2841,SM7,裂空のカリスマ,裂空のカリスマ,96,112,Images incomplete,0,0,112,78,34,true,true,112,112,79,1,1,0,0,78,supabase-primary-objects-present;non-supabase-links-unverifiable,78,78,78,78,0,0,0,0,0,0,0,external-http-ok,0,0,78,0,external-http-verified
d560cd01-de2a-4713-9518-b967fb4c5ac9,ja,728a72e3-7bf2-4436-8ea1-92b54a8d38f6,SM7a,迅雷スパーク,迅雷スパーク,50,73,Images incomplete,0,0,73,47,26,true,true,73,73,48,1,1,0,0,47,supabase-primary-objects-present;non-supabase-links-unverifiable,47,47,47,47,0,0,0,0,0,0,0,external-http-ok,0,0,47,0,external-http-verified
d560cd01-de2a-4713-9518-b967fb4c5ac9,ja,f34565be-80cb-47cb-914b-b4c20984cf79,SM7b,フェアリーライズ,フェアリーライズ,50,63,Images incomplete,0,0,63,38,25,true,true,63,63,39,1,1,0,0,38,supabase-primary-objects-present;non-supabase-links-unverifiable,38,38,38,38,0,0,0,0,0,0,0,external-http-ok,0,0,38,0,external-http-verified
d560cd01-de2a-4713-9518-b967fb4c5ac9,ja,3e80bfaf-77fd-4f5d-82ec-4e407a74d722,SM8,超爆インパクト,超爆インパクト,95,111,Images incomplete,0,0,111,77,34,true,true,111,111,78,1,1,0,0,77,supabase-primary-objects-present;non-supabase-links-unverifiable,77,77,76,76,0,0,1,0,0,0,0,external-timeout,1,1,77,0,external-http-verified
d560cd01-de2a-4713-9518-b967fb4c5ac9,ja,3466c5e7-e660-4467-a756-44f4d5f7a853,SM8a,ダークオーダー,ダークオーダー,52,65,Images incomplete,0,0,65,39,26,true,true,65,65,40,1,1,0,0,39,supabase-primary-objects-present;non-supabase-links-unverifiable,39,39,38,38,0,0,1,0,0,0,0,external-timeout,1,1,39,0,external-http-verified
d560cd01-de2a-4713-9518-b967fb4c5ac9,ja,eb72605f-506f-4ab5-87f7-1aafeb95a278,SM8b,GXウルトラシャイニー,GXウルトラシャイニー,150,250,Images incomplete,0,0,250,125,125,true,true,250,250,126,1,1,0,0,125,supabase-primary-objects-present;non-supabase-links-unverifiable,125,125,124,124,0,0,1,0,0,0,0,external-timeout,1,1,125,0,external-http-verified
d560cd01-de2a-4713-9518-b967fb4c5ac9,ja,428cd43a-548e-4482-a81f-0d06b2869835,SM9,タッグボルト,タッグボルト,95,118,Images incomplete,0,0,118,75,43,true,true,118,118,76,1,1,0,0,75,supabase-primary-objects-present;non-supabase-links-unverifiable,75,75,75,75,0,0,0,0,0,0,0,external-http-ok,0,0,75,0,external-http-verified
d560cd01-de2a-4713-9518-b967fb4c5ac9,ja,05f31b7b-957f-4b0d-a321-29ca7edde5d4,SM9a,ナイトユニゾン,ナイトユニゾン,55,70,Images incomplete,0,0,70,40,30,true,true,70,70,41,1,1,0,0,40,supabase-primary-objects-present;non-supabase-links-unverifiable,40,40,40,40,0,0,0,0,0,0,0,external-http-ok,0,0,40,0,external-http-verified
d560cd01-de2a-4713-9518-b967fb4c5ac9,ja,30e027c6-8973-4b8a-93b8-682251f39f28,SM9b,フルメタルウォール,フルメタルウォール,54,69,Images incomplete,0,0,69,39,30,true,true,69,69,40,1,1,0,0,39,supabase-primary-objects-present;non-supabase-links-unverifiable,39,39,39,39,0,0,0,0,0,0,0,external-http-ok,0,0,39,0,external-http-verified
d560cd01-de2a-4713-9518-b967fb4c5ac9,ja,59ec63a0-5a2a-452b-a03c-90d9264b90da,SMP2,名探偵ピカチュウ,名探偵ピカチュウ,24,24,Metadata incomplete,100,0,0,0,0,true,true,0,0,1,1,1,0,0,0,all-supabase-primary-objects-present,0,0,0,0,0,0,0,0,0,0,0,no-external-public-links,0,0,0,0,no-external-public-links
d560cd01-de2a-4713-9518-b967fb4c5ac9,ja,c20234cb-c629-4383-b107-c49b38b682ae,SV-P,スカーレット&バイオレット プロモカード,スカーレット&バイオレット プロモカード,0,288,Images incomplete,0,0,288,280,8,false,true,288,288,280,0,0,0,0,280,only-non-supabase-or-external-links-unverifiable,280,280,280,280,0,0,0,0,0,0,0,external-http-ok,0,0,280,0,external-http-verified
d560cd01-de2a-4713-9518-b967fb4c5ac9,ja,db4076ae-7ab9-408d-988c-34aa33b7b906,SV10,ロケット団の栄光,ロケット団の栄光,98,132,Images incomplete,74.24,0,132,98,34,true,true,132,132,99,99,99,0,0,0,all-supabase-primary-objects-present,0,0,0,0,0,0,0,0,0,0,0,no-external-public-links,0,0,0,0,no-external-public-links
d560cd01-de2a-4713-9518-b967fb4c5ac9,ja,9f85e389-ab18-4448-948c-fdc067aa188b,SV11B,ブラックボルト,ブラックボルト,174,174,Images incomplete,0,0,254,70,184,true,true,174,174,71,1,1,0,0,70,supabase-primary-objects-present;non-supabase-links-unverifiable,70,70,69,69,0,0,1,0,0,0,0,external-timeout,1,1,70,0,external-http-verified
d560cd01-de2a-4713-9518-b967fb4c5ac9,ja,316ec693-c6dc-408c-aaca-2b57afdb9249,SV11W,ホワイトフレア,ホワイトフレア,86,174,Images incomplete,0,0,254,72,182,true,true,174,174,73,1,1,0,0,72,supabase-primary-objects-present;non-supabase-links-unverifiable,72,72,72,72,0,0,0,0,0,0,0,external-http-ok,0,0,72,0,external-http-verified
d560cd01-de2a-4713-9518-b967fb4c5ac9,ja,ca01c7f7-c1b0-4a4a-8aa0-e2c0f617d306,SV1a,トリプレットビート,トリプレットビート,73,103,Set art incomplete,100,0,103,103,0,true,true,103,103,104,104,104,0,0,0,all-supabase-primary-objects-present,0,0,0,0,0,0,0,0,0,0,0,no-external-public-links,0,0,0,0,no-external-public-links
d560cd01-de2a-4713-9518-b967fb4c5ac9,ja,cf6f4a09-69a3-4497-9c40-beb1221063ea,SV1S,スカーレットex,スカーレットex,78,108,Set art incomplete,100,0,108,108,0,true,true,108,108,109,109,109,0,0,0,all-supabase-primary-objects-present,0,0,0,0,0,0,0,0,0,0,0,no-external-public-links,0,0,0,0,no-external-public-links
d560cd01-de2a-4713-9518-b967fb4c5ac9,ja,fffb3282-3442-41e4-b4a2-9be06199186f,SV1V,バイオレットex,バイオレットex,78,108,Set art incomplete,100,0,108,108,0,true,true,108,108,109,109,109,0,0,0,all-supabase-primary-objects-present,0,0,0,0,0,0,0,0,0,0,0,no-external-public-links,0,0,0,0,no-external-public-links
d560cd01-de2a-4713-9518-b967fb4c5ac9,ja,e42556b8-3e82-44bb-8c52-c06b893ee4a3,SV2a,ポケモンカード151,ポケモンカード151,165,210,Set art incomplete,100,0,363,210,153,true,true,210,210,211,211,211,0,0,0,all-supabase-primary-objects-present,0,0,0,0,0,0,0,0,0,0,0,no-external-public-links,0,0,0,0,no-external-public-links
d560cd01-de2a-4713-9518-b967fb4c5ac9,ja,44906e0e-477b-4417-a71d-5330528d3d82,SV2D,クレイバースト,クレイバースト,71,99,Set art incomplete,100,0,99,99,0,true,true,99,99,100,100,100,0,0,0,all-supabase-primary-objects-present,0,0,0,0,0,0,0,0,0,0,0,no-external-public-links,0,0,0,0,no-external-public-links
d560cd01-de2a-4713-9518-b967fb4c5ac9,ja,a6a65a33-74fa-48d5-bdc0-38d6eaa08ef3,SV2P,スノーハザード,スノーハザード,71,99,Set art incomplete,100,0,99,99,0,true,true,99,99,100,100,100,0,0,0,all-supabase-primary-objects-present,0,0,0,0,0,0,0,0,0,0,0,no-external-public-links,0,0,0,0,no-external-public-links
d560cd01-de2a-4713-9518-b967fb4c5ac9,ja,d1ce7f2b-1f52-452e-9d90-0155bbfdb6e6,SV3,黒炎の支配者,黒炎の支配者,108,141,Set art incomplete,100,0,141,141,0,true,true,141,141,142,142,142,0,0,0,all-supabase-primary-objects-present,0,0,0,0,0,0,0,0,0,0,0,no-external-public-links,0,0,0,0,no-external-public-links
d560cd01-de2a-4713-9518-b967fb4c5ac9,ja,92afb596-5060-44b4-a53a-12d815e94f52,SV3a,レイジングサーフ,レイジングサーフ,62,92,Set art incomplete,100,0,92,92,0,true,true,92,92,93,93,93,0,0,0,all-supabase-primary-objects-present,0,0,0,0,0,0,0,0,0,0,0,no-external-public-links,0,0,0,0,no-external-public-links
d560cd01-de2a-4713-9518-b967fb4c5ac9,ja,9e539009-b72c-43e2-8f25-f183aa4bc4b7,SV4a,レイジングサーフ,レイジングサーフ,190,320,Set art incomplete,100,0,413,320,93,true,true,320,320,321,321,321,0,0,0,all-supabase-primary-objects-present,0,0,0,0,0,0,0,0,0,0,0,no-external-public-links,0,0,0,0,no-external-public-links
d560cd01-de2a-4713-9518-b967fb4c5ac9,ja,be25b6d3-a750-48a3-b8af-804ddc355452,SV4K,古代の咆哮,古代の咆哮,66,95,Set art incomplete,100,0,95,95,0,true,true,95,95,96,96,96,0,0,0,all-supabase-primary-objects-present,0,0,0,0,0,0,0,0,0,0,0,no-external-public-links,0,0,0,0,no-external-public-links
d560cd01-de2a-4713-9518-b967fb4c5ac9,ja,344551fb-6b1b-418a-8b59-680096d4c9bf,SV4M,未来の一閃,未来の一閃,66,95,Set art incomplete,100,0,95,95,0,true,true,95,95,96,96,96,0,0,0,all-supabase-primary-objects-present,0,0,0,0,0,0,0,0,0,0,0,no-external-public-links,0,0,0,0,no-external-public-links
d560cd01-de2a-4713-9518-b967fb4c5ac9,ja,5f94a6e3-99a2-4eba-b6c7-c689dd509da8,SV5a,クリムゾンヘイズ,クリムゾンヘイズ,66,96,Set art incomplete,100,0,96,96,0,true,true,96,96,97,97,97,0,0,0,all-supabase-primary-objects-present,0,0,0,0,0,0,0,0,0,0,0,no-external-public-links,0,0,0,0,no-external-public-links
d560cd01-de2a-4713-9518-b967fb4c5ac9,ja,688851ac-3d75-4431-a008-664294279341,SV5K,ワイルドフォース,ワイルドフォース,71,100,Set art incomplete,100,0,100,100,0,true,true,100,100,101,101,101,0,0,0,all-supabase-primary-objects-present,0,0,0,0,0,0,0,0,0,0,0,no-external-public-links,0,0,0,0,no-external-public-links
d560cd01-de2a-4713-9518-b967fb4c5ac9,ja,987716a9-9030-4dc8-89c2-db2bdf1a409d,SV5M,サイバージャッジ,サイバージャッジ,71,100,Images incomplete,0,0,100,55,45,true,true,100,100,56,1,1,0,0,55,supabase-primary-objects-present;non-supabase-links-unverifiable,55,55,55,55,0,0,0,0,0,0,0,external-http-ok,0,0,55,0,external-http-verified
d560cd01-de2a-4713-9518-b967fb4c5ac9,ja,5b61106a-7ae7-4ee6-90cc-c101fb8738b8,SV6,変幻の仮面,変幻の仮面,101,133,Set art incomplete,100,0,133,133,0,true,true,133,133,134,134,134,0,0,0,all-supabase-primary-objects-present,0,0,0,0,0,0,0,0,0,0,0,no-external-public-links,0,0,0,0,no-external-public-links
d560cd01-de2a-4713-9518-b967fb4c5ac9,ja,6e698306-d093-44e9-8673-cc513e36bd8d,SV6a,ナイトワンダラー,ナイトワンダラー,64,94,Set art incomplete,100,0,94,94,0,true,true,94,94,95,95,95,0,0,0,all-supabase-primary-objects-present,0,0,0,0,0,0,0,0,0,0,0,no-external-public-links,0,0,0,0,no-external-public-links
d560cd01-de2a-4713-9518-b967fb4c5ac9,ja,f09d1e6a-c76e-4a2d-bb45-971e54983c2d,SV7,ステラミラクル,ステラミラクル,102,135,Set art incomplete,100,0,135,135,0,true,true,135,135,136,136,136,0,0,0,all-supabase-primary-objects-present,0,0,0,0,0,0,0,0,0,0,0,no-external-public-links,0,0,0,0,no-external-public-links
d560cd01-de2a-4713-9518-b967fb4c5ac9,ja,98a82354-b058-4bda-ad66-359a7bd7c36f,SV7a,楽園ドラゴーナ,楽園ドラゴーナ,64,94,Set art incomplete,100,0,94,94,0,true,true,94,94,95,95,95,0,0,0,all-supabase-primary-objects-present,0,0,0,0,0,0,0,0,0,0,0,no-external-public-links,0,0,0,0,no-external-public-links
d560cd01-de2a-4713-9518-b967fb4c5ac9,ja,5f0817f3-5386-4a29-9391-0529c5fcb98b,SV8,超電ブレイカー,超電ブレイカー,106,138,Images incomplete,76.81,0,138,106,32,true,true,138,138,107,107,107,0,0,0,all-supabase-primary-objects-present,0,0,0,0,0,0,0,0,0,0,0,no-external-public-links,0,0,0,0,no-external-public-links
d560cd01-de2a-4713-9518-b967fb4c5ac9,ja,a7459948-3544-4122-8fec-7fc6aecfd2e5,SV8a,テラスタルフェスex,テラスタルフェスex,187,237,Set art incomplete,100,0,382,237,145,true,true,237,237,238,238,238,0,0,0,all-supabase-primary-objects-present,0,0,0,0,0,0,0,0,0,0,0,no-external-public-links,0,0,0,0,no-external-public-links
d560cd01-de2a-4713-9518-b967fb4c5ac9,ja,a65593d7-236b-4891-9c88-670650f4faaf,SV9,バトルパートナーズ,バトルパートナーズ,100,132,Set art incomplete,100,0,132,132,0,true,true,132,132,133,133,133,0,0,0,all-supabase-primary-objects-present,0,0,0,0,0,0,0,0,0,0,0,no-external-public-links,0,0,0,0,no-external-public-links
d560cd01-de2a-4713-9518-b967fb4c5ac9,ja,ff9ddb2d-d5c3-4c2c-bc48-89e68ea03d96,SV9a,熱風のアリーナ,熱風のアリーナ,63,92,Set art incomplete,100,0,92,92,0,true,true,92,92,93,93,93,0,0,0,all-supabase-primary-objects-present,0,0,0,0,0,0,0,0,0,0,0,no-external-public-links,0,0,0,0,no-external-public-links
d560cd01-de2a-4713-9518-b967fb4c5ac9,ja,a82cacd4-f799-422c-a6c6-5812f52b5471,SVK,デッキビルドBOX ステラミラクル,デッキビルドBOX ステラミラクル,44,44,Set art incomplete,100,0,44,44,0,false,true,44,44,44,44,44,0,0,0,all-supabase-primary-objects-present,0,0,0,0,0,0,0,0,0,0,0,no-external-public-links,0,0,0,0,no-external-public-links
d560cd01-de2a-4713-9518-b967fb4c5ac9,ja,a02f91da-e478-40a7-8dfe-7885964ad626,SVLN,スターターセット テラスタイプ：ステラ ニンフィアex,スターターセット テラスタイプ：ステラ ニンフィアex,22,22,Set art incomplete,100,0,22,22,0,false,true,22,22,22,22,22,0,0,0,all-supabase-primary-objects-present,0,0,0,0,0,0,0,0,0,0,0,no-external-public-links,0,0,0,0,no-external-public-links
d560cd01-de2a-4713-9518-b967fb4c5ac9,ja,c6605513-7a0b-455f-843d-d171570aa516,SVLS,スターターセット テラスタイプ：ステラ ソウブレイズex,スターターセット テラスタイプ：ステラ ソウブレイズex,22,22,Set art incomplete,100,0,22,22,0,false,true,22,22,22,22,22,0,0,0,all-supabase-primary-objects-present,0,0,0,0,0,0,0,0,0,0,0,no-external-public-links,0,0,0,0,no-external-public-links
d560cd01-de2a-4713-9518-b967fb4c5ac9,ja,f1b5f7cb-2472-496b-8587-1ceab0233632,VS1,ポケモンカード★VS,ポケモンカード★VS,141,143,Images incomplete,0,0,285,0,285,true,true,143,143,1,1,1,0,0,0,all-supabase-primary-objects-present,0,0,0,0,0,0,0,0,0,0,0,no-external-public-links,0,0,0,0,no-external-public-links
d560cd01-de2a-4713-9518-b967fb4c5ac9,ja,cdb922a5-eaec-4696-ae6f-3ad4d263c66b,web1,ポケモンカード★web,ポケモンカード★web,48,48,Metadata incomplete,0,0,47,0,47,false,true,47,47,0,0,0,0,0,0,no-current-public-asset-manifest-links,0,0,0,0,0,0,0,0,0,0,0,no-external-public-links,0,0,0,0,no-external-public-links
d560cd01-de2a-4713-9518-b967fb4c5ac9,ja,f2f1d254-4bf3-474f-8ac1-5302b66caadf,XY10,めざめる超王,めざめる超王,78,78,Metadata incomplete,100,0,0,0,0,true,true,0,0,1,1,1,0,0,0,all-supabase-primary-objects-present,0,0,0,0,0,0,0,0,0,0,0,no-external-public-links,0,0,0,0,no-external-public-links
d560cd01-de2a-4713-9518-b967fb4c5ac9,ja,25233d9e-6a9e-459e-83fd-cb2a27353955,XY11a,爆熱の闘士,爆熱の闘士,54,54,Metadata incomplete,100,0,0,0,0,true,true,0,0,1,1,1,0,0,0,all-supabase-primary-objects-present,0,0,0,0,0,0,0,0,0,0,0,no-external-public-links,0,0,0,0,no-external-public-links
d560cd01-de2a-4713-9518-b967fb4c5ac9,ja,9eaba296-0320-44ac-a684-004b5493703b,XY11b,冷酷の反逆者,冷酷の反逆者,54,54,Metadata incomplete,100,0,0,0,0,true,true,0,0,1,1,1,0,0,0,all-supabase-primary-objects-present,0,0,0,0,0,0,0,0,0,0,0,no-external-public-links,0,0,0,0,no-external-public-links
d560cd01-de2a-4713-9518-b967fb4c5ac9,ja,80507fc7-d1db-433d-9374-4efa9ee190b4,XY1a,コレクションX,コレクションX,60,60,Metadata incomplete,100,0,0,0,0,true,true,0,0,1,1,1,0,0,0,all-supabase-primary-objects-present,0,0,0,0,0,0,0,0,0,0,0,no-external-public-links,0,0,0,0,no-external-public-links
d560cd01-de2a-4713-9518-b967fb4c5ac9,ja,3ee8597c-8aef-4c8c-84a7-07b9870cb35c,XY1b,コレクションY,コレクションY,60,60,Metadata incomplete,100,0,0,0,0,true,true,0,0,1,1,1,0,0,0,all-supabase-primary-objects-present,0,0,0,0,0,0,0,0,0,0,0,no-external-public-links,0,0,0,0,no-external-public-links
d560cd01-de2a-4713-9518-b967fb4c5ac9,ja,08b708f9-3971-4219-926d-4f7accbecaf1,XY2,ワイルドブレイズ,Wild Blaze,80,87,Metadata incomplete,100,0,0,0,0,true,false,0,0,1,1,1,0,0,0,all-supabase-primary-objects-present,0,0,0,0,0,0,0,0,0,0,0,no-external-public-links,0,0,0,0,no-external-public-links
d560cd01-de2a-4713-9518-b967fb4c5ac9,ja,38994222-f21c-45b7-9546-8033947af026,XY3,ライジングフィスト,Rising Fist,96,103,Metadata incomplete,100,0,0,0,0,true,false,0,0,1,1,1,0,0,0,all-supabase-primary-objects-present,0,0,0,0,0,0,0,0,0,0,0,no-external-public-links,0,0,0,0,no-external-public-links
d560cd01-de2a-4713-9518-b967fb4c5ac9,ja,4456ff35-8059-4c89-bf32-72ee17974c9f,XY4,ファントムゲート,Phantom Gate,88,95,Metadata incomplete,100,0,0,0,0,true,false,0,0,1,1,1,0,0,0,all-supabase-primary-objects-present,0,0,0,0,0,0,0,0,0,0,0,no-external-public-links,0,0,0,0,no-external-public-links
d560cd01-de2a-4713-9518-b967fb4c5ac9,ja,29935849-0eac-4671-b4d0-8bdee32d6cb4,XY5a,ガイアボルケーノ,ガイアボルケーノ,70,70,Metadata incomplete,100,0,0,0,0,true,true,0,0,1,1,1,0,0,0,all-supabase-primary-objects-present,0,0,0,0,0,0,0,0,0,0,0,no-external-public-links,0,0,0,0,no-external-public-links
d560cd01-de2a-4713-9518-b967fb4c5ac9,ja,a930e0e2-ed87-4a87-89ef-493b529eee93,XY5b,タイダルストーム,タイダルストーム,70,70,Metadata incomplete,100,0,0,0,0,true,true,0,0,1,1,1,0,0,0,all-supabase-primary-objects-present,0,0,0,0,0,0,0,0,0,0,0,no-external-public-links,0,0,0,0,no-external-public-links
d560cd01-de2a-4713-9518-b967fb4c5ac9,ja,1b5bed18-c3ec-4a9f-a022-caf94a6199f8,XY6,エメラルドブレイク,エメラルドブレイク,78,78,Metadata incomplete,100,0,0,0,0,true,true,0,0,1,1,1,0,0,0,all-supabase-primary-objects-present,0,0,0,0,0,0,0,0,0,0,0,no-external-public-links,0,0,0,0,no-external-public-links
d560cd01-de2a-4713-9518-b967fb4c5ac9,ja,ae0e96bd-371a-44ca-8090-e773a4f10d5e,XY7,バンデットリング,Bandit Ring,81,95,Metadata incomplete,100,0,0,0,0,true,false,0,0,1,1,1,0,0,0,all-supabase-primary-objects-present,0,0,0,0,0,0,0,0,0,0,0,no-external-public-links,0,0,0,0,no-external-public-links
d560cd01-de2a-4713-9518-b967fb4c5ac9,ja,13ef05bd-d69c-4a8f-aa8d-67b7d3cded50,XY8a,青い衝撃,青い衝撃,59,59,Metadata incomplete,100,0,0,0,0,true,true,0,0,1,1,1,0,0,0,all-supabase-primary-objects-present,0,0,0,0,0,0,0,0,0,0,0,no-external-public-links,0,0,0,0,no-external-public-links
d560cd01-de2a-4713-9518-b967fb4c5ac9,ja,dbd76042-7f79-4dae-bbf4-5a096bc58e12,XY8b,赤い閃光,赤い閃光,59,59,Metadata incomplete,100,0,0,0,0,true,true,0,0,1,1,1,0,0,0,all-supabase-primary-objects-present,0,0,0,0,0,0,0,0,0,0,0,no-external-public-links,0,0,0,0,no-external-public-links
d560cd01-de2a-4713-9518-b967fb4c5ac9,ja,9cacae59-fc63-4335-ade1-d5f81373c247,XY9,破天の怒り,破天の怒り,80,80,Metadata incomplete,100,0,0,0,0,true,true,0,0,1,1,1,0,0,0,all-supabase-primary-objects-present,0,0,0,0,0,0,0,0,0,0,0,no-external-public-links,0,0,0,0,no-external-public-links
159eb902-143c-42ef-b682-93ba5f9e81f2,ko,824c16e0-785e-4b97-9e8a-cba03559476b,CS1.5,트리플렛비트,트리플렛비트,101,101,Metadata incomplete,100,0,0,0,0,false,true,0,0,0,0,0,0,0,0,no-current-public-asset-manifest-links,0,0,0,0,0,0,0,0,0,0,0,no-external-public-links,0,0,0,0,no-external-public-links
159eb902-143c-42ef-b682-93ba5f9e81f2,ko,51fad859-b981-4c38-ad87-370659c8faf5,CS1a,트리플렛비트,트리플렛비트,101,101,Metadata incomplete,100,0,0,0,0,false,true,0,0,0,0,0,0,0,0,no-current-public-asset-manifest-links,0,0,0,0,0,0,0,0,0,0,0,no-external-public-links,0,0,0,0,no-external-public-links
159eb902-143c-42ef-b682-93ba5f9e81f2,ko,2f335317-ee79-4ae7-b33e-d6d17a634baf,CS1b,트리플렛비트,트리플렛비트,101,101,Metadata incomplete,100,0,0,0,0,false,true,0,0,0,0,0,0,0,0,no-current-public-asset-manifest-links,0,0,0,0,0,0,0,0,0,0,0,no-external-public-links,0,0,0,0,no-external-public-links
159eb902-143c-42ef-b682-93ba5f9e81f2,ko,4148fa3b-2239-4edb-aec2-2e2fe11c00d4,CS2.5,트리플렛비트,트리플렛비트,101,101,Metadata incomplete,100,0,0,0,0,false,true,0,0,0,0,0,0,0,0,no-current-public-asset-manifest-links,0,0,0,0,0,0,0,0,0,0,0,no-external-public-links,0,0,0,0,no-external-public-links
159eb902-143c-42ef-b682-93ba5f9e81f2,ko,3adac987-39bd-466f-b122-055ced8eeb58,CS2a,트리플렛비트,트리플렛비트,101,101,Metadata incomplete,100,0,0,0,0,false,true,0,0,0,0,0,0,0,0,no-current-public-asset-manifest-links,0,0,0,0,0,0,0,0,0,0,0,no-external-public-links,0,0,0,0,no-external-public-links
159eb902-143c-42ef-b682-93ba5f9e81f2,ko,380509f7-de5d-4499-9ce1-55d9ef1dbdf4,CS2b,트리플렛비트,트리플렛비트,101,101,Metadata incomplete,100,0,0,0,0,false,true,0,0,0,0,0,0,0,0,no-current-public-asset-manifest-links,0,0,0,0,0,0,0,0,0,0,0,no-external-public-links,0,0,0,0,no-external-public-links
159eb902-143c-42ef-b682-93ba5f9e81f2,ko,207820d0-04d1-47f7-83fe-902f3c0e754e,CS3.5,트리플렛비트,트리플렛비트,101,101,Metadata incomplete,100,0,0,0,0,false,true,0,0,0,0,0,0,0,0,no-current-public-asset-manifest-links,0,0,0,0,0,0,0,0,0,0,0,no-external-public-links,0,0,0,0,no-external-public-links
159eb902-143c-42ef-b682-93ba5f9e81f2,ko,e27df9a1-105a-40fe-81d1-a787cb54dcee,CS3a,트리플렛비트,트리플렛비트,101,101,Metadata incomplete,100,0,0,0,0,false,true,0,0,0,0,0,0,0,0,no-current-public-asset-manifest-links,0,0,0,0,0,0,0,0,0,0,0,no-external-public-links,0,0,0,0,no-external-public-links
159eb902-143c-42ef-b682-93ba5f9e81f2,ko,2ac44b59-465a-4013-afca-2ab82aff3f56,CS3b,트리플렛비트,트리플렛비트,101,101,Metadata incomplete,100,0,0,0,0,false,true,0,0,0,0,0,0,0,0,no-current-public-asset-manifest-links,0,0,0,0,0,0,0,0,0,0,0,no-external-public-links,0,0,0,0,no-external-public-links
159eb902-143c-42ef-b682-93ba5f9e81f2,ko,fcc94533-20bd-46ad-a468-83a3b87d810a,CS3D,트리플렛비트,트리플렛비트,101,101,Metadata incomplete,100,0,0,0,0,false,true,0,0,0,0,0,0,0,0,no-current-public-asset-manifest-links,0,0,0,0,0,0,0,0,0,0,0,no-external-public-links,0,0,0,0,no-external-public-links
159eb902-143c-42ef-b682-93ba5f9e81f2,ko,e7bd765f-15a3-47db-b758-6dc7ae557526,CS4,트리플렛비트,트리플렛비트,101,101,Metadata incomplete,100,0,0,0,0,false,true,0,0,0,0,0,0,0,0,no-current-public-asset-manifest-links,0,0,0,0,0,0,0,0,0,0,0,no-external-public-links,0,0,0,0,no-external-public-links
159eb902-143c-42ef-b682-93ba5f9e81f2,ko,e8d3d1ad-3e3c-47c8-9b89-4e4fb0a996fd,CS4a,트리플렛비트,트리플렛비트,101,101,Metadata incomplete,100,0,0,0,0,false,true,0,0,0,0,0,0,0,0,no-current-public-asset-manifest-links,0,0,0,0,0,0,0,0,0,0,0,no-external-public-links,0,0,0,0,no-external-public-links
159eb902-143c-42ef-b682-93ba5f9e81f2,ko,9a22c71c-877c-4c2a-9957-2b6f5feda3ab,CS4b,트리플렛비트,트리플렛비트,101,101,Metadata incomplete,100,0,0,0,0,false,true,0,0,0,0,0,0,0,0,no-current-public-asset-manifest-links,0,0,0,0,0,0,0,0,0,0,0,no-external-public-links,0,0,0,0,no-external-public-links
159eb902-143c-42ef-b682-93ba5f9e81f2,ko,11b60b31-65e2-4b84-a16e-73d17019bd44,CS4Da,트리플렛비트,트리플렛비트,101,101,Metadata incomplete,100,0,0,0,0,false,true,0,0,0,0,0,0,0,0,no-current-public-asset-manifest-links,0,0,0,0,0,0,0,0,0,0,0,no-external-public-links,0,0,0,0,no-external-public-links
159eb902-143c-42ef-b682-93ba5f9e81f2,ko,43263a49-d474-4ada-abe9-2cb849d40408,CSA,트리플렛비트,트리플렛비트,101,101,Metadata incomplete,100,0,0,0,0,false,true,0,0,0,0,0,0,0,0,no-current-public-asset-manifest-links,0,0,0,0,0,0,0,0,0,0,0,no-external-public-links,0,0,0,0,no-external-public-links
159eb902-143c-42ef-b682-93ba5f9e81f2,ko,b203a46e-3d1d-4fcb-8e84-bd4c89974c49,S10a,다크판타스마,다크판타스마,71,71,Metadata incomplete,100,0,0,0,0,false,true,0,0,0,0,0,0,0,0,no-current-public-asset-manifest-links,0,0,0,0,0,0,0,0,0,0,0,no-external-public-links,0,0,0,0,no-external-public-links
159eb902-143c-42ef-b682-93ba5f9e81f2,ko,1481d746-5dec-4f87-93a9-3e9a5ef5ae07,S10b,Pokémon GO,Pokémon GO,71,71,Metadata incomplete,100,0,0,0,0,false,true,0,0,0,0,0,0,0,0,no-current-public-asset-manifest-links,0,0,0,0,0,0,0,0,0,0,0,no-external-public-links,0,0,0,0,no-external-public-links
159eb902-143c-42ef-b682-93ba5f9e81f2,ko,bd671caa-35d6-4416-8fc2-9945779e7210,S10D,타임게이저,타임게이저,67,67,Metadata incomplete,100,0,0,0,0,false,true,0,0,0,0,0,0,0,0,no-current-public-asset-manifest-links,0,0,0,0,0,0,0,0,0,0,0,no-external-public-links,0,0,0,0,no-external-public-links
159eb902-143c-42ef-b682-93ba5f9e81f2,ko,4d1b6985-6e32-4977-9041-f06e867ba4b1,S10P,스페이스저글러,스페이스저글러,67,67,Metadata incomplete,100,0,0,0,0,false,true,0,0,0,0,0,0,0,0,no-current-public-asset-manifest-links,0,0,0,0,0,0,0,0,0,0,0,no-external-public-links,0,0,0,0,no-external-public-links
159eb902-143c-42ef-b682-93ba5f9e81f2,ko,9af84642-1702-4c14-a462-8b94a4efe9af,S11,트리플렛비트,트리플렛비트,100,100,Metadata incomplete,100,0,0,0,0,false,true,0,0,0,0,0,0,0,0,no-current-public-asset-manifest-links,0,0,0,0,0,0,0,0,0,0,0,no-external-public-links,0,0,0,0,no-external-public-links
159eb902-143c-42ef-b682-93ba5f9e81f2,ko,9ef396fd-31be-40e5-bfc2-aac7e04a703a,S11a,백열의 아르카나,백열의 아르카나,68,68,Metadata incomplete,100,0,0,0,0,false,true,0,0,0,0,0,0,0,0,no-current-public-asset-manifest-links,0,0,0,0,0,0,0,0,0,0,0,no-external-public-links,0,0,0,0,no-external-public-links
159eb902-143c-42ef-b682-93ba5f9e81f2,ko,9a5afd46-8e83-4e19-b3fe-cd74057786dc,S12,패러다임트리거,패러다임트리거,98,98,Metadata incomplete,100,0,0,0,0,false,true,0,0,0,0,0,0,0,0,no-current-public-asset-manifest-links,0,0,0,0,0,0,0,0,0,0,0,no-external-public-links,0,0,0,0,no-external-public-links
159eb902-143c-42ef-b682-93ba5f9e81f2,ko,3574ac4e-f899-4816-9711-c27f6b11db49,S12a,VSTAR 유니버스,VSTAR 유니버스,172,172,Metadata incomplete,100,0,0,0,0,false,true,0,0,0,0,0,0,0,0,no-current-public-asset-manifest-links,0,0,0,0,0,0,0,0,0,0,0,no-external-public-links,0,0,0,0,no-external-public-links
159eb902-143c-42ef-b682-93ba5f9e81f2,ko,cef768f8-bc60-4f46-9914-ff34c4a113a9,S1a,VMAX라이징,VMAX라이징,70,70,Metadata incomplete,100,0,0,0,0,false,true,0,0,0,0,0,0,0,0,no-current-public-asset-manifest-links,0,0,0,0,0,0,0,0,0,0,0,no-external-public-links,0,0,0,0,no-external-public-links
159eb902-143c-42ef-b682-93ba5f9e81f2,ko,950cfa44-d3f0-4ba3-a04b-c4ad8ac2ce25,S1H,실드,실드,60,60,Metadata incomplete,100,0,0,0,0,false,true,0,0,0,0,0,0,0,0,no-current-public-asset-manifest-links,0,0,0,0,0,0,0,0,0,0,0,no-external-public-links,0,0,0,0,no-external-public-links
159eb902-143c-42ef-b682-93ba5f9e81f2,ko,bfade21e-4987-46e3-ad07-d27715115a67,S1W,소드,소드,60,60,Metadata incomplete,100,0,0,0,0,false,true,0,0,0,0,0,0,0,0,no-current-public-asset-manifest-links,0,0,0,0,0,0,0,0,0,0,0,no-external-public-links,0,0,0,0,no-external-public-links
159eb902-143c-42ef-b682-93ba5f9e81f2,ko,2ba54962-a791-46d4-be7e-041d6722efe9,S2,반역크래시,반역크래시,96,96,Metadata incomplete,100,0,0,0,0,false,true,0,0,0,0,0,0,0,0,no-current-public-asset-manifest-links,0,0,0,0,0,0,0,0,0,0,0,no-external-public-links,0,0,0,0,no-external-public-links
159eb902-143c-42ef-b682-93ba5f9e81f2,ko,a5486ad2-c914-493e-af31-0391e7dc2136,S2a,폭염워커,폭염워커,70,70,Metadata incomplete,100,0,0,0,0,false,true,0,0,0,0,0,0,0,0,no-current-public-asset-manifest-links,0,0,0,0,0,0,0,0,0,0,0,no-external-public-links,0,0,0,0,no-external-public-links
159eb902-143c-42ef-b682-93ba5f9e81f2,ko,f94a3632-5483-47a9-bc1a-b8b3a3912c00,S3,무한존,무한존,100,100,Metadata incomplete,100,0,0,0,0,false,true,0,0,0,0,0,0,0,0,no-current-public-asset-manifest-links,0,0,0,0,0,0,0,0,0,0,0,no-external-public-links,0,0,0,0,no-external-public-links
159eb902-143c-42ef-b682-93ba5f9e81f2,ko,dbb4fb71-e13c-4586-8bb8-3a72f049108e,S3a,전설의 고동,전설의 고동,76,76,Metadata incomplete,100,0,0,0,0,false,true,0,0,0,0,0,0,0,0,no-current-public-asset-manifest-links,0,0,0,0,0,0,0,0,0,0,0,no-external-public-links,0,0,0,0,no-external-public-links
159eb902-143c-42ef-b682-93ba5f9e81f2,ko,b24a84ef-9cf9-4fe1-99a5-b6908d4558d8,S4,앙천의 볼트태클,앙천의 볼트태클,100,100,Metadata incomplete,100,0,0,0,0,false,true,0,0,0,0,0,0,0,0,no-current-public-asset-manifest-links,0,0,0,0,0,0,0,0,0,0,0,no-external-public-links,0,0,0,0,no-external-public-links
159eb902-143c-42ef-b682-93ba5f9e81f2,ko,8a26ec9f-444b-4e0f-a4ad-ac2f6383a64b,S4a,샤이니스타V,샤이니스타V,190,190,Metadata incomplete,100,0,0,0,0,false,true,0,0,0,0,0,0,0,0,no-current-public-asset-manifest-links,0,0,0,0,0,0,0,0,0,0,0,no-external-public-links,0,0,0,0,no-external-public-links
159eb902-143c-42ef-b682-93ba5f9e81f2,ko,52cc521a-6493-44c6-820b-77a705c9024c,S5a,쌍벽의 파이터,쌍벽의 파이터,70,70,Metadata incomplete,100,0,0,0,0,false,true,0,0,0,0,0,0,0,0,no-current-public-asset-manifest-links,0,0,0,0,0,0,0,0,0,0,0,no-external-public-links,0,0,0,0,no-external-public-links
159eb902-143c-42ef-b682-93ba5f9e81f2,ko,c561fc4e-246e-423c-b8a7-fc2ea508ba2c,S5I,일격마스터,일격마스터,70,70,Metadata incomplete,100,0,0,0,0,false,true,0,0,0,0,0,0,0,0,no-current-public-asset-manifest-links,0,0,0,0,0,0,0,0,0,0,0,no-external-public-links,0,0,0,0,no-external-public-links
159eb902-143c-42ef-b682-93ba5f9e81f2,ko,880492b5-1c21-4ddb-a105-e791aff11130,S5R,연격마스터,연격마스터,70,70,Metadata incomplete,100,0,0,0,0,false,true,0,0,0,0,0,0,0,0,no-current-public-asset-manifest-links,0,0,0,0,0,0,0,0,0,0,0,no-external-public-links,0,0,0,0,no-external-public-links
159eb902-143c-42ef-b682-93ba5f9e81f2,ko,a2205adf-ee26-400a-88a5-3c027af4cc8f,S6a,이브이 히어로즈,이브이 히어로즈,69,69,Metadata incomplete,100,0,0,0,0,false,true,0,0,0,0,0,0,0,0,no-current-public-asset-manifest-links,0,0,0,0,0,0,0,0,0,0,0,no-external-public-links,0,0,0,0,no-external-public-links
159eb902-143c-42ef-b682-93ba5f9e81f2,ko,09f8ea2b-1b82-43a8-849a-0eaba70bf916,S6H,백은의 랜스,백은의 랜스,70,70,Metadata incomplete,100,0,0,0,0,false,true,0,0,0,0,0,0,0,0,no-current-public-asset-manifest-links,0,0,0,0,0,0,0,0,0,0,0,no-external-public-links,0,0,0,0,no-external-public-links
159eb902-143c-42ef-b682-93ba5f9e81f2,ko,e0fa8f14-6ac4-437b-8591-2cafc25b43d6,S6K,칠흑의 가이스트,칠흑의 가이스트,70,70,Metadata incomplete,100,0,0,0,0,false,true,0,0,0,0,0,0,0,0,no-current-public-asset-manifest-links,0,0,0,0,0,0,0,0,0,0,0,no-external-public-links,0,0,0,0,no-external-public-links
159eb902-143c-42ef-b682-93ba5f9e81f2,ko,d788062e-5b00-4707-8510-2a0036e81e99,S7D,마천퍼펙트,마천퍼펙트,67,67,Metadata incomplete,100,0,0,0,0,false,true,0,0,0,0,0,0,0,0,no-current-public-asset-manifest-links,0,0,0,0,0,0,0,0,0,0,0,no-external-public-links,0,0,0,0,no-external-public-links
159eb902-143c-42ef-b682-93ba5f9e81f2,ko,7cc1dd36-879d-4d58-95c2-22ded590c845,S7R,창공의스트림,창공의스트림,67,67,Metadata incomplete,100,0,0,0,0,false,true,0,0,0,0,0,0,0,0,no-current-public-asset-manifest-links,0,0,0,0,0,0,0,0,0,0,0,no-external-public-links,0,0,0,0,no-external-public-links
159eb902-143c-42ef-b682-93ba5f9e81f2,ko,abbba736-ff55-4feb-bc30-737ad431e169,S8,퓨전아츠,퓨전아츠,100,100,Metadata incomplete,100,0,0,0,0,false,true,0,0,0,0,0,0,0,0,no-current-public-asset-manifest-links,0,0,0,0,0,0,0,0,0,0,0,no-external-public-links,0,0,0,0,no-external-public-links
159eb902-143c-42ef-b682-93ba5f9e81f2,ko,fc3050ab-f999-48fe-ad93-6ab87d75d3df,S8a,25th Anniversary,25th Anniversary,28,28,Metadata incomplete,100,0,0,0,0,false,true,0,0,0,0,0,0,0,0,no-current-public-asset-manifest-links,0,0,0,0,0,0,0,0,0,0,0,no-external-public-links,0,0,0,0,no-external-public-links
159eb902-143c-42ef-b682-93ba5f9e81f2,ko,b2cd67dc-4698-4437-9709-0811944fa47b,S8b,VMAX 클라이맥스,VMAX 클라이맥스,184,184,Metadata incomplete,100,0,0,0,0,false,true,0,0,0,0,0,0,0,0,no-current-public-asset-manifest-links,0,0,0,0,0,0,0,0,0,0,0,no-external-public-links,0,0,0,0,no-external-public-links
159eb902-143c-42ef-b682-93ba5f9e81f2,ko,0242ed49-1d30-425b-9d98-a35a33d21c6e,S9,스타버스,스타버스,100,100,Metadata incomplete,100,0,0,0,0,false,true,0,0,0,0,0,0,0,0,no-current-public-asset-manifest-links,0,0,0,0,0,0,0,0,0,0,0,no-external-public-links,0,0,0,0,no-external-public-links
159eb902-143c-42ef-b682-93ba5f9e81f2,ko,2433b9c4-cc30-47c5-a49b-3e1c935dbbb1,S9a,배틀리전,배틀리전,67,67,Metadata incomplete,100,0,0,0,0,false,true,0,0,0,0,0,0,0,0,no-current-public-asset-manifest-links,0,0,0,0,0,0,0,0,0,0,0,no-external-public-links,0,0,0,0,no-external-public-links
159eb902-143c-42ef-b682-93ba5f9e81f2,ko,870022b7-3cb7-4323-9782-95e8221dff52,SM1+,썬&문,썬&문,51,51,Metadata incomplete,100,0,0,0,0,false,true,0,0,0,0,0,0,0,0,no-current-public-asset-manifest-links,0,0,0,0,0,0,0,0,0,0,0,no-external-public-links,0,0,0,0,no-external-public-links
159eb902-143c-42ef-b682-93ba5f9e81f2,ko,4301389c-89ce-4369-9503-cf30f4d1af97,SM10,더블블레이즈,더블블레이즈,95,95,Metadata incomplete,100,0,0,0,0,false,true,0,0,0,0,0,0,0,0,no-current-public-asset-manifest-links,0,0,0,0,0,0,0,0,0,0,0,no-external-public-links,0,0,0,0,no-external-public-links
159eb902-143c-42ef-b682-93ba5f9e81f2,ko,039a28a5-7177-4956-82ed-1acf35f5f90c,SM10a,GG엔드,GG엔드,54,54,Metadata incomplete,100,0,0,0,0,false,true,0,0,0,0,0,0,0,0,no-current-public-asset-manifest-links,0,0,0,0,0,0,0,0,0,0,0,no-external-public-links,0,0,0,0,no-external-public-links
159eb902-143c-42ef-b682-93ba5f9e81f2,ko,b5b40ab4-78d4-4bad-8498-7e5315212c04,SM10b,스카이레전드,스카이레전드,56,56,Metadata incomplete,100,0,0,0,0,false,true,0,0,0,0,0,0,0,0,no-current-public-asset-manifest-links,0,0,0,0,0,0,0,0,0,0,0,no-external-public-links,0,0,0,0,no-external-public-links
159eb902-143c-42ef-b682-93ba5f9e81f2,ko,406f074f-e862-463f-b5f8-d347519b0646,SM11,미라클트윈,미라클트윈,94,94,Metadata incomplete,100,0,0,0,0,false,true,0,0,0,0,0,0,0,0,no-current-public-asset-manifest-links,0,0,0,0,0,0,0,0,0,0,0,no-external-public-links,0,0,0,0,no-external-public-links
159eb902-143c-42ef-b682-93ba5f9e81f2,ko,6879b78f-868d-4704-975a-d6cf003a95de,SM11a,리믹스바우트,리믹스바우트,64,64,Metadata incomplete,100,0,0,0,0,false,true,0,0,0,0,0,0,0,0,no-current-public-asset-manifest-links,0,0,0,0,0,0,0,0,0,0,0,no-external-public-links,0,0,0,0,no-external-public-links
159eb902-143c-42ef-b682-93ba5f9e81f2,ko,e4e2966a-99de-4177-a7f4-5df815030380,SM11b,드림리그,드림리그,49,49,Metadata incomplete,100,0,0,0,0,false,true,0,0,0,0,0,0,0,0,no-current-public-asset-manifest-links,0,0,0,0,0,0,0,0,0,0,0,no-external-public-links,0,0,0,0,no-external-public-links
159eb902-143c-42ef-b682-93ba5f9e81f2,ko,0214e128-4015-4481-802b-6518f59c1dce,SM12,얼터제네시스,얼터제네시스,95,95,Metadata incomplete,100,0,0,0,0,false,true,0,0,0,0,0,0,0,0,no-current-public-asset-manifest-links,0,0,0,0,0,0,0,0,0,0,0,no-external-public-links,0,0,0,0,no-external-public-links
159eb902-143c-42ef-b682-93ba5f9e81f2,ko,1c05a0bc-8015-4441-aaac-388fd922990f,SM12a,TAG TEAM GX 태그올스타즈,TAG TEAM GX 태그올스타즈,173,173,Metadata incomplete,100,0,0,0,0,false,true,0,0,0,0,0,0,0,0,no-current-public-asset-manifest-links,0,0,0,0,0,0,0,0,0,0,0,no-external-public-links,0,0,0,0,no-external-public-links
159eb902-143c-42ef-b682-93ba5f9e81f2,ko,3104be92-81f2-4176-ac6a-d265a9c10cad,SM1M,문 컬렉션,문 컬렉션,60,60,Metadata incomplete,100,0,0,0,0,false,true,0,0,0,0,0,0,0,0,no-current-public-asset-manifest-links,0,0,0,0,0,0,0,0,0,0,0,no-external-public-links,0,0,0,0,no-external-public-links
159eb902-143c-42ef-b682-93ba5f9e81f2,ko,3793753b-1191-448a-a54d-b852a32dd8ee,SM1S,썬 컬렉션,썬 컬렉션,60,60,Metadata incomplete,100,0,0,0,0,false,true,0,0,0,0,0,0,0,0,no-current-public-asset-manifest-links,0,0,0,0,0,0,0,0,0,0,0,no-external-public-links,0,0,0,0,no-external-public-links
159eb902-143c-42ef-b682-93ba5f9e81f2,ko,71a38dca-57f9-409b-90f7-d9f3a7d42c77,SM2K,알로라의 햇빛,알로라의 햇빛,50,50,Metadata incomplete,100,0,0,0,0,false,true,0,0,0,0,0,0,0,0,no-current-public-asset-manifest-links,0,0,0,0,0,0,0,0,0,0,0,no-external-public-links,0,0,0,0,no-external-public-links
159eb902-143c-42ef-b682-93ba5f9e81f2,ko,745fc871-dc1b-4619-ab21-a14f04a3a689,SM2L,알로라의 달빛,알로라의 달빛,50,50,Metadata incomplete,100,0,0,0,0,false,true,0,0,0,0,0,0,0,0,no-current-public-asset-manifest-links,0,0,0,0,0,0,0,0,0,0,0,no-external-public-links,0,0,0,0,no-external-public-links
159eb902-143c-42ef-b682-93ba5f9e81f2,ko,956f3586-9517-46af-9b4a-4bd3cce1872f,SM3+,빛나는 전설,빛나는 전설,72,72,Metadata incomplete,100,0,0,0,0,false,true,0,0,0,0,0,0,0,0,no-current-public-asset-manifest-links,0,0,0,0,0,0,0,0,0,0,0,no-external-public-links,0,0,0,0,no-external-public-links
159eb902-143c-42ef-b682-93ba5f9e81f2,ko,06ae8028-7991-4a95-9d95-54bf1c141cdb,SM3H,어둠을 밝힌 무지개,어둠을 밝힌 무지개,51,51,Metadata incomplete,100,0,0,0,0,false,true,0,0,0,0,0,0,0,0,no-current-public-asset-manifest-links,0,0,0,0,0,0,0,0,0,0,0,no-external-public-links,0,0,0,0,no-external-public-links
159eb902-143c-42ef-b682-93ba5f9e81f2,ko,ea76d814-7316-4c9f-9a56-8c510277a47e,SM3N,빛을 삼킨 어둠,빛을 삼킨 어둠,51,51,Metadata incomplete,100,0,0,0,0,false,true,0,0,0,0,0,0,0,0,no-current-public-asset-manifest-links,0,0,0,0,0,0,0,0,0,0,0,no-external-public-links,0,0,0,0,no-external-public-links
159eb902-143c-42ef-b682-93ba5f9e81f2,ko,60268ff9-b797-4fc9-8c1f-62600566443d,SM4+,GX 배틀부스트,GX 배틀부스트,114,114,Metadata incomplete,100,0,0,0,0,false,true,0,0,0,0,0,0,0,0,no-current-public-asset-manifest-links,0,0,0,0,0,0,0,0,0,0,0,no-external-public-links,0,0,0,0,no-external-public-links
159eb902-143c-42ef-b682-93ba5f9e81f2,ko,d0b52275-614f-47dc-951b-3244706eead2,SM4A,초차원의 침략자,초차원의 침략자,50,50,Metadata incomplete,100,0,0,0,0,false,true,0,0,0,0,0,0,0,0,no-current-public-asset-manifest-links,0,0,0,0,0,0,0,0,0,0,0,no-external-public-links,0,0,0,0,no-external-public-links
159eb902-143c-42ef-b682-93ba5f9e81f2,ko,e803b437-dd48-4239-8b93-ac7de3365b27,SM4S,각성의 용사,각성의 용사,50,50,Metadata incomplete,100,0,0,0,0,false,true,0,0,0,0,0,0,0,0,no-current-public-asset-manifest-links,0,0,0,0,0,0,0,0,0,0,0,no-external-public-links,0,0,0,0,no-external-public-links
159eb902-143c-42ef-b682-93ba5f9e81f2,ko,2c60bbc5-eb49-4527-96bc-2839a2a92774,SM5+,울트라포스,울트라포스,50,50,Metadata incomplete,100,0,0,0,0,false,true,0,0,0,0,0,0,0,0,no-current-public-asset-manifest-links,0,0,0,0,0,0,0,0,0,0,0,no-external-public-links,0,0,0,0,no-external-public-links
159eb902-143c-42ef-b682-93ba5f9e81f2,ko,eb6696b5-5cef-4bdc-8a07-9dc96d7cbf36,SM5M,울트라문,울트라문,66,66,Metadata incomplete,100,0,0,0,0,false,true,0,0,0,0,0,0,0,0,no-current-public-asset-manifest-links,0,0,0,0,0,0,0,0,0,0,0,no-external-public-links,0,0,0,0,no-external-public-links
159eb902-143c-42ef-b682-93ba5f9e81f2,ko,5da257fa-1619-4ba6-9de0-f6c4fa18acfc,SM5S,울트라썬,울트라썬,66,66,Metadata incomplete,100,0,0,0,0,false,true,0,0,0,0,0,0,0,0,no-current-public-asset-manifest-links,0,0,0,0,0,0,0,0,0,0,0,no-external-public-links,0,0,0,0,no-external-public-links
159eb902-143c-42ef-b682-93ba5f9e81f2,ko,d962c8b9-fe7d-4361-9d9d-7f918f025735,SM6,금단의 빛,금단의 빛,94,94,Metadata incomplete,100,0,0,0,0,false,true,0,0,0,0,0,0,0,0,no-current-public-asset-manifest-links,0,0,0,0,0,0,0,0,0,0,0,no-external-public-links,0,0,0,0,no-external-public-links
159eb902-143c-42ef-b682-93ba5f9e81f2,ko,ca8ec10e-d2f4-4de9-b119-fe7171bc65d5,SM6a,드래곤스톰,드래곤스톰,53,53,Metadata incomplete,100,0,0,0,0,false,true,0,0,0,0,0,0,0,0,no-current-public-asset-manifest-links,0,0,0,0,0,0,0,0,0,0,0,no-external-public-links,0,0,0,0,no-external-public-links
159eb902-143c-42ef-b682-93ba5f9e81f2,ko,51e42180-9c84-48c2-9621-f912e81be776,SM6b,챔피언로드,챔피언로드,66,66,Metadata incomplete,100,0,0,0,0,false,true,0,0,0,0,0,0,0,0,no-current-public-asset-manifest-links,0,0,0,0,0,0,0,0,0,0,0,no-external-public-links,0,0,0,0,no-external-public-links
159eb902-143c-42ef-b682-93ba5f9e81f2,ko,e2f0b2c0-7357-417c-883c-862f56adcaed,SM7,창공의 카리스마,창공의 카리스마,96,96,Metadata incomplete,100,0,0,0,0,false,true,0,0,0,0,0,0,0,0,no-current-public-asset-manifest-links,0,0,0,0,0,0,0,0,0,0,0,no-external-public-links,0,0,0,0,no-external-public-links
159eb902-143c-42ef-b682-93ba5f9e81f2,ko,9afc1531-5b71-4ba9-a251-ce80d6299260,SM7a,플라스마 스파크,플라스마 스파크,50,50,Metadata incomplete,100,0,0,0,0,false,true,0,0,0,0,0,0,0,0,no-current-public-asset-manifest-links,0,0,0,0,0,0,0,0,0,0,0,no-external-public-links,0,0,0,0,no-external-public-links
159eb902-143c-42ef-b682-93ba5f9e81f2,ko,33ff2c7d-5b5b-4609-91e4-d000dd05ef3d,SM7b,페어리라이즈,페어리라이즈,50,50,Metadata incomplete,100,0,0,0,0,false,true,0,0,0,0,0,0,0,0,no-current-public-asset-manifest-links,0,0,0,0,0,0,0,0,0,0,0,no-external-public-links,0,0,0,0,no-external-public-links
159eb902-143c-42ef-b682-93ba5f9e81f2,ko,51e10f4f-45f5-4c9c-989e-be537647958e,SM8,버스트임팩트,버스트임팩트,95,95,Metadata incomplete,100,0,0,0,0,false,true,0,0,0,0,0,0,0,0,no-current-public-asset-manifest-links,0,0,0,0,0,0,0,0,0,0,0,no-external-public-links,0,0,0,0,no-external-public-links
159eb902-143c-42ef-b682-93ba5f9e81f2,ko,1c35aed1-7364-4ee6-95f2-d8b7a91f9e02,SM8a,다크오더,다크오더,52,52,Metadata incomplete,100,0,0,0,0,false,true,0,0,0,0,0,0,0,0,no-current-public-asset-manifest-links,0,0,0,0,0,0,0,0,0,0,0,no-external-public-links,0,0,0,0,no-external-public-links
159eb902-143c-42ef-b682-93ba5f9e81f2,ko,d6361174-5aca-44be-ae7a-9a8bc4dc43ec,SM8b,GX 울트라샤이니 ULTIMATE,GX 울트라샤이니 ULTIMATE,150,150,Metadata incomplete,100,0,0,0,0,false,true,0,0,0,0,0,0,0,0,no-current-public-asset-manifest-links,0,0,0,0,0,0,0,0,0,0,0,no-external-public-links,0,0,0,0,no-external-public-links
159eb902-143c-42ef-b682-93ba5f9e81f2,ko,b3cf9be2-5b81-47c1-9c41-da49f5b1ddfe,SM9,태그볼트,태그볼트,95,95,Metadata incomplete,100,0,0,0,0,false,true,0,0,0,0,0,0,0,0,no-current-public-asset-manifest-links,0,0,0,0,0,0,0,0,0,0,0,no-external-public-links,0,0,0,0,no-external-public-links
159eb902-143c-42ef-b682-93ba5f9e81f2,ko,d5ac7e5c-4c98-44fa-8ba4-18fa93b46f70,SM9a,나이트유니슨,나이트유니슨,55,55,Metadata incomplete,100,0,0,0,0,false,true,0,0,0,0,0,0,0,0,no-current-public-asset-manifest-links,0,0,0,0,0,0,0,0,0,0,0,no-external-public-links,0,0,0,0,no-external-public-links
159eb902-143c-42ef-b682-93ba5f9e81f2,ko,fca3c7cf-9b70-4ff0-b2d7-5b11354660e9,SM9b,풀메탈월,풀메탈월,54,54,Metadata incomplete,100,0,0,0,0,false,true,0,0,0,0,0,0,0,0,no-current-public-asset-manifest-links,0,0,0,0,0,0,0,0,0,0,0,no-external-public-links,0,0,0,0,no-external-public-links
159eb902-143c-42ef-b682-93ba5f9e81f2,ko,fd4f7b61-286b-4e26-a402-b948224bcde1,SMP2,명탐정 피카츄,명탐정 피카츄,24,24,Metadata incomplete,100,0,0,0,0,false,true,0,0,0,0,0,0,0,0,no-current-public-asset-manifest-links,0,0,0,0,0,0,0,0,0,0,0,no-external-public-links,0,0,0,0,no-external-public-links
159eb902-143c-42ef-b682-93ba5f9e81f2,ko,df0058c3-3cef-4b9f-b522-85e86df4054e,sn10a,GG엔드,GG엔드,54,54,Metadata incomplete,100,0,0,0,0,false,true,0,0,0,0,0,0,0,0,no-current-public-asset-manifest-links,0,0,0,0,0,0,0,0,0,0,0,no-external-public-links,0,0,0,0,no-external-public-links
159eb902-143c-42ef-b682-93ba5f9e81f2,ko,62c5a12f-1555-43b2-af96-48522b46e1de,sn11,미라클트윈,미라클트윈,94,94,Metadata incomplete,100,0,0,0,0,false,true,0,0,0,0,0,0,0,0,no-current-public-asset-manifest-links,0,0,0,0,0,0,0,0,0,0,0,no-external-public-links,0,0,0,0,no-external-public-links
159eb902-143c-42ef-b682-93ba5f9e81f2,ko,e2ab9cea-967c-4b9a-bdaa-c40e747f0744,SV1a,트리플렛비트,트리플렛비트,73,73,Metadata incomplete,100,0,0,0,0,false,true,0,0,0,0,0,0,0,0,no-current-public-asset-manifest-links,0,0,0,0,0,0,0,0,0,0,0,no-external-public-links,0,0,0,0,no-external-public-links
159eb902-143c-42ef-b682-93ba5f9e81f2,ko,618285b8-fdc7-42e1-afa0-a7cb4ca2b344,SV1S,스칼렛ex,스칼렛ex,78,78,Metadata incomplete,100,0,0,0,0,false,true,0,0,0,0,0,0,0,0,no-current-public-asset-manifest-links,0,0,0,0,0,0,0,0,0,0,0,no-external-public-links,0,0,0,0,no-external-public-links
159eb902-143c-42ef-b682-93ba5f9e81f2,ko,88a53bf2-6a62-45ba-ad75-e43b6f696c3f,SV1V,바이올렛ex,바이올렛ex,78,78,Metadata incomplete,100,0,0,0,0,false,true,0,0,0,0,0,0,0,0,no-current-public-asset-manifest-links,0,0,0,0,0,0,0,0,0,0,0,no-external-public-links,0,0,0,0,no-external-public-links
159eb902-143c-42ef-b682-93ba5f9e81f2,ko,c5c680dc-6c74-47a0-a0b1-c3bfdad05628,SV2a,포켓몬 카드 151,포켓몬 카드 151,165,165,Metadata incomplete,100,0,0,0,0,false,true,0,0,0,0,0,0,0,0,no-current-public-asset-manifest-links,0,0,0,0,0,0,0,0,0,0,0,no-external-public-links,0,0,0,0,no-external-public-links
159eb902-143c-42ef-b682-93ba5f9e81f2,ko,89931a3e-7397-446e-8eec-3fc413f48c22,SV2D,클레이버스트,클레이버스트,71,71,Metadata incomplete,100,0,0,0,0,false,true,0,0,0,0,0,0,0,0,no-current-public-asset-manifest-links,0,0,0,0,0,0,0,0,0,0,0,no-external-public-links,0,0,0,0,no-external-public-links
159eb902-143c-42ef-b682-93ba5f9e81f2,ko,78f4d427-f1a8-43b3-bb26-15f1bc4e2181,SV2P,스노해저드,스노해저드,71,71,Metadata incomplete,100,0,0,0,0,false,true,0,0,0,0,0,0,0,0,no-current-public-asset-manifest-links,0,0,0,0,0,0,0,0,0,0,0,no-external-public-links,0,0,0,0,no-external-public-links
159eb902-143c-42ef-b682-93ba5f9e81f2,ko,f9aa55b4-95ab-4f19-bb60-47bf65ced81c,SV3,흑염의 지배자,흑염의 지배자,108,108,Metadata incomplete,100,0,0,0,0,false,true,0,0,0,0,0,0,0,0,no-current-public-asset-manifest-links,0,0,0,0,0,0,0,0,0,0,0,no-external-public-links,0,0,0,0,no-external-public-links
159eb902-143c-42ef-b682-93ba5f9e81f2,ko,84ce3bbc-b8f3-4b9b-9553-b071ebac52eb,SV3a,레이징서프,레이징서프,62,62,Metadata incomplete,100,0,0,0,0,false,true,0,0,0,0,0,0,0,0,no-current-public-asset-manifest-links,0,0,0,0,0,0,0,0,0,0,0,no-external-public-links,0,0,0,0,no-external-public-links
159eb902-143c-42ef-b682-93ba5f9e81f2,ko,01612af8-b359-46c0-a026-f085be73d33f,SV4a,샤이니트레저 ex,샤이니트레저 ex,190,190,Metadata incomplete,100,0,0,0,0,false,true,0,0,0,0,0,0,0,0,no-current-public-asset-manifest-links,0,0,0,0,0,0,0,0,0,0,0,no-external-public-links,0,0,0,0,no-external-public-links
159eb902-143c-42ef-b682-93ba5f9e81f2,ko,568720ec-7790-49f6-9a35-23bb61b8afbc,SV4K,고대의 포효,고대의 포효,66,95,Images incomplete,0,0,95,0,95,false,true,95,95,0,0,0,0,0,0,no-current-public-asset-manifest-links,0,0,0,0,0,0,0,0,0,0,0,no-external-public-links,0,0,0,0,no-external-public-links
159eb902-143c-42ef-b682-93ba5f9e81f2,ko,7f9d7a5f-a647-484b-831c-218f8da1f150,SV4M,미래의 일섬,미래의 일섬,66,95,Images incomplete,0,0,95,0,95,false,true,95,95,0,0,0,0,0,0,no-current-public-asset-manifest-links,0,0,0,0,0,0,0,0,0,0,0,no-external-public-links,0,0,0,0,no-external-public-links
159eb902-143c-42ef-b682-93ba5f9e81f2,ko,8979004d-b658-40f9-b359-567eedde1aca,SV5a,크림슨헤이즈,크림슨헤이즈,66,66,Metadata incomplete,100,0,0,0,0,false,true,0,0,0,0,0,0,0,0,no-current-public-asset-manifest-links,0,0,0,0,0,0,0,0,0,0,0,no-external-public-links,0,0,0,0,no-external-public-links
159eb902-143c-42ef-b682-93ba5f9e81f2,ko,d8501b4f-52ed-4ae9-995b-ec1fb9220217,SV5K,와일드포스,와일드포스,71,71,Metadata incomplete,0,0,49,0,49,false,true,49,49,0,0,0,0,0,0,no-current-public-asset-manifest-links,0,0,0,0,0,0,0,0,0,0,0,no-external-public-links,0,0,0,0,no-external-public-links
159eb902-143c-42ef-b682-93ba5f9e81f2,ko,f0f6e2f4-0149-43dd-b911-1e2d02d198a2,SV5M,사이버저지,사이버저지,71,71,Metadata incomplete,100,0,0,0,0,false,true,0,0,0,0,0,0,0,0,no-current-public-asset-manifest-links,0,0,0,0,0,0,0,0,0,0,0,no-external-public-links,0,0,0,0,no-external-public-links
159eb902-143c-42ef-b682-93ba5f9e81f2,ko,d71a741c-669f-47cb-b57e-f0e443d7b1c6,SV6,변환의 가면,변환의 가면,101,101,Metadata incomplete,100,0,0,0,0,false,true,0,0,0,0,0,0,0,0,no-current-public-asset-manifest-links,0,0,0,0,0,0,0,0,0,0,0,no-external-public-links,0,0,0,0,no-external-public-links
79f43e8f-7062-4d29-8571-569eccb7c249,zh-cn,8e3da79a-1d8d-40ae-9f09-0150728cfbd6,151c,收集啦151 旅,"Collect 151 Surprise, Hope, Journey, & Gathering",151,192,Complete,100,100,470,470,0,false,false,192,0,471,471,471,0,0,0,all-supabase-primary-objects-present,0,0,0,0,0,0,0,0,0,0,0,no-external-public-links,0,0,0,0,no-external-public-links
79f43e8f-7062-4d29-8571-569eccb7c249,zh-cn,6fddd811-836e-4304-8d28-f36caef0d044,cbb1c,宝石包 Vol. 1,Gem Pack Vol 1,115,115,Complete,100,100,115,115,0,false,false,115,0,116,116,116,0,0,0,all-supabase-primary-objects-present,0,0,0,0,0,0,0,0,0,0,0,no-external-public-links,0,0,0,0,no-external-public-links
79f43e8f-7062-4d29-8571-569eccb7c249,zh-cn,8a18b285-dbf1-4acb-8374-e693849d80e1,cbb2c,宝石包 Vol.2,Gem Pack Vol 2,15,140,Complete,100,100,140,140,0,false,false,140,0,141,141,141,0,0,0,all-supabase-primary-objects-present,0,0,0,0,0,0,0,0,0,0,0,no-external-public-links,0,0,0,0,no-external-public-links
79f43e8f-7062-4d29-8571-569eccb7c249,zh-cn,06ae8d84-49e1-4363-a97b-1f22ee392ed7,cbb3c,宝石包 Vol.3,Gem Pack Vol 3,7,136,Complete,100,100,136,136,0,false,false,136,0,137,137,137,0,0,0,all-supabase-primary-objects-present,0,0,0,0,0,0,0,0,0,0,0,no-external-public-links,0,0,0,0,no-external-public-links
79f43e8f-7062-4d29-8571-569eccb7c249,zh-cn,ceddde89-0705-4372-95f2-88c20b89fddd,cbb4c,宝石包 第四弹,Gem Pack Vol 4,7,196,Complete,100,100,196,196,0,false,false,196,0,197,197,197,0,0,0,all-supabase-primary-objects-present,0,0,0,0,0,0,0,0,0,0,0,no-external-public-links,0,0,0,0,no-external-public-links
79f43e8f-7062-4d29-8571-569eccb7c249,zh-cn,67ae722c-a017-4446-a14e-50d70df1f98d,cbb5c,宝石包 第五弹,Gem Pack Vol 5,7,196,Complete,100,100,196,196,0,false,false,196,0,197,197,197,0,0,0,all-supabase-primary-objects-present,0,0,0,0,0,0,0,0,0,0,0,no-external-public-links,0,0,0,0,no-external-public-links
79f43e8f-7062-4d29-8571-569eccb7c249,zh-cn,11f1bc35-2d54-4829-b26a-41184d498eb7,cs0lc,皮在伊起 流沙卡牌展示挂件礼盒,Pikachu & Eevee Card Display Pendant Gift Box,,4,Complete,100,100,4,4,0,false,false,4,0,4,4,4,0,0,0,all-supabase-primary-objects-present,0,0,0,0,0,0,0,0,0,0,0,no-external-public-links,0,0,0,0,no-external-public-links
79f43e8f-7062-4d29-8571-569eccb7c249,zh-cn,8fa6e9bb-57f0-41d9-a4dd-611af3e1daf8,cs1.5c,极巨攻防,Dynamax Tactics,55,96,Complete,100,100,141,141,0,false,false,96,0,142,142,142,0,0,0,all-supabase-primary-objects-present,0,0,0,0,0,0,0,0,0,0,0,no-external-public-links,0,0,0,0,no-external-public-links
79f43e8f-7062-4d29-8571-569eccb7c249,zh-cn,e98642e8-97ac-4a08-b013-c0b13b70a269,cs1ac,极巨争锋 雷,Dynamax Clash - Set A,135,217,Complete,100,100,329,329,0,false,false,217,0,330,330,330,0,0,0,all-supabase-primary-objects-present,0,0,0,0,0,0,0,0,0,0,0,no-external-public-links,0,0,0,0,no-external-public-links
79f43e8f-7062-4d29-8571-569eccb7c249,zh-cn,01859240-c3d3-4074-832f-782f61c4fcb6,cs1bc,极巨争锋 焰,Dynamax Clash - Set B,136,199,Complete,100,100,315,315,0,false,false,199,0,316,316,316,0,0,0,all-supabase-primary-objects-present,0,0,0,0,0,0,0,0,0,0,0,no-external-public-links,0,0,0,0,no-external-public-links
79f43e8f-7062-4d29-8571-569eccb7c249,zh-cn,e4149c4d-77fd-4d78-9ce5-1ffb33e7bc35,cs1dc,起始卡组 极巨争锋V,Dynamax Clash V Starter Deck,,222,Complete,100,100,222,222,0,false,false,222,0,222,222,222,0,0,0,all-supabase-primary-objects-present,0,0,0,0,0,0,0,0,0,0,0,no-external-public-links,0,0,0,0,no-external-public-links
79f43e8f-7062-4d29-8571-569eccb7c249,zh-cn,d9a6c0f3-c742-4f60-baee-5cabb823f8d6,cs2.1c,专题包 喵喵小妙招,Meowth Little Tricks,,10,Complete,100,100,10,10,0,false,false,10,0,10,10,10,0,0,0,all-supabase-primary-objects-present,0,0,0,0,0,0,0,0,0,0,0,no-external-public-links,0,0,0,0,no-external-public-links
79f43e8f-7062-4d29-8571-569eccb7c249,zh-cn,ad94757c-4ad8-43a2-848b-3ac6dd4ca89d,cs2.5c,璀璨反击,Brilliant Counterattack,59,79,Complete,100,100,126,126,0,false,false,79,0,127,127,127,0,0,0,all-supabase-primary-objects-present,0,0,0,0,0,0,0,0,0,0,0,no-external-public-links,0,0,0,0,no-external-public-links
79f43e8f-7062-4d29-8571-569eccb7c249,zh-cn,96cbe78b-6461-4875-a678-c2fc65b0d756,cs2ac,浓墨重彩 黎,Vivid Portrayals - Set A,115,143,Complete,100,100,241,241,0,false,false,143,0,242,242,242,0,0,0,all-supabase-primary-objects-present,0,0,0,0,0,0,0,0,0,0,0,no-external-public-links,0,0,0,0,no-external-public-links
79f43e8f-7062-4d29-8571-569eccb7c249,zh-cn,7e37b0c3-bae5-4591-89c8-815b6cb4b80d,cs2bc,浓墨重彩 靛,Vivid Portrayals - Set B,115,143,Complete,100,100,241,241,0,false,false,143,0,242,242,242,0,0,0,all-supabase-primary-objects-present,0,0,0,0,0,0,0,0,0,0,0,no-external-public-links,0,0,0,0,no-external-public-links
79f43e8f-7062-4d29-8571-569eccb7c249,zh-cn,76972e45-2535-4507-8cba-a826c32b534e,cs2dac,宝可梦卡牌 家庭组合,Family Pokémon Trading Card Game,,53,Complete,100,100,72,72,0,false,false,53,0,72,72,72,0,0,0,all-supabase-primary-objects-present,0,0,0,0,0,0,0,0,0,0,0,no-external-public-links,0,0,0,0,no-external-public-links
79f43e8f-7062-4d29-8571-569eccb7c249,zh-cn,c651409a-2274-445d-99b0-d1b8e325cbca,cs3.5c,怒炎灼天,Scorching Skies,66,90,Complete,100,100,147,147,0,false,false,90,0,148,148,148,0,0,0,all-supabase-primary-objects-present,0,0,0,0,0,0,0,0,0,0,0,no-external-public-links,0,0,0,0,no-external-public-links
79f43e8f-7062-4d29-8571-569eccb7c249,zh-cn,42e798dd-f171-4f0b-916e-2386fd2a353f,cs3ac,洪荒演武 茂,Primordial Arts - Set A,125,184,Complete,100,100,290,290,0,false,false,184,0,291,291,291,0,0,0,all-supabase-primary-objects-present,0,0,0,0,0,0,0,0,0,0,0,no-external-public-links,0,0,0,0,no-external-public-links
79f43e8f-7062-4d29-8571-569eccb7c249,zh-cn,f9223984-d0cf-445e-9d9f-7d447855a904,cs3bc,洪荒演武 激,Primordial Arts - Set B,122,179,Complete,100,100,283,283,0,false,false,179,0,284,284,284,0,0,0,all-supabase-primary-objects-present,0,0,0,0,0,0,0,0,0,0,0,no-external-public-links,0,0,0,0,no-external-public-links
79f43e8f-7062-4d29-8571-569eccb7c249,zh-cn,096afff5-a4ff-4084-b7be-ecf150e13b25,cs3dc,起始卡组 洪荒演武V,Primordial Arts V Starter Deck,,183,Complete,100,100,183,183,0,false,false,183,0,183,183,183,0,0,0,all-supabase-primary-objects-present,0,0,0,0,0,0,0,0,0,0,0,no-external-public-links,0,0,0,0,no-external-public-links
79f43e8f-7062-4d29-8571-569eccb7c249,zh-cn,6428b9a9-e611-4b0f-a632-1293575ddeb4,cs4.1c,专题包 辉耀能量 第一弹,Brilliant Energy Promo Pack 1,,23,Complete,100,100,23,23,0,false,false,23,0,23,23,23,0,0,0,all-supabase-primary-objects-present,0,0,0,0,0,0,0,0,0,0,0,no-external-public-links,0,0,0,0,no-external-public-links
79f43e8f-7062-4d29-8571-569eccb7c249,zh-cn,cd9dbc9a-2f9b-46af-b94a-faaeeb026395,cs4.5c,终末炎舞,Final Flame Dance,63,83,Complete,100,100,136,136,0,false,false,83,0,137,137,137,0,0,0,all-supabase-primary-objects-present,0,0,0,0,0,0,0,0,0,0,0,no-external-public-links,0,0,0,0,no-external-public-links
79f43e8f-7062-4d29-8571-569eccb7c249,zh-cn,210bbf2d-5f63-4e1b-8af0-a2e093c53746,cs4ac,九彩汇聚 朋,Nine Colors Gathering - Set A,132,184,Complete,100,100,295,295,0,false,false,184,0,296,296,296,0,0,0,all-supabase-primary-objects-present,0,0,0,0,0,0,0,0,0,0,0,no-external-public-links,0,0,0,0,no-external-public-links
79f43e8f-7062-4d29-8571-569eccb7c249,zh-cn,7846702c-18c4-4d74-9ac1-2932017fa467,cs4bc,九彩汇聚 源,Nine Colors Gathering - Set B,132,177,Complete,100,100,288,288,0,false,false,177,0,289,289,289,0,0,0,all-supabase-primary-objects-present,0,0,0,0,0,0,0,0,0,0,0,no-external-public-links,0,0,0,0,no-external-public-links
79f43e8f-7062-4d29-8571-569eccb7c249,zh-cn,c9cdce5f-5238-4671-a1d4-af181a97dd47,cs4dac,起始卡组100,Start Deck 100,,433,Complete,100,100,566,566,0,false,false,433,0,566,566,566,0,0,0,all-supabase-primary-objects-present,0,0,0,0,0,0,0,0,0,0,0,no-external-public-links,0,0,0,0,no-external-public-links
79f43e8f-7062-4d29-8571-569eccb7c249,zh-cn,4f077845-6aa7-49bc-b33f-3d0dffea2e5b,cs5.1c,专题包 辉耀能量 第二弹,Brilliant Energy Promo Pack 2,,23,Complete,100,100,23,23,0,false,false,23,0,23,23,23,0,0,0,all-supabase-primary-objects-present,0,0,0,0,0,0,0,0,0,0,0,no-external-public-links,0,0,0,0,no-external-public-links
79f43e8f-7062-4d29-8571-569eccb7c249,zh-cn,44f0abf2-b693-4d4f-8587-18106f976a3d,cs5.5c,强化包 暗影夺辉,Shadow of Glory,66,89,Complete,100,100,143,143,0,false,false,89,0,143,143,143,0,0,0,all-supabase-primary-objects-present,0,0,0,0,0,0,0,0,0,0,0,no-external-public-links,0,0,0,0,no-external-public-links
79f43e8f-7062-4d29-8571-569eccb7c249,zh-cn,92ffa013-edb7-4c49-8ed1-c50f0162d41d,cs5ac,勇魅群星 魅,Brave Stars - Set A,127,176,Complete,100,100,275,275,0,false,false,176,0,276,276,276,0,0,0,all-supabase-primary-objects-present,0,0,0,0,0,0,0,0,0,0,0,no-external-public-links,0,0,0,0,no-external-public-links
79f43e8f-7062-4d29-8571-569eccb7c249,zh-cn,a952240f-194f-45a1-bd38-e8f5827c1200,cs5bc,勇魅群星 勇,Brave Stars - Set B,128,178,Complete,100,100,280,280,0,false,false,178,0,281,281,281,0,0,0,all-supabase-primary-objects-present,0,0,0,0,0,0,0,0,0,0,0,no-external-public-links,0,0,0,0,no-external-public-links
79f43e8f-7062-4d29-8571-569eccb7c249,zh-cn,f872bb02-eb6b-4245-a13a-b5d72b36c5d9,cs5dc,勇魅群星 V起始卡组,Brave Stars V Starter Deck,,163,Complete,100,100,163,163,0,false,false,163,0,163,163,163,0,0,0,all-supabase-primary-objects-present,0,0,0,0,0,0,0,0,0,0,0,no-external-public-links,0,0,0,0,no-external-public-links
79f43e8f-7062-4d29-8571-569eccb7c249,zh-cn,dd8bdb77-b40e-4a67-b615-ba9284dea9ae,cs6.1c,专题包 辉耀能量,Brilliant Energy Promo Pack 3,4,24,Complete,100,100,24,24,0,false,false,24,0,24,24,24,0,0,0,all-supabase-primary-objects-present,0,0,0,0,0,0,0,0,0,0,0,no-external-public-links,0,0,0,0,no-external-public-links
79f43e8f-7062-4d29-8571-569eccb7c249,zh-cn,69be023a-df58-4cf2-913e-101d846b968e,cs6.5c,强化包 胜象星引,Victory Star Guide,72,96,Complete,100,100,153,153,0,false,false,96,0,153,153,153,0,0,0,all-supabase-primary-objects-present,0,0,0,0,0,0,0,0,0,0,0,no-external-public-links,0,0,0,0,no-external-public-links
79f43e8f-7062-4d29-8571-569eccb7c249,zh-cn,786678a0-e593-4205-b391-b392f1e71592,cs6ac,碧海暗影 啸,Shadow of the Blue Sea - Set A,131,169,Complete,100,100,277,277,0,false,false,169,0,278,278,278,0,0,0,all-supabase-primary-objects-present,0,0,0,0,0,0,0,0,0,0,0,no-external-public-links,0,0,0,0,no-external-public-links
79f43e8f-7062-4d29-8571-569eccb7c249,zh-cn,3c74abe8-5236-4c84-ae5b-5a5f367b63d4,cs6bc,碧海暗影 逐,Shadow of the Blue Sea - Set B,131,172,Complete,100,100,282,282,0,false,false,172,0,283,283,283,0,0,0,all-supabase-primary-objects-present,0,0,0,0,0,0,0,0,0,0,0,no-external-public-links,0,0,0,0,no-external-public-links
79f43e8f-7062-4d29-8571-569eccb7c249,zh-cn,e17e245d-1319-4a45-b877-7e640c11d846,csac,极巨争锋 卡组构筑礼盒,Dynamax Clash Deck Building Box,,24,Complete,100,100,24,24,0,false,false,24,0,24,24,24,0,0,0,all-supabase-primary-objects-present,0,0,0,0,0,0,0,0,0,0,0,no-external-public-links,0,0,0,0,no-external-public-links
79f43e8f-7062-4d29-8571-569eccb7c249,zh-cn,05ab7538-6845-40b7-acf4-202c136fd45c,csbc,卡组构筑礼盒 洪荒演武 茂,Primordial Arts Overgrow Deck Building Box,,19,Complete,100,100,19,19,0,false,false,19,0,19,19,19,0,0,0,all-supabase-primary-objects-present,0,0,0,0,0,0,0,0,0,0,0,no-external-public-links,0,0,0,0,no-external-public-links
79f43e8f-7062-4d29-8571-569eccb7c249,zh-cn,c55158ae-82db-46a7-826a-992af778d93b,cscc,卡组构筑礼盒 洪荒演武 激,Primordial Arts Torrent Deck Building Box,,19,Complete,100,100,19,19,0,false,false,19,0,19,19,19,0,0,0,all-supabase-primary-objects-present,0,0,0,0,0,0,0,0,0,0,0,no-external-public-links,0,0,0,0,no-external-public-links
79f43e8f-7062-4d29-8571-569eccb7c249,zh-cn,fdd7df11-b6ab-4dcd-8d0a-d5b71e6244e1,csdc,精灵球礼盒/超级球礼盒：皮卡丘传奇庆典,Poké Ball Gift Box: Legendary Pikachu Celebration,,25,Complete,100,100,25,25,0,false,false,25,0,25,25,25,0,0,0,all-supabase-primary-objects-present,0,0,0,0,0,0,0,0,0,0,0,no-external-public-links,0,0,0,0,no-external-public-links
79f43e8f-7062-4d29-8571-569eccb7c249,zh-cn,d4992032-6cfd-4880-a091-bf324fea99e5,csec,四方联结系列礼盒,Quadrilateral Connection Box Sets,,20,Complete,100,100,20,20,0,false,false,20,0,20,20,20,0,0,0,all-supabase-primary-objects-present,0,0,0,0,0,0,0,0,0,0,0,no-external-public-links,0,0,0,0,no-external-public-links
79f43e8f-7062-4d29-8571-569eccb7c249,zh-cn,6d4d2b68-c267-4213-b250-624ace7bfe61,csfc,龙之再临系列礼盒,Dragon Resurgence,,26,Complete,100,100,26,26,0,false,false,26,0,26,26,26,0,0,0,all-supabase-primary-objects-present,0,0,0,0,0,0,0,0,0,0,0,no-external-public-links,0,0,0,0,no-external-public-links
79f43e8f-7062-4d29-8571-569eccb7c249,zh-cn,1081f162-6db6-4d8f-b8fb-04c1a8361c0d,csgc,宝可梦卡牌展示套礼盒,Pokémon Card Display Sets,,8,Complete,100,100,8,8,0,false,false,8,0,8,8,8,0,0,0,all-supabase-primary-objects-present,0,0,0,0,0,0,0,0,0,0,0,no-external-public-links,0,0,0,0,no-external-public-links
79f43e8f-7062-4d29-8571-569eccb7c249,zh-cn,7ef923a6-e6d5-41c0-9472-707d89937384,cshc,伊布进阶礼盒,Eevee Advanced Gift Box,,9,Complete,100,100,9,9,0,false,false,9,0,10,10,10,0,0,0,all-supabase-primary-objects-present,0,0,0,0,0,0,0,0,0,0,0,no-external-public-links,0,0,0,0,no-external-public-links
79f43e8f-7062-4d29-8571-569eccb7c249,zh-cn,bf94a3be-2ed7-483d-9391-b2adbbb9b2e5,csic,训练家收藏礼盒,Trainer Collection Gift Box,,8,Complete,100,100,8,8,0,false,false,8,0,8,8,8,0,0,0,all-supabase-primary-objects-present,0,0,0,0,0,0,0,0,0,0,0,no-external-public-links,0,0,0,0,no-external-public-links
79f43e8f-7062-4d29-8571-569eccb7c249,zh-cn,0bc91688-24d3-40b2-9a3a-e7fb1460fc0c,csjc,精灵球/高级球礼盒：宝可梦艺术插画庆典 景,Poké Ball Gift Box: Art Illustration Celebration Scene,,16,Complete,100,100,16,16,0,false,false,16,0,16,16,16,0,0,0,all-supabase-primary-objects-present,0,0,0,0,0,0,0,0,0,0,0,no-external-public-links,0,0,0,0,no-external-public-links
79f43e8f-7062-4d29-8571-569eccb7c249,zh-cn,06c44056-4885-486e-a343-d7069742a403,csm1.5c,强化包 对战精英,Battle Elite,60,88,Complete,100,100,131,131,0,false,false,88,0,131,131,131,0,0,0,all-supabase-primary-objects-present,0,0,0,0,0,0,0,0,0,0,0,no-external-public-links,0,0,0,0,no-external-public-links
79f43e8f-7062-4d29-8571-569eccb7c249,zh-cn,465f5ed6-b32e-4cf0-a890-c39bc812ca48,csm1ac,横空出世 赫,Storming Emergence - Set A,151,211,Complete,100,100,331,331,0,false,false,211,0,332,332,332,0,0,0,all-supabase-primary-objects-present,0,0,0,0,0,0,0,0,0,0,0,no-external-public-links,0,0,0,0,no-external-public-links
79f43e8f-7062-4d29-8571-569eccb7c249,zh-cn,64e14d7e-e9f0-49d1-9e43-f79eafc02f53,csm1bc,横空出世 苍,Storming Emergence - Set B,151,204,Complete,100,100,324,324,0,false,false,204,0,325,325,325,0,0,0,all-supabase-primary-objects-present,0,0,0,0,0,0,0,0,0,0,0,no-external-public-links,0,0,0,0,no-external-public-links
79f43e8f-7062-4d29-8571-569eccb7c249,zh-cn,195b9d09-dd64-4e41-9b7d-0c9fb7f2062c,csm1cc,横空出世 泽,Storming Emergence - Set C,151,212,Complete,100,100,332,332,0,false,false,212,0,333,333,333,0,0,0,all-supabase-primary-objects-present,0,0,0,0,0,0,0,0,0,0,0,no-external-public-links,0,0,0,0,no-external-public-links
79f43e8f-7062-4d29-8571-569eccb7c249,zh-cn,d246467e-39b6-4b52-8b8e-abaef9094fb6,csm1dc,起始卡组 横空出世GX,Storming Emergence GX Starter Deck,,336,Complete,100,100,336,336,0,false,false,336,0,336,336,336,0,0,0,all-supabase-primary-objects-present,0,0,0,0,0,0,0,0,0,0,0,no-external-public-links,0,0,0,0,no-external-public-links
79f43e8f-7062-4d29-8571-569eccb7c249,zh-cn,b27c4d1f-312a-4311-b577-eb9fc37995b4,csm2.1c,辉金能量礼盒&辉金能量进阶礼盒,Golden Energy,,54,Complete,100,100,54,54,0,false,false,54,0,54,54,54,0,0,0,all-supabase-primary-objects-present,0,0,0,0,0,0,0,0,0,0,0,no-external-public-links,0,0,0,0,no-external-public-links
79f43e8f-7062-4d29-8571-569eccb7c249,zh-cn,7b9800e5-fbfd-4842-b4a0-998e53981f5c,csm2.5c,炫奇争胜,Striking Competition,61,99,Complete,100,100,148,148,0,false,false,99,0,149,149,149,0,0,0,all-supabase-primary-objects-present,0,0,0,0,0,0,0,0,0,0,0,no-external-public-links,0,0,0,0,no-external-public-links
79f43e8f-7062-4d29-8571-569eccb7c249,zh-cn,1e70ad98-8533-4fd0-8d02-15dda333cce9,csm2ac,交相辉映 沐,Shining Synergy - Set A,150,194,Complete,100,100,328,328,0,false,false,194,0,329,329,329,0,0,0,all-supabase-primary-objects-present,0,0,0,0,0,0,0,0,0,0,0,no-external-public-links,0,0,0,0,no-external-public-links
79f43e8f-7062-4d29-8571-569eccb7c249,zh-cn,1c9493a2-e579-4007-89f2-c72fdc66a2d9,csm2bc,交相辉映 魁,Shining Synergy - Set B,150,193,Complete,100,100,327,327,0,false,false,193,0,328,328,328,0,0,0,all-supabase-primary-objects-present,0,0,0,0,0,0,0,0,0,0,0,no-external-public-links,0,0,0,0,no-external-public-links
79f43e8f-7062-4d29-8571-569eccb7c249,zh-cn,a31177e5-6f44-4236-8d84-b8afaecd825f,csm2cc,交相辉映 唤,Shining Synergy - Set C,150,192,Complete,100,100,326,326,0,false,false,192,0,327,327,327,0,0,0,all-supabase-primary-objects-present,0,0,0,0,0,0,0,0,0,0,0,no-external-public-links,0,0,0,0,no-external-public-links
79f43e8f-7062-4d29-8571-569eccb7c249,zh-cn,78341b8d-8fbc-4749-8619-ee7a3bdc2131,csm2dc,起始卡组 交相辉映GX,Shining Synergy GX Starter Deck,,357,Complete,100,100,357,357,0,false,false,357,0,357,357,357,0,0,0,all-supabase-primary-objects-present,0,0,0,0,0,0,0,0,0,0,0,no-external-public-links,0,0,0,0,no-external-public-links
79f43e8f-7062-4d29-8571-569eccb7c249,zh-cn,4e169dea-565f-4907-8c20-2216340c2bc2,csmac,阿尔宙斯&帝牙卢卡&帕路奇亚GX 卡组构筑进阶礼盒,Arceus & Dialga & Palkia GX Premium Deck Building Box,,19,Complete,100,100,19,19,0,false,false,19,0,19,19,19,0,0,0,all-supabase-primary-objects-present,0,0,0,0,0,0,0,0,0,0,0,no-external-public-links,0,0,0,0,no-external-public-links
79f43e8f-7062-4d29-8571-569eccb7c249,zh-cn,c9bda9ba-797d-4d75-b0ec-8d464bf63c40,csmc,宝可梦卡牌展示套礼盒,Pokémon Card Display Sets Volume 2,,13,Complete,100,100,13,13,0,false,false,13,0,13,13,13,0,0,0,all-supabase-primary-objects-present,0,0,0,0,0,0,0,0,0,0,0,no-external-public-links,0,0,0,0,no-external-public-links
79f43e8f-7062-4d29-8571-569eccb7c249,zh-cn,3be50647-3dba-4fe3-9bb8-25e8961a2e54,csmjc,精灵球礼盒：闪耀宝可梦,Shining Pokémon Poké Ball Box,,15,Complete,100,100,15,15,0,false,false,15,0,15,15,15,0,0,0,all-supabase-primary-objects-present,0,0,0,0,0,0,0,0,0,0,0,no-external-public-links,0,0,0,0,no-external-public-links
79f43e8f-7062-4d29-8571-569eccb7c249,zh-cn,b33bbbb0-4f9d-4f97-b7e0-1c0b9b4157d5,csmlc,莉莉艾的声援专属礼盒,Lillie's Support Box,,5,Complete,100,100,5,5,0,false,false,5,0,5,5,5,0,0,0,all-supabase-primary-objects-present,0,0,0,0,0,0,0,0,0,0,0,no-external-public-links,0,0,0,0,no-external-public-links
79f43e8f-7062-4d29-8571-569eccb7c249,zh-cn,9b80c866-941f-4227-abe6-ad899d80385c,csmpac,对战派对组合 草,Battle Party Set Grass Deck,,23,Complete,100,100,46,46,0,false,false,23,0,46,46,46,0,0,0,all-supabase-primary-objects-present,0,0,0,0,0,0,0,0,0,0,0,no-external-public-links,0,0,0,0,no-external-public-links
79f43e8f-7062-4d29-8571-569eccb7c249,zh-cn,a44ec336-0fa0-4ce7-9119-2b63de94502d,csmpbc,对战派对组合 火,Battle Party Set Fire Deck,,25,Complete,100,100,50,50,0,false,false,25,0,50,50,50,0,0,0,all-supabase-primary-objects-present,0,0,0,0,0,0,0,0,0,0,0,no-external-public-links,0,0,0,0,no-external-public-links
79f43e8f-7062-4d29-8571-569eccb7c249,zh-cn,d1f16ec3-c0fa-47e6-b009-e4fb54c5513c,csmpcc,对战派对组合 水,Battle Party Set Water Deck,,25,Complete,100,100,50,50,0,false,false,25,0,50,50,50,0,0,0,all-supabase-primary-objects-present,0,0,0,0,0,0,0,0,0,0,0,no-external-public-links,0,0,0,0,no-external-public-links
79f43e8f-7062-4d29-8571-569eccb7c249,zh-cn,845257d4-8a5c-45fe-abf1-d3cafe9b3870,csmpdc,对战派对组合 雷,Battle Party Set Lightning Deck,,21,Complete,100,100,42,42,0,false,false,21,0,42,42,42,0,0,0,all-supabase-primary-objects-present,0,0,0,0,0,0,0,0,0,0,0,no-external-public-links,0,0,0,0,no-external-public-links
79f43e8f-7062-4d29-8571-569eccb7c249,zh-cn,8c72b622-60a3-41ba-81e6-62fa80633115,csmpec,对战派对组合 超,Battle Party Set Psychic Deck,,21,Complete,100,100,42,42,0,false,false,21,0,42,42,42,0,0,0,all-supabase-primary-objects-present,0,0,0,0,0,0,0,0,0,0,0,no-external-public-links,0,0,0,0,no-external-public-links
79f43e8f-7062-4d29-8571-569eccb7c249,zh-cn,674efd9a-66f2-485b-84d6-12c0e7c1d0a6,csmpfc,对战派对组合 斗,Battle Party Set Fighting Deck,,24,Complete,100,100,48,48,0,false,false,24,0,48,48,48,0,0,0,all-supabase-primary-objects-present,0,0,0,0,0,0,0,0,0,0,0,no-external-public-links,0,0,0,0,no-external-public-links
79f43e8f-7062-4d29-8571-569eccb7c249,zh-cn,c940e022-a605-4095-b952-fa0ae9c72f62,csmpgc,对战派对组合 恶,Battle Party Set Darkness Deck,,24,Complete,100,100,48,48,0,false,false,24,0,48,48,48,0,0,0,all-supabase-primary-objects-present,0,0,0,0,0,0,0,0,0,0,0,no-external-public-links,0,0,0,0,no-external-public-links
79f43e8f-7062-4d29-8571-569eccb7c249,zh-cn,155e2445-23af-4ef1-ada0-3fff4e1826fb,csmphc,对战派对组合 钢,Battle Party Set Metal Deck,,24,Complete,100,100,48,48,0,false,false,24,0,48,48,48,0,0,0,all-supabase-primary-objects-present,0,0,0,0,0,0,0,0,0,0,0,no-external-public-links,0,0,0,0,no-external-public-links
79f43e8f-7062-4d29-8571-569eccb7c249,zh-cn,7bf1e1c6-2caf-46cc-8a0f-ba85abec5ed2,csmpic,对战派对组合 奖赏包,Battle Party Set Reward Pack,24,48,Complete,100,100,51,48,3,false,false,48,0,48,48,48,0,0,0,all-supabase-primary-objects-present,0,0,0,0,0,0,0,0,0,0,0,no-external-public-links,0,0,0,0,no-external-public-links
79f43e8f-7062-4d29-8571-569eccb7c249,zh-cn,78a6da15-7f1f-4ca0-a601-123707f9ac33,csmpjc,改造包 对战派对组合 草,Grass Modification Pack,,10,Complete,100,100,10,10,0,false,false,10,0,10,10,10,0,0,0,all-supabase-primary-objects-present,0,0,0,0,0,0,0,0,0,0,0,no-external-public-links,0,0,0,0,no-external-public-links
79f43e8f-7062-4d29-8571-569eccb7c249,zh-cn,f291fcb1-03e7-4ad1-9027-4b492b4806c7,csmpkc,改造包 对战派对组合 火,Fire Modification Pack,,10,Complete,100,100,10,10,0,false,false,10,0,10,10,10,0,0,0,all-supabase-primary-objects-present,0,0,0,0,0,0,0,0,0,0,0,no-external-public-links,0,0,0,0,no-external-public-links
79f43e8f-7062-4d29-8571-569eccb7c249,zh-cn,1e244b4e-2546-4d6a-a058-8e7fb979e981,csmplc,改造包 对战派对组合 水,Water Modification Pack,,10,Complete,100,100,10,10,0,false,false,10,0,10,10,10,0,0,0,all-supabase-primary-objects-present,0,0,0,0,0,0,0,0,0,0,0,no-external-public-links,0,0,0,0,no-external-public-links
79f43e8f-7062-4d29-8571-569eccb7c249,zh-cn,6b49650a-7b67-4c93-baac-972aaae8ec94,csmpmc,改造包 对战派对组合 雷,Lightning Modification Pack,,10,Complete,100,100,10,10,0,false,false,10,0,10,10,10,0,0,0,all-supabase-primary-objects-present,0,0,0,0,0,0,0,0,0,0,0,no-external-public-links,0,0,0,0,no-external-public-links
79f43e8f-7062-4d29-8571-569eccb7c249,zh-cn,545fe94a-7a9e-441f-8e3e-ead33c928e3c,csmpnc,改造包 对战派对组合 超,Psychic Modification Pack,,10,Complete,100,100,10,10,0,false,false,10,0,10,10,10,0,0,0,all-supabase-primary-objects-present,0,0,0,0,0,0,0,0,0,0,0,no-external-public-links,0,0,0,0,no-external-public-links
79f43e8f-7062-4d29-8571-569eccb7c249,zh-cn,8e292ab7-96fb-492e-bb8a-7c38e51c03ba,csmpoc,改造包 对战派对组合 斗,Fighting Modification Pack,,10,Complete,100,100,10,10,0,false,false,10,0,10,10,10,0,0,0,all-supabase-primary-objects-present,0,0,0,0,0,0,0,0,0,0,0,no-external-public-links,0,0,0,0,no-external-public-links
79f43e8f-7062-4d29-8571-569eccb7c249,zh-cn,69bb970f-bc4e-48ef-8504-dc3d0bc85b4b,csmppc,改造包 对战派对组合 恶,Darkness Modification Pack,,10,Complete,100,100,10,10,0,false,false,10,0,10,10,10,0,0,0,all-supabase-primary-objects-present,0,0,0,0,0,0,0,0,0,0,0,no-external-public-links,0,0,0,0,no-external-public-links
79f43e8f-7062-4d29-8571-569eccb7c249,zh-cn,209e7f92-04a7-4ee1-b1a2-d6ac82c19ad6,csmpqc,改造包 对战派对组合 钢,Metal Modification Pack,,10,Complete,100,100,10,10,0,false,false,10,0,10,10,10,0,0,0,all-supabase-primary-objects-present,0,0,0,0,0,0,0,0,0,0,0,no-external-public-links,0,0,0,0,no-external-public-links
79f43e8f-7062-4d29-8571-569eccb7c249,zh-cn,de3e8a03-f37b-4420-b6f8-212da298237a,csmyc,伊布GX套装礼盒,Eevee-GX Box Sets,,8,Complete,100,100,8,8,0,false,false,8,0,8,8,8,0,0,0,all-supabase-primary-objects-present,0,0,0,0,0,0,0,0,0,0,0,no-external-public-links,0,0,0,0,no-external-public-links
79f43e8f-7062-4d29-8571-569eccb7c249,zh-cn,2cf67879-2158-4a72-b4d0-1195d3ecbb8e,csnc,勇魅群星 卡组构筑礼盒,Brave Stars Deck Building Gift Box,,24,Complete,100,100,24,24,0,false,false,24,0,24,24,24,0,0,0,all-supabase-primary-objects-present,0,0,0,0,0,0,0,0,0,0,0,no-external-public-links,0,0,0,0,no-external-public-links
79f43e8f-7062-4d29-8571-569eccb7c249,zh-cn,160d0c8e-9994-4b98-a965-991eec99bcfa,csoc,汇流卡组构筑进阶礼盒,Mew Advanced Deck Building Gift Box,,19,Complete,100,100,19,19,0,false,false,19,0,19,19,19,0,0,0,all-supabase-primary-objects-present,0,0,0,0,0,0,0,0,0,0,0,no-external-public-links,0,0,0,0,no-external-public-links
79f43e8f-7062-4d29-8571-569eccb7c249,zh-cn,834a78bc-6492-41d7-8bcc-31c212d5f06d,csuc,宝可梦展示套礼盒,Pokémon Card Display Sets Volume 3,,13,Complete,100,100,13,13,0,false,false,13,0,13,13,13,0,0,0,all-supabase-primary-objects-present,0,0,0,0,0,0,0,0,0,0,0,no-external-public-links,0,0,0,0,no-external-public-links
79f43e8f-7062-4d29-8571-569eccb7c249,zh-cn,8f5e256e-b756-4a9c-8aa4-80cb8fe6f5fe,csv10c,补充包 共逐荣光,Chasing Glory Together,,287,Complete,100,100,683,683,0,false,false,287,0,684,684,684,0,0,0,all-supabase-primary-objects-present,0,0,0,0,0,0,0,0,0,0,0,no-external-public-links,0,0,0,0,no-external-public-links
79f43e8f-7062-4d29-8571-569eccb7c249,zh-cn,31225f01-ead5-4e8d-83f8-c06978e706da,csv1c,亘古开来,Eternal Birth,127,167,Complete,100,100,393,393,0,false,false,167,0,394,394,394,0,0,0,all-supabase-primary-objects-present,0,0,0,0,0,0,0,0,0,0,0,no-external-public-links,0,0,0,0,no-external-public-links
79f43e8f-7062-4d29-8571-569eccb7c249,zh-cn,dc879690-6576-4cde-99ed-1eb74096b96c,csv2c,奇迹启程,Miracle Journey,128,163,Complete,100,100,393,393,0,false,false,163,0,394,394,394,0,0,0,all-supabase-primary-objects-present,0,0,0,0,0,0,0,0,0,0,0,no-external-public-links,0,0,0,0,no-external-public-links
79f43e8f-7062-4d29-8571-569eccb7c249,zh-cn,1170881a-cba2-4979-acc8-e705d80b9894,csv3c,无畏太晶,Fearless Terastal,130,165,Complete,100,100,397,397,0,false,false,165,0,398,398,398,0,0,0,all-supabase-primary-objects-present,0,0,0,0,0,0,0,0,0,0,0,no-external-public-links,0,0,0,0,no-external-public-links
79f43e8f-7062-4d29-8571-569eccb7c249,zh-cn,0a6e8d07-bd4b-4d06-abdc-a6f27e88eb1b,csv4c,嘉奖回合,Bonus Round,129,165,Complete,100,100,395,395,0,false,false,165,0,396,396,396,0,0,0,all-supabase-primary-objects-present,0,0,0,0,0,0,0,0,0,0,0,no-external-public-links,0,0,0,0,no-external-public-links
79f43e8f-7062-4d29-8571-569eccb7c249,zh-cn,9cc48fa9-3a36-4069-b58a-3f29854cca74,csv5c,黑晶炽诚,Dark Crystal Blaze,129,164,Complete,100,100,394,394,0,false,false,164,0,395,395,395,0,0,0,all-supabase-primary-objects-present,0,0,0,0,0,0,0,0,0,0,0,no-external-public-links,0,0,0,0,no-external-public-links
79f43e8f-7062-4d29-8571-569eccb7c249,zh-cn,b921de8d-c127-44c4-825b-bac5dd7e5661,csv6c,真实玄虚,Arcane Truth,128,163,Complete,100,100,393,393,0,false,false,163,0,394,394,394,0,0,0,all-supabase-primary-objects-present,0,0,0,0,0,0,0,0,0,0,0,no-external-public-links,0,0,0,0,no-external-public-links
79f43e8f-7062-4d29-8571-569eccb7c249,zh-cn,1f37ca26-f79b-47b6-9ba8-87f6c14b03fa,csv7c,利刃猛醒,Blade Awakened,204,259,Complete,100,100,605,605,0,false,false,259,0,606,606,606,0,0,0,all-supabase-primary-objects-present,0,0,0,0,0,0,0,0,0,0,0,no-external-public-links,0,0,0,0,no-external-public-links
79f43e8f-7062-4d29-8571-569eccb7c249,zh-cn,488ef846-c6f3-42e6-8fc1-7bf2928b2bcf,csv8c,璀璨诡幻,Sparkling Fantasy,207,264,Complete,100,100,616,616,0,false,false,264,0,617,617,617,0,0,0,all-supabase-primary-objects-present,0,0,0,0,0,0,0,0,0,0,0,no-external-public-links,0,0,0,0,no-external-public-links
79f43e8f-7062-4d29-8571-569eccb7c249,zh-cn,034890ae-726c-44ec-bae9-b3e7d1ffdf45,csv9.5c,太晶盛聚,Terastal Gathering,208,259,Complete,100,100,610,610,0,false,false,259,0,611,611,611,0,0,0,all-supabase-primary-objects-present,0,0,0,0,0,0,0,0,0,0,0,no-external-public-links,0,0,0,0,no-external-public-links
79f43e8f-7062-4d29-8571-569eccb7c249,zh-cn,2034da87-a87d-40e9-a8f2-85ca06fb8b5f,csv9c,星彩晶璃,Stellar Crystal,208,266,Complete,100,100,620,620,0,false,false,266,0,621,621,621,0,0,0,all-supabase-primary-objects-present,0,0,0,0,0,0,0,0,0,0,0,no-external-public-links,0,0,0,0,no-external-public-links
79f43e8f-7062-4d29-8571-569eccb7c249,zh-cn,50e63f27-28bd-455a-8e4d-659eb7c3e16a,csve1c,对战派对 共梦,Battle Party: Shared Dream,,178,Complete,100,100,194,194,0,false,false,178,0,194,194,194,0,0,0,all-supabase-primary-objects-present,0,0,0,0,0,0,0,0,0,0,0,no-external-public-links,0,0,0,0,no-external-public-links
79f43e8f-7062-4d29-8571-569eccb7c249,zh-cn,8b3f9c5d-1bc9-4493-abe4-8623a4675c99,csve1pc,对战派对 共梦 奖赏包,Battle Party: Shared Dream — King Reward Pack,,24,Complete,100,100,24,24,0,false,false,24,0,24,24,24,0,0,0,all-supabase-primary-objects-present,0,0,0,0,0,0,0,0,0,0,0,no-external-public-links,0,0,0,0,no-external-public-links
79f43e8f-7062-4d29-8571-569eccb7c249,zh-cn,d9a5eeb3-023e-4c7c-ac83-8f77e831a108,csve2c,对战派对 耀梦,Battle Party: Shining Dream,,208,Complete,100,100,237,237,0,false,false,208,0,237,237,237,0,0,0,all-supabase-primary-objects-present,0,0,0,0,0,0,0,0,0,0,0,no-external-public-links,0,0,0,0,no-external-public-links
79f43e8f-7062-4d29-8571-569eccb7c249,zh-cn,244324e6-618e-4d94-9fb4-d71dbda8f936,csve2pc,对战派对 耀梦 奖赏包,Battle Party: Shining Dream — King Reward Pack,,24,Complete,100,100,24,24,0,false,false,24,0,24,24,24,0,0,0,all-supabase-primary-objects-present,0,0,0,0,0,0,0,0,0,0,0,no-external-public-links,0,0,0,0,no-external-public-links
79f43e8f-7062-4d29-8571-569eccb7c249,zh-cn,367aed91-064f-4d2c-8b25-197abcdf9abc,csvh1ac,嗨皮组合 皮卡丘&皮皮&草苗龟&索财灵 改造包,Happy Set 1: Modification Pack,,23,Complete,100,100,23,23,0,false,false,23,0,23,23,23,0,0,0,all-supabase-primary-objects-present,0,0,0,0,0,0,0,0,0,0,0,no-external-public-links,0,0,0,0,no-external-public-links
79f43e8f-7062-4d29-8571-569eccb7c249,zh-cn,34f311f1-6804-4a0d-9e60-eae3fd8bb8d6,csvh1c,嗨皮组合 皮卡丘&皮皮&草苗龟&索财灵,Happy Set 1: Pikachu & Clefairy & Turtwig & Gimmighoul,,59,Complete,100,100,170,170,0,false,false,59,0,170,170,170,0,0,0,all-supabase-primary-objects-present,0,0,0,0,0,0,0,0,0,0,0,no-external-public-links,0,0,0,0,no-external-public-links
79f43e8f-7062-4d29-8571-569eccb7c249,zh-cn,bcceb460-d10c-42a9-a8d6-cd6dabac00f0,csvh1pc,嗨皮组合 皮卡丘&皮皮&草苗龟&索财灵 奖赏包,Happy Set 1: Reward Pack,,6,Complete,100,100,6,6,0,false,false,6,0,6,6,6,0,0,0,all-supabase-primary-objects-present,0,0,0,0,0,0,0,0,0,0,0,no-external-public-links,0,0,0,0,no-external-public-links
79f43e8f-7062-4d29-8571-569eccb7c249,zh-cn,68cb60a6-248c-4ba2-a242-53a7688fc889,csvh2ac,嗨皮组合 路卡利欧&甲贺忍蛙&藏玛然特&獒教父 改造包,Happy Set 2: Modification Pack,,23,Complete,100,100,23,23,0,false,false,23,0,23,23,23,0,0,0,all-supabase-primary-objects-present,0,0,0,0,0,0,0,0,0,0,0,no-external-public-links,0,0,0,0,no-external-public-links
79f43e8f-7062-4d29-8571-569eccb7c249,zh-cn,b73c026f-df9a-412e-8e61-c9811b5fe3cc,csvh2c,嗨皮卡组 路卡利欧&甲贺忍蛙&藏玛然特&獒教父,Happy Set 2: Lucario & Greninja & Zamazenta & Mabosstiff,,58,Complete,100,100,170,170,0,false,false,58,0,170,170,170,0,0,0,all-supabase-primary-objects-present,0,0,0,0,0,0,0,0,0,0,0,no-external-public-links,0,0,0,0,no-external-public-links
79f43e8f-7062-4d29-8571-569eccb7c249,zh-cn,da0814f6-494c-4a62-9efe-b091aff06be8,csvh2pc,嗨皮组合 路卡利欧&甲贺忍蛙&藏玛然特&獒教父 奖赏包,Happy Set 2: Reward Pack,,6,Complete,100,100,6,6,0,false,false,6,0,6,6,6,0,0,0,all-supabase-primary-objects-present,0,0,0,0,0,0,0,0,0,0,0,no-external-public-links,0,0,0,0,no-external-public-links
79f43e8f-7062-4d29-8571-569eccb7c249,zh-cn,edada0ac-f7df-46af-aec1-f7a68b5b2562,csvh3ac,嗨皮组合 七夕青鸟&拉帝欧斯&烈焰猴&一家鼠 改造包,Happy Set 3: Modification Pack,,23,Complete,100,100,23,23,0,false,false,23,0,23,23,23,0,0,0,all-supabase-primary-objects-present,0,0,0,0,0,0,0,0,0,0,0,no-external-public-links,0,0,0,0,no-external-public-links
79f43e8f-7062-4d29-8571-569eccb7c249,zh-cn,9a87cc5f-0594-458c-a50e-78dc1b345a49,csvh3c,嗨皮卡组 七夕青鸟&拉帝欧斯&烈焰猴&一家鼠,Happy Set 3: Altaria & Latios & Infernape & Maushold,,64,Complete,100,100,180,180,0,false,false,64,0,180,180,180,0,0,0,all-supabase-primary-objects-present,0,0,0,0,0,0,0,0,0,0,0,no-external-public-links,0,0,0,0,no-external-public-links
79f43e8f-7062-4d29-8571-569eccb7c249,zh-cn,a2dff7dc-cac7-4681-a05d-88e4934e4248,csvh3pc,嗨皮组合 七夕青鸟&拉帝欧斯&烈焰猴&一家鼠 奖赏包,Happy Set 3: Reward Pack,,6,Complete,100,100,6,6,0,false,false,6,0,6,6,6,0,0,0,all-supabase-primary-objects-present,0,0,0,0,0,0,0,0,0,0,0,no-external-public-links,0,0,0,0,no-external-public-links
79f43e8f-7062-4d29-8571-569eccb7c249,zh-cn,36e2e20a-4ce2-45ed-a3bd-d81628db8dcb,csvh4ac,嗨皮组合 狙射树枭&美录梅塔&故勒顿&密勒顿 改造包,Happy Set 4: Modification Pack,,23,Complete,100,100,23,23,0,false,false,23,0,23,23,23,0,0,0,all-supabase-primary-objects-present,0,0,0,0,0,0,0,0,0,0,0,no-external-public-links,0,0,0,0,no-external-public-links
79f43e8f-7062-4d29-8571-569eccb7c249,zh-cn,f0f9b873-3f53-4c4a-857a-218d9ccc5dd9,csvh4c,嗨皮卡组 狙射树枭&美录梅塔&故勒顿&密勒顿,Happy Set 4: Decidueye & Melmetal & Koraidon & Miraidon,,59,Complete,100,100,168,168,0,false,false,59,0,168,168,168,0,0,0,all-supabase-primary-objects-present,0,0,0,0,0,0,0,0,0,0,0,no-external-public-links,0,0,0,0,no-external-public-links
79f43e8f-7062-4d29-8571-569eccb7c249,zh-cn,a9ecf12d-cb58-490d-b556-657a8ab9ab78,csvh4ec,嗨皮组合 狙射树枭&美录梅塔&故勒顿&密勒顿 嗨皮包,Happy Set 4: Happy Pack,,49,Complete,100,100,147,147,0,false,false,49,0,147,147,147,0,0,0,all-supabase-primary-objects-present,0,0,0,0,0,0,0,0,0,0,0,no-external-public-links,0,0,0,0,no-external-public-links
79f43e8f-7062-4d29-8571-569eccb7c249,zh-cn,1fdf1a67-0e6d-436b-90de-020f0703be92,csvh4pc,嗨皮组合 狙射树枭&美录梅塔&故勒顿&密勒顿 奖赏包,Happy Set 4: Reward Pack,,6,Complete,100,100,6,6,0,false,false,6,0,6,6,6,0,0,0,all-supabase-primary-objects-present,0,0,0,0,0,0,0,0,0,0,0,no-external-public-links,0,0,0,0,no-external-public-links
79f43e8f-7062-4d29-8571-569eccb7c249,zh-cn,35768e31-7f45-4d15-9867-a4839652a56a,csvh5ac,嗨皮组合 快龙&超梦&喷火驼&来悲粗茶 改造包,Happy Set 5: Modification Pack,,23,Complete,100,100,23,23,0,false,false,23,0,23,23,23,0,0,0,all-supabase-primary-objects-present,0,0,0,0,0,0,0,0,0,0,0,no-external-public-links,0,0,0,0,no-external-public-links
79f43e8f-7062-4d29-8571-569eccb7c249,zh-cn,3e93b7a1-30af-4f0d-b200-4ef8f38915b0,csvh5c,嗨皮组合 快龙&超梦&喷火驼&来悲粗茶,Happy Set 5: Dragonite & Mewtwo & Camerupt & Sinistcha,,58,Complete,100,100,180,180,0,false,false,58,0,180,180,180,0,0,0,all-supabase-primary-objects-present,0,0,0,0,0,0,0,0,0,0,0,no-external-public-links,0,0,0,0,no-external-public-links
79f43e8f-7062-4d29-8571-569eccb7c249,zh-cn,40c0389f-795c-417c-b01f-9a945566f03a,csvh5ec,嗨皮组合 快龙&超梦&喷火驼&来悲粗茶 嗨皮包,Happy Set 5: Happy Pack,,49,Complete,100,100,147,147,0,false,false,49,0,147,147,147,0,0,0,all-supabase-primary-objects-present,0,0,0,0,0,0,0,0,0,0,0,no-external-public-links,0,0,0,0,no-external-public-links
79f43e8f-7062-4d29-8571-569eccb7c249,zh-cn,9194070f-a9f7-40ba-a1e8-baa41a539a9b,csvh5pc,嗨皮组合 快龙&超梦&喷火驼&来悲粗茶 奖赏包,Happy Set 5: Reward Pack,,6,Complete,100,100,6,6,0,false,false,6,0,6,6,6,0,0,0,all-supabase-primary-objects-present,0,0,0,0,0,0,0,0,0,0,0,no-external-public-links,0,0,0,0,no-external-public-links
79f43e8f-7062-4d29-8571-569eccb7c249,zh-cn,3738516b-cd62-4541-aa2b-2cbfcb4197ce,csvl1c,启程专题包,Departure Special Pack,,133,Complete,100,100,133,133,0,false,false,133,0,133,133,133,0,0,0,all-supabase-primary-objects-present,0,0,0,0,0,0,0,0,0,0,0,no-external-public-links,0,0,0,0,no-external-public-links
79f43e8f-7062-4d29-8571-569eccb7c249,zh-cn,b00d2f30-2ef5-4a8c-9263-d2b337a053be,csvl2c,游历专题包,Travel Theme Pack,,139,Complete,100,100,139,139,0,false,false,139,0,139,139,139,0,0,0,all-supabase-primary-objects-present,0,0,0,0,0,0,0,0,0,0,0,no-external-public-links,0,0,0,0,no-external-public-links
79f43e8f-7062-4d29-8571-569eccb7c249,zh-cn,04e73e20-0b3f-4df0-bbe0-d422928d5f0e,csvm1ac,大师战略卡组构筑套装 喷火龙ex,Master Strategy Deck Building Set: Charizard ex,,33,Complete,100,100,33,33,0,false,false,33,0,33,33,33,0,0,0,all-supabase-primary-objects-present,0,0,0,0,0,0,0,0,0,0,0,no-external-public-links,0,0,0,0,no-external-public-links
79f43e8f-7062-4d29-8571-569eccb7c249,zh-cn,81ff5c5b-1c4a-43df-bec7-8b438c1cae3f,csvm1bc,大师战略卡组构筑套装 沙奈朵ex,Master Strategy Deck Building Set: Gardevoir ex,,33,Complete,100,100,33,33,0,false,false,33,0,33,33,33,0,0,0,all-supabase-primary-objects-present,0,0,0,0,0,0,0,0,0,0,0,no-external-public-links,0,0,0,0,no-external-public-links
79f43e8f-7062-4d29-8571-569eccb7c249,zh-cn,be3c372e-cd14-49e8-82d7-42d89f99b261,csvm1cc,大师战略卡组构筑套装 密勒顿ex,Master Strategy Deck Building Set: Miraidon ex,,28,Complete,100,100,28,28,0,false,false,28,0,28,28,28,0,0,0,all-supabase-primary-objects-present,0,0,0,0,0,0,0,0,0,0,0,no-external-public-links,0,0,0,0,no-external-public-links
79f43e8f-7062-4d29-8571-569eccb7c249,zh-cn,69b0ac5a-e2d0-4591-853b-b6ffe2069965,csvm2ac,大师战略卡组构筑套装 猛雷鼓ex,Master Strategy Deck Building Set: Raging Bolt ex,,31,Complete,100,100,31,31,0,false,false,31,0,31,31,31,0,0,0,all-supabase-primary-objects-present,0,0,0,0,0,0,0,0,0,0,0,no-external-public-links,0,0,0,0,no-external-public-links
79f43e8f-7062-4d29-8571-569eccb7c249,zh-cn,3053c95d-5736-4a76-8498-6d713d2e5f42,csvm2bc,大师战略卡组构筑套装 多龙巴鲁托ex,Master Strategy Deck Building Set: Dragapult ex,,34,Complete,100,100,34,34,0,false,false,34,0,34,34,34,0,0,0,all-supabase-primary-objects-present,0,0,0,0,0,0,0,0,0,0,0,no-external-public-links,0,0,0,0,no-external-public-links
79f43e8f-7062-4d29-8571-569eccb7c249,zh-cn,745bb9d2-a1ec-40a7-9e42-5e4d12f31cf5,csvm2cc,大师战略卡组构筑套装 赛富豪ex,Master Strategy Deck Building Set: Gholdengo ex,,32,Complete,100,100,32,32,0,false,false,32,0,32,32,32,0,0,0,all-supabase-primary-objects-present,0,0,0,0,0,0,0,0,0,0,0,no-external-public-links,0,0,0,0,no-external-public-links
79f43e8f-7062-4d29-8571-569eccb7c249,zh-cn,5ee47c31-74b5-4648-9326-468a939e455d,csvnc,北上乡专题包（5张装）,Kitakami Theme Pack,,44,Complete,100,100,44,44,0,false,false,44,0,44,44,44,0,0,0,all-supabase-primary-objects-present,0,0,0,0,0,0,0,0,0,0,0,no-external-public-links,0,0,0,0,no-external-public-links
79f43e8f-7062-4d29-8571-569eccb7c249,zh-cn,0c923759-c6cc-4b69-b205-eda5a97d3629,csvsc,对战学院,Battle Academy,,66,Complete,100,100,90,90,0,false,false,66,0,90,90,90,0,0,0,all-supabase-primary-objects-present,0,0,0,0,0,0,0,0,0,0,0,no-external-public-links,0,0,0,0,no-external-public-links
79f43e8f-7062-4d29-8571-569eccb7c249,zh-cn,9e19da56-f7be-4a0b-b385-be5bc6749535,csxc,骑拉帝纳VSTAR卡组构筑进阶礼盒,Giratina VSTAR Advanced Deck Building Gift Box,,20,Complete,100,100,20,20,0,false,false,20,0,20,20,20,0,0,0,all-supabase-primary-objects-present,0,0,0,0,0,0,0,0,0,0,0,no-external-public-links,0,0,0,0,no-external-public-links
79f43e8f-7062-4d29-8571-569eccb7c249,zh-cn,79e8ac11-286a-4d4a-a006-d5d78a61c232,csyc,精灵球/等级球礼盒：宝可梦艺术插画庆典 聚,Poké Ball Gift Box: Art Illustration Celebration Gathering,,16,Complete,100,100,16,16,0,false,false,16,0,16,16,16,0,0,0,all-supabase-primary-objects-present,0,0,0,0,0,0,0,0,0,0,0,no-external-public-links,0,0,0,0,no-external-public-links
79f43e8f-7062-4d29-8571-569eccb7c249,zh-cn,92e3a042-cb87-4db8-938e-3eab4bee6901,cszc,收藏周边礼盒 百变宝盒,Variety Treasure Box Collection,,68,Complete,100,100,68,68,0,false,false,68,0,68,68,68,0,0,0,all-supabase-primary-objects-present,0,0,0,0,0,0,0,0,0,0,0,no-external-public-links,0,0,0,0,no-external-public-links
79f43e8f-7062-4d29-8571-569eccb7c249,zh-cn,b6d885e6-40de-4e3d-808d-fc2294af8ad4,promo-30th-p,特典卡·30周年,30th Anniversary Promos,,18,Complete,100,100,18,18,0,false,false,18,0,19,19,19,0,0,0,all-supabase-primary-objects-present,0,0,0,0,0,0,0,0,0,0,0,no-external-public-links,0,0,0,0,no-external-public-links
79f43e8f-7062-4d29-8571-569eccb7c249,zh-cn,3858072b-8d5d-42d3-9c5c-4557c8ec6ddb,promo-s-p,特典卡·剑&盾,Sword & Shield Promos,,220,Complete,100,100,242,242,0,false,false,220,0,243,243,243,0,0,0,all-supabase-primary-objects-present,0,0,0,0,0,0,0,0,0,0,0,no-external-public-links,0,0,0,0,no-external-public-links
79f43e8f-7062-4d29-8571-569eccb7c249,zh-cn,4aa930fc-35fa-4e68-a34b-624fc70fb2cb,promo-sm-p,特典卡·太阳&月亮,Sun & Moon Promos,,50,Complete,100,100,61,61,0,false,false,50,0,61,61,61,0,0,0,all-supabase-primary-objects-present,0,0,0,0,0,0,0,0,0,0,0,no-external-public-links,0,0,0,0,no-external-public-links
79f43e8f-7062-4d29-8571-569eccb7c249,zh-cn,9724f830-eb52-423f-a8ce-2feb4c2e91f1,promo-sv-p,特典卡·朱&紫,Scarlet & Violet Promos,,353,Complete,100,100,553,553,0,false,false,353,0,553,553,553,0,0,0,all-supabase-primary-objects-present,0,0,0,0,0,0,0,0,0,0,0,no-external-public-links,0,0,0,0,no-external-public-links
79f43e8f-7062-4d29-8571-569eccb7c249,zh-cn,1dbfe92e-8914-49b2-974c-47683cf51d4d,SV10,火箭隊的榮耀,Destined Rivals,98,98,Images incomplete,0,0,98,0,98,false,false,98,98,0,0,0,0,0,0,no-current-public-asset-manifest-links,0,0,0,0,0,0,0,0,0,0,0,no-external-public-links,0,0,0,0,no-external-public-links
79f43e8f-7062-4d29-8571-569eccb7c249,zh-cn,a7ec23e4-2ab3-4dcd-931d-e71f2aee4906,SV7,星晶奇跡,星晶奇跡,102,132,Images incomplete,0,0,132,0,132,false,true,132,132,0,0,0,0,0,0,no-current-public-asset-manifest-links,0,0,0,0,0,0,0,0,0,0,0,no-external-public-links,0,0,0,0,no-external-public-links
79f43e8f-7062-4d29-8571-569eccb7c249,zh-cn,4719ccc9-35c0-406a-b2c2-989af15d77b0,SV7a,樂園騰龍,樂園騰龍,64,64,Images incomplete,0,0,64,0,64,false,true,64,64,0,0,0,0,0,0,no-current-public-asset-manifest-links,0,0,0,0,0,0,0,0,0,0,0,no-external-public-links,0,0,0,0,no-external-public-links
79f43e8f-7062-4d29-8571-569eccb7c249,zh-cn,66d9e865-7d40-4b2e-8ef0-ae24fca87673,SV8,超電突圍,超電突圍,106,106,Images incomplete,0,0,106,0,106,false,true,106,106,0,0,0,0,0,0,no-current-public-asset-manifest-links,0,0,0,0,0,0,0,0,0,0,0,no-external-public-links,0,0,0,0,no-external-public-links
79f43e8f-7062-4d29-8571-569eccb7c249,zh-cn,a16f8d4c-d648-4bee-a219-9abc2aae49a6,SV8a,太晶慶典ex,太晶慶典ex,187,237,Images incomplete,0,0,382,0,382,false,true,237,237,0,0,0,0,0,0,no-current-public-asset-manifest-links,0,0,0,0,0,0,0,0,0,0,0,no-external-public-links,0,0,0,0,no-external-public-links
79f43e8f-7062-4d29-8571-569eccb7c249,zh-cn,b67bee5b-da76-4575-a263-ab9cb69d4d7b,SV9,對戰搭檔,對戰搭檔,100,100,Images incomplete,0,0,100,0,100,false,true,100,100,0,0,0,0,0,0,no-current-public-asset-manifest-links,0,0,0,0,0,0,0,0,0,0,0,no-external-public-links,0,0,0,0,no-external-public-links
79f43e8f-7062-4d29-8571-569eccb7c249,zh-cn,2060f3b9-08e9-4182-8138-58bdaf2203ff,SV9a,熱風競技場,熱風競技場,63,92,Images incomplete,0,0,92,0,92,false,true,92,92,0,0,0,0,0,0,no-current-public-asset-manifest-links,0,0,0,0,0,0,0,0,0,0,0,no-external-public-links,0,0,0,0,no-external-public-links
f15e8ee8-c3ae-43e8-bc06-7cbd4adac70e,zh-tw,9a71e2aa-241a-4895-9224-959e6983c4a3,S10a,黑暗亡靈,黑暗亡靈,71,71,Images incomplete,16.67,0,120,20,100,false,true,71,71,20,20,20,0,0,0,all-supabase-primary-objects-present,0,0,0,0,0,0,0,0,0,0,0,no-external-public-links,0,0,0,0,no-external-public-links
f15e8ee8-c3ae-43e8-bc06-7cbd4adac70e,zh-tw,ff1e5d11-3043-4137-a0a2-bc2b2da43d9e,S10b,Pokémon GO,Pokémon GO,71,79,Images incomplete,25.32,0,79,20,59,false,true,79,79,20,20,20,0,0,0,all-supabase-primary-objects-present,0,0,0,0,0,0,0,0,0,0,0,no-external-public-links,0,0,0,0,no-external-public-links
f15e8ee8-c3ae-43e8-bc06-7cbd4adac70e,zh-tw,fd0c18a1-c4c3-451d-a43f-4593cd07804e,S10D,時間觀察者,時間觀察者,67,67,Images incomplete,29.85,0,67,20,47,false,true,67,67,20,20,20,0,0,0,all-supabase-primary-objects-present,0,0,0,0,0,0,0,0,0,0,0,no-external-public-links,0,0,0,0,no-external-public-links
f15e8ee8-c3ae-43e8-bc06-7cbd4adac70e,zh-tw,71a109c6-2c3a-4e6d-ae1b-4cdce9441c8c,S10P,空間魔術師,空間魔術師,67,67,Images incomplete,29.85,0,67,20,47,false,true,67,67,20,20,20,0,0,0,all-supabase-primary-objects-present,0,0,0,0,0,0,0,0,0,0,0,no-external-public-links,0,0,0,0,no-external-public-links
f15e8ee8-c3ae-43e8-bc06-7cbd4adac70e,zh-tw,a7f84e96-a008-47f0-8b41-a05de3f23618,S11,三連音爆,三連音爆,100,100,Images incomplete,20,0,100,20,80,false,true,100,100,20,20,20,0,0,0,all-supabase-primary-objects-present,0,0,0,0,0,0,0,0,0,0,0,no-external-public-links,0,0,0,0,no-external-public-links
f15e8ee8-c3ae-43e8-bc06-7cbd4adac70e,zh-tw,545b8020-25d6-4e10-b380-1856f905956f,S11a,白熱奧祕,白熱奧祕,68,68,Images incomplete,17.54,0,114,20,94,false,true,68,68,20,20,20,0,0,0,all-supabase-primary-objects-present,0,0,0,0,0,0,0,0,0,0,0,no-external-public-links,0,0,0,0,no-external-public-links
f15e8ee8-c3ae-43e8-bc06-7cbd4adac70e,zh-tw,eb834c9a-e8b3-474b-8ddb-6f57bf58d3d2,S12,思維激盪,思維激盪,98,114,Images incomplete,17.54,0,114,20,94,false,true,114,114,20,20,20,0,0,0,all-supabase-primary-objects-present,0,0,0,0,0,0,0,0,0,0,0,no-external-public-links,0,0,0,0,no-external-public-links
f15e8ee8-c3ae-43e8-bc06-7cbd4adac70e,zh-tw,eed3fcbd-fd4c-4b7f-9b75-a68e15d61476,S12a,天地萬物VSTAR,天地萬物VSTAR,172,250,Images incomplete,5.9,0,339,20,319,false,true,250,250,20,20,20,0,0,0,all-supabase-primary-objects-present,0,0,0,0,0,0,0,0,0,0,0,no-external-public-links,0,0,0,0,no-external-public-links
f15e8ee8-c3ae-43e8-bc06-7cbd4adac70e,zh-tw,ec980234-74f1-4b88-bafa-a8c84ab36d38,S4,驚天伏特攻擊,Amazing Volt Tackle,100,100,Images incomplete,20,0,100,20,80,false,false,100,100,20,20,20,0,0,0,all-supabase-primary-objects-present,0,0,0,0,0,0,0,0,0,0,0,no-external-public-links,0,0,0,0,no-external-public-links
f15e8ee8-c3ae-43e8-bc06-7cbd4adac70e,zh-tw,e6feffca-611b-479c-bfb2-43b80374458f,S4a,閃色明星V,Shiny Star V,190,190,Images incomplete,10.53,0,190,20,170,false,false,190,190,20,20,20,0,0,0,all-supabase-primary-objects-present,0,0,0,0,0,0,0,0,0,0,0,no-external-public-links,0,0,0,0,no-external-public-links
f15e8ee8-c3ae-43e8-bc06-7cbd4adac70e,zh-tw,8ee58e69-05d9-4aca-94be-9b1099f0aa3f,S5a,雙璧戰士,雙璧戰士,70,70,Images incomplete,28.57,0,70,20,50,false,true,70,70,20,20,20,0,0,0,all-supabase-primary-objects-present,0,0,0,0,0,0,0,0,0,0,0,no-external-public-links,0,0,0,0,no-external-public-links
f15e8ee8-c3ae-43e8-bc06-7cbd4adac70e,zh-tw,384319e0-5887-4575-933c-5d05848e8e1f,S5I,一撃大師,一撃大師,70,70,Images incomplete,28.57,0,70,20,50,false,true,70,70,20,20,20,0,0,0,all-supabase-primary-objects-present,0,0,0,0,0,0,0,0,0,0,0,no-external-public-links,0,0,0,0,no-external-public-links
f15e8ee8-c3ae-43e8-bc06-7cbd4adac70e,zh-tw,fa4fe313-ee43-4824-91bd-b3a6c16aaf7c,S5R,連撃大師,連撃大師,70,70,Images incomplete,28.57,0,70,20,50,false,true,70,70,20,20,20,0,0,0,all-supabase-primary-objects-present,0,0,0,0,0,0,0,0,0,0,0,no-external-public-links,0,0,0,0,no-external-public-links
f15e8ee8-c3ae-43e8-bc06-7cbd4adac70e,zh-tw,b4dbdf8f-b0ec-4185-8e74-0c3b2b0e7648,S6a,伊布英雄,伊布英雄,69,69,Images incomplete,28.99,0,69,20,49,false,true,69,69,20,20,20,0,0,0,all-supabase-primary-objects-present,0,0,0,0,0,0,0,0,0,0,0,no-external-public-links,0,0,0,0,no-external-public-links
f15e8ee8-c3ae-43e8-bc06-7cbd4adac70e,zh-tw,631ac177-7fbc-4a0f-9ec5-85660f4009cd,S6H,銀白戰槍,銀白戰槍,70,70,Images incomplete,28.57,0,70,20,50,false,true,70,70,20,20,20,0,0,0,all-supabase-primary-objects-present,0,0,0,0,0,0,0,0,0,0,0,no-external-public-links,0,0,0,0,no-external-public-links
f15e8ee8-c3ae-43e8-bc06-7cbd4adac70e,zh-tw,565ca9b6-c3b7-4398-a96a-d0dfd1bc1886,S6K,漆黑幽魂,漆黑幽魂,70,70,Images incomplete,28.57,0,70,20,50,false,true,70,70,20,20,20,0,0,0,all-supabase-primary-objects-present,0,0,0,0,0,0,0,0,0,0,0,no-external-public-links,0,0,0,0,no-external-public-links
f15e8ee8-c3ae-43e8-bc06-7cbd4adac70e,zh-tw,4a00009f-25a3-4dce-83dd-7bc6b757c046,S7D,摩天巔峰,摩天巔峰,67,67,Images incomplete,29.85,0,67,20,47,false,true,67,67,20,20,20,0,0,0,all-supabase-primary-objects-present,0,0,0,0,0,0,0,0,0,0,0,no-external-public-links,0,0,0,0,no-external-public-links
f15e8ee8-c3ae-43e8-bc06-7cbd4adac70e,zh-tw,dfc21eb0-e33a-4cc8-b368-82e5bafa71da,S7R,蒼空烈流,蒼空烈流,67,67,Images incomplete,29.85,0,67,20,47,false,true,67,67,20,20,20,0,0,0,all-supabase-primary-objects-present,0,0,0,0,0,0,0,0,0,0,0,no-external-public-links,0,0,0,0,no-external-public-links
f15e8ee8-c3ae-43e8-bc06-7cbd4adac70e,zh-tw,87c0562d-f7e7-4395-8a2a-a17705341951,S8,匯流藝術,匯流藝術,100,100,Images incomplete,20,0,100,20,80,false,true,100,100,20,20,20,0,0,0,all-supabase-primary-objects-present,0,0,0,0,0,0,0,0,0,0,0,no-external-public-links,0,0,0,0,no-external-public-links
f15e8ee8-c3ae-43e8-bc06-7cbd4adac70e,zh-tw,52d0226c-123a-4b62-bcc4-0433b5afb56f,S8a,25週年收藏款,25週年收藏款,28,33,Images incomplete,60.61,0,33,20,13,false,true,33,33,20,20,20,0,0,0,all-supabase-primary-objects-present,0,0,0,0,0,0,0,0,0,0,0,no-external-public-links,0,0,0,0,no-external-public-links
f15e8ee8-c3ae-43e8-bc06-7cbd4adac70e,zh-tw,7201a603-407b-491c-b118-467f6549e400,S8b,VMAX絕群壓軸,VMAX Climax,184,184,Metadata incomplete,10.31,0,291,20,271,false,false,181,181,20,20,20,0,0,0,all-supabase-primary-objects-present,0,0,0,0,0,0,0,0,0,0,0,no-external-public-links,0,0,0,0,no-external-public-links
f15e8ee8-c3ae-43e8-bc06-7cbd4adac70e,zh-tw,ec704d48-6e26-4489-9063-4eb4f5924233,S9,星星誕生,星星誕生,100,100,Images incomplete,20,0,100,20,80,false,true,100,100,20,20,20,0,0,0,all-supabase-primary-objects-present,0,0,0,0,0,0,0,0,0,0,0,no-external-public-links,0,0,0,0,no-external-public-links
f15e8ee8-c3ae-43e8-bc06-7cbd4adac70e,zh-tw,834c9416-bd5e-4a1d-9170-d8e4ba817d20,S9a,對戰地區,對戰地區,67,67,Images incomplete,30.36,0,112,20,92,false,true,67,67,20,20,20,0,0,0,all-supabase-primary-objects-present,0,0,0,0,0,0,0,0,0,0,0,no-external-public-links,0,0,0,0,no-external-public-links
f15e8ee8-c3ae-43e8-bc06-7cbd4adac70e,zh-tw,9ebab1ca-0ebf-429c-83ed-9fe6735f9832,SC1a,劍&盾 SET A,劍&盾 SET A,154,172,Images incomplete,0,0,172,0,172,false,true,172,172,0,0,0,0,0,0,no-current-public-asset-manifest-links,0,0,0,0,0,0,0,0,0,0,0,no-external-public-links,0,0,0,0,no-external-public-links
f15e8ee8-c3ae-43e8-bc06-7cbd4adac70e,zh-tw,205ab185-9052-4965-b9f0-20fe44b7b61f,SC1b,劍&盾 SET B,劍&盾 SET B,153,171,Images incomplete,0,0,171,0,171,false,true,171,171,0,0,0,0,0,0,no-current-public-asset-manifest-links,0,0,0,0,0,0,0,0,0,0,0,no-external-public-links,0,0,0,0,no-external-public-links
f15e8ee8-c3ae-43e8-bc06-7cbd4adac70e,zh-tw,4b4beb82-d593-4c0b-850f-3197e7dd0ac5,SC1D,劍&盾,劍&盾,164,164,Images incomplete,0,0,164,0,164,false,true,164,164,0,0,0,0,0,0,no-current-public-asset-manifest-links,0,0,0,0,0,0,0,0,0,0,0,no-external-public-links,0,0,0,0,no-external-public-links
f15e8ee8-c3ae-43e8-bc06-7cbd4adac70e,zh-tw,8c05228d-e60d-46c6-888b-c13d4b51660d,SC2a,無極力量 SET A,無極力量 SET A,145,145,Images incomplete,0,0,145,0,145,false,true,145,145,0,0,0,0,0,0,no-current-public-asset-manifest-links,0,0,0,0,0,0,0,0,0,0,0,no-external-public-links,0,0,0,0,no-external-public-links
f15e8ee8-c3ae-43e8-bc06-7cbd4adac70e,zh-tw,f3b1c12f-8002-41e4-b682-9109c6628a71,SC2b,無極力量 SET B,無極力量 SET B,144,144,Images incomplete,0,0,144,0,144,false,true,144,144,0,0,0,0,0,0,no-current-public-asset-manifest-links,0,0,0,0,0,0,0,0,0,0,0,no-external-public-links,0,0,0,0,no-external-public-links
f15e8ee8-c3ae-43e8-bc06-7cbd4adac70e,zh-tw,d14fde0e-c786-41d0-93ef-6dc69cef94d0,SC2D,無極力量,無極力量,157,157,Images incomplete,0,0,157,0,157,false,true,157,157,0,0,0,0,0,0,no-current-public-asset-manifest-links,0,0,0,0,0,0,0,0,0,0,0,no-external-public-links,0,0,0,0,no-external-public-links
f15e8ee8-c3ae-43e8-bc06-7cbd4adac70e,zh-tw,41251d8a-6a1c-4f91-8e84-22e2fe7737fd,SCA,搭檔,搭檔,135,135,Images incomplete,14.81,0,135,20,115,false,true,135,135,20,20,20,0,0,0,all-supabase-primary-objects-present,0,0,0,0,0,0,0,0,0,0,0,no-external-public-links,0,0,0,0,no-external-public-links
f15e8ee8-c3ae-43e8-bc06-7cbd4adac70e,zh-tw,5578c7d0-f386-4945-b651-65dd2f3ee2d3,SCB,挑戰,挑戰,156,156,Images incomplete,12.82,0,156,20,136,false,true,156,156,20,20,20,0,0,0,all-supabase-primary-objects-present,0,0,0,0,0,0,0,0,0,0,0,no-external-public-links,0,0,0,0,no-external-public-links
f15e8ee8-c3ae-43e8-bc06-7cbd4adac70e,zh-tw,c816b27f-f145-413b-b971-3f7b1542f24c,SCC,進化,Evolution,172,171,Metadata incomplete,11.7,0,171,20,151,false,false,171,171,20,20,20,0,0,0,all-supabase-primary-objects-present,0,0,0,0,0,0,0,0,0,0,0,no-external-public-links,0,0,0,0,no-external-public-links
f15e8ee8-c3ae-43e8-bc06-7cbd4adac70e,zh-tw,70184f97-2d37-457a-8ae4-21a4b40d270c,SCD,強大,強大,159,159,Images incomplete,12.58,0,159,20,139,false,true,159,159,20,20,20,0,0,0,all-supabase-primary-objects-present,0,0,0,0,0,0,0,0,0,0,0,no-external-public-links,0,0,0,0,no-external-public-links
f15e8ee8-c3ae-43e8-bc06-7cbd4adac70e,zh-tw,86911534-c30a-4701-9443-2eb4916d2fe8,SDL,噴火龍,噴火龍,21,21,Images incomplete,95.24,0,21,20,1,false,true,21,21,20,20,20,0,0,0,all-supabase-primary-objects-present,0,0,0,0,0,0,0,0,0,0,0,no-external-public-links,0,0,0,0,no-external-public-links
f15e8ee8-c3ae-43e8-bc06-7cbd4adac70e,zh-tw,1ff38683-60fc-448a-9e8e-f6096dd8608b,SDM,超夢,超夢,22,22,Images incomplete,90.91,0,22,20,2,false,true,22,22,20,20,20,0,0,0,all-supabase-primary-objects-present,0,0,0,0,0,0,0,0,0,0,0,no-external-public-links,0,0,0,0,no-external-public-links
f15e8ee8-c3ae-43e8-bc06-7cbd4adac70e,zh-tw,8f6936bf-5b7c-4072-9331-e85f423ade80,SDP,皮卡丘,皮卡丘,22,22,Images incomplete,90.91,0,22,20,2,false,true,22,22,20,20,20,0,0,0,all-supabase-primary-objects-present,0,0,0,0,0,0,0,0,0,0,0,no-external-public-links,0,0,0,0,no-external-public-links
f15e8ee8-c3ae-43e8-bc06-7cbd4adac70e,zh-tw,929a6c13-5b43-4aba-b887-1f86cc94ce31,SH,寶可夢卡牌家庭組合,寶可夢卡牌家庭組合,38,59,Images incomplete,33.9,0,59,20,39,false,true,59,59,20,20,20,0,0,0,all-supabase-primary-objects-present,0,0,0,0,0,0,0,0,0,0,0,no-external-public-links,0,0,0,0,no-external-public-links
f15e8ee8-c3ae-43e8-bc06-7cbd4adac70e,zh-tw,749e4fbd-3eda-46e3-8a89-c6244595e6a2,SI,初階牌組100,初階牌組100,414,422,Images incomplete,4.74,0,422,20,402,false,true,422,422,20,20,20,0,0,0,all-supabase-primary-objects-present,0,0,0,0,0,0,0,0,0,0,0,no-external-public-links,0,0,0,0,no-external-public-links
f15e8ee8-c3ae-43e8-bc06-7cbd4adac70e,zh-tw,6c446b0c-155d-4926-b0ee-5369f6ac44d3,SJ,藏瑪然特VS無極汰那,藏瑪然特VS無極汰那,28,30,Images incomplete,66.67,0,30,20,10,false,true,30,30,20,20,20,0,0,0,all-supabase-primary-objects-present,0,0,0,0,0,0,0,0,0,0,0,no-external-public-links,0,0,0,0,no-external-public-links
f15e8ee8-c3ae-43e8-bc06-7cbd4adac70e,zh-tw,1217161f-69bf-4176-acce-93f23e475d04,SK,頂級訓練家收藏箱 VSTAR,頂級訓練家收藏箱 VSTAR,30,30,Images incomplete,66.67,0,30,20,10,false,true,30,30,20,20,20,0,0,0,all-supabase-primary-objects-present,0,0,0,0,0,0,0,0,0,0,0,no-external-public-links,0,0,0,0,no-external-public-links
f15e8ee8-c3ae-43e8-bc06-7cbd4adac70e,zh-tw,99d2cff9-6664-4b0f-8e9a-f9c9ed4fd563,SLD,起始組合VSTAR 達克萊伊,起始組合VSTAR 達克萊伊,20,21,Images incomplete,95.24,0,21,20,1,false,true,21,21,20,20,20,0,0,0,all-supabase-primary-objects-present,0,0,0,0,0,0,0,0,0,0,0,no-external-public-links,0,0,0,0,no-external-public-links
f15e8ee8-c3ae-43e8-bc06-7cbd4adac70e,zh-tw,c1a9f285-94bb-40a6-acef-547a5a0b0fb0,SLL,起始組合VSTAR 路卡利歐,起始組合VSTAR 路卡利歐,21,22,Images incomplete,90.91,0,22,20,2,false,true,22,22,20,20,20,0,0,0,all-supabase-primary-objects-present,0,0,0,0,0,0,0,0,0,0,0,no-external-public-links,0,0,0,0,no-external-public-links
f15e8ee8-c3ae-43e8-bc06-7cbd4adac70e,zh-tw,9932f014-e867-49a3-8597-424386f59ba5,SN,初階牌組100 特別版,初階牌組100 特別版,24,25,Images incomplete,80,0,25,20,5,false,true,25,25,20,20,20,0,0,0,all-supabase-primary-objects-present,0,0,0,0,0,0,0,0,0,0,0,no-external-public-links,0,0,0,0,no-external-public-links
f15e8ee8-c3ae-43e8-bc06-7cbd4adac70e,zh-tw,104c8230-fefa-450c-8b97-0773154d456b,SP5,強大,強大,0,4,Set art incomplete,100,0,4,4,0,false,true,4,4,4,4,4,0,0,0,all-supabase-primary-objects-present,0,0,0,0,0,0,0,0,0,0,0,no-external-public-links,0,0,0,0,no-external-public-links
f15e8ee8-c3ae-43e8-bc06-7cbd4adac70e,zh-tw,b29d2b28-f5a2-474a-9173-0d29fb5aeb55,SP6,VSTAR特別組合,VSTAR特別組合,6,6,Set art incomplete,100,0,6,6,0,false,true,6,6,6,6,6,0,0,0,all-supabase-primary-objects-present,0,0,0,0,0,0,0,0,0,0,0,no-external-public-links,0,0,0,0,no-external-public-links
f15e8ee8-c3ae-43e8-bc06-7cbd4adac70e,zh-tw,2d2c36be-9511-4b30-9979-ad6af1a4f9ee,SPD,VSTAR&VMAX 高級牌組 代歐奇希斯,VSTAR&VMAX 高級牌組 代歐奇希斯,20,20,Set art incomplete,100,0,20,20,0,false,true,20,20,20,20,20,0,0,0,all-supabase-primary-objects-present,0,0,0,0,0,0,0,0,0,0,0,no-external-public-links,0,0,0,0,no-external-public-links
f15e8ee8-c3ae-43e8-bc06-7cbd4adac70e,zh-tw,0dc7982d-2a45-4984-b930-0d4e688d4fa9,SPZ,VSTAR&VMAX 高級牌組 捷拉奧拉,VSTAR&VMAX 高級牌組 捷拉奧拉,20,20,Set art incomplete,100,0,20,20,0,false,true,20,20,20,20,20,0,0,0,all-supabase-primary-objects-present,0,0,0,0,0,0,0,0,0,0,0,no-external-public-links,0,0,0,0,no-external-public-links
f15e8ee8-c3ae-43e8-bc06-7cbd4adac70e,zh-tw,25b5a960-6481-497d-86b8-b0845a504501,SV-P,特典卡 朱&紫,特典卡 朱&紫,0,94,Images incomplete,0,0,94,0,94,false,true,94,94,0,0,0,0,0,0,no-current-public-asset-manifest-links,0,0,0,0,0,0,0,0,0,0,0,no-external-public-links,0,0,0,0,no-external-public-links
f15e8ee8-c3ae-43e8-bc06-7cbd4adac70e,zh-tw,4f84057b-edcf-4523-967c-5997ae696987,SV10,火箭隊的榮耀,Destined Rivals,98,98,Set art incomplete,100,0,98,98,0,false,false,98,98,98,98,98,0,0,0,all-supabase-primary-objects-present,0,0,0,0,0,0,0,0,0,0,0,no-external-public-links,0,0,0,0,no-external-public-links
f15e8ee8-c3ae-43e8-bc06-7cbd4adac70e,zh-tw,f3d6f626-76dc-40f6-b20c-f37f76de7a69,SV1a,三連音爆,三連音爆,73,73,Images incomplete,27.4,0,73,20,53,false,true,73,73,20,20,20,0,0,0,all-supabase-primary-objects-present,0,0,0,0,0,0,0,0,0,0,0,no-external-public-links,0,0,0,0,no-external-public-links
f15e8ee8-c3ae-43e8-bc06-7cbd4adac70e,zh-tw,92afdf21-b16e-4e85-b54f-5f0603cbf6fa,SV1S,朱ex,朱ex,78,78,Images incomplete,25.64,0,78,20,58,false,true,78,78,20,20,20,0,0,0,all-supabase-primary-objects-present,0,0,0,0,0,0,0,0,0,0,0,no-external-public-links,0,0,0,0,no-external-public-links
f15e8ee8-c3ae-43e8-bc06-7cbd4adac70e,zh-tw,496f02eb-5cda-4b1b-a5cf-e46816c6f834,SV1V,紫ex,紫ex,78,78,Images incomplete,25.64,0,78,20,58,false,true,78,78,20,20,20,0,0,0,all-supabase-primary-objects-present,0,0,0,0,0,0,0,0,0,0,0,no-external-public-links,0,0,0,0,no-external-public-links
f15e8ee8-c3ae-43e8-bc06-7cbd4adac70e,zh-tw,3c0c1ae1-7d62-4384-97f1-734ff9460162,SV2a,寶可夢卡牌151,寶可夢卡牌151,165,207,Images incomplete,10.28,0,360,20,340,false,true,207,207,20,20,20,0,0,0,all-supabase-primary-objects-present,0,0,0,0,0,0,0,0,0,0,0,no-external-public-links,0,0,0,0,no-external-public-links
f15e8ee8-c3ae-43e8-bc06-7cbd4adac70e,zh-tw,8ea4465e-f94f-4cb8-af60-8b7e954400b9,SV2D,碟旋暴擊,碟旋暴擊,71,71,Images incomplete,28.17,0,71,20,51,false,true,71,71,20,20,20,0,0,0,all-supabase-primary-objects-present,0,0,0,0,0,0,0,0,0,0,0,no-external-public-links,0,0,0,0,no-external-public-links
f15e8ee8-c3ae-43e8-bc06-7cbd4adac70e,zh-tw,0c790038-ee1a-411f-bd9c-fed9238c1c42,SV2P,冰雪險境,冰雪險境,71,71,Images incomplete,28.17,0,71,20,51,false,true,71,71,20,20,20,0,0,0,all-supabase-primary-objects-present,0,0,0,0,0,0,0,0,0,0,0,no-external-public-links,0,0,0,0,no-external-public-links
f15e8ee8-c3ae-43e8-bc06-7cbd4adac70e,zh-tw,0dbaa91f-c0c6-497d-8ef0-fc4370c5ed8a,SV3,黯焰支配者,黯焰支配者,108,138,Images incomplete,14.49,0,138,20,118,false,true,138,138,20,20,20,0,0,0,all-supabase-primary-objects-present,0,0,0,0,0,0,0,0,0,0,0,no-external-public-links,0,0,0,0,no-external-public-links
f15e8ee8-c3ae-43e8-bc06-7cbd4adac70e,zh-tw,16b683e4-6270-4625-9fae-b2478a08c659,SV3a,激狂駭浪,激狂駭浪,62,89,Images incomplete,22.47,0,89,20,69,false,true,89,89,20,20,20,0,0,0,all-supabase-primary-objects-present,0,0,0,0,0,0,0,0,0,0,0,no-external-public-links,0,0,0,0,no-external-public-links
f15e8ee8-c3ae-43e8-bc06-7cbd4adac70e,zh-tw,34f73eff-5db3-4617-bd57-73421edebb86,SV4a,閃色寶藏ex,閃色寶藏ex,190,314,Images incomplete,8.11,0,407,20,387,false,true,314,314,20,20,20,0,0,0,all-supabase-primary-objects-present,0,0,0,0,0,0,0,0,0,0,0,no-external-public-links,0,0,0,0,no-external-public-links
f15e8ee8-c3ae-43e8-bc06-7cbd4adac70e,zh-tw,15442620-179d-4442-a040-d9fa0060c7e4,SV4K,古代咆哮,古代咆哮,66,66,Images incomplete,30.3,0,66,20,46,false,true,66,66,20,20,20,0,0,0,all-supabase-primary-objects-present,0,0,0,0,0,0,0,0,0,0,0,no-external-public-links,0,0,0,0,no-external-public-links
f15e8ee8-c3ae-43e8-bc06-7cbd4adac70e,zh-tw,2abc3c6e-7715-4f79-900f-a2c567e4e1c9,SV4M,未來閃光,未來閃光,66,66,Images incomplete,30.3,0,66,20,46,false,true,66,66,20,20,20,0,0,0,all-supabase-primary-objects-present,0,0,0,0,0,0,0,0,0,0,0,no-external-public-links,0,0,0,0,no-external-public-links
f15e8ee8-c3ae-43e8-bc06-7cbd4adac70e,zh-tw,8dc60098-a384-4259-88b9-d2efa74b5a1d,SV5a,緋紅薄霧,緋紅薄霧,66,66,Images incomplete,30.3,0,66,20,46,false,true,66,66,20,20,20,0,0,0,all-supabase-primary-objects-present,0,0,0,0,0,0,0,0,0,0,0,no-external-public-links,0,0,0,0,no-external-public-links
f15e8ee8-c3ae-43e8-bc06-7cbd4adac70e,zh-tw,2cc9e59f-b9d6-42db-9426-d5d18faab0c9,SV5K,狂野之力,Wild Force,71,100,Metadata incomplete,43.48,0,46,20,26,false,false,46,46,20,20,20,0,0,0,all-supabase-primary-objects-present,0,0,0,0,0,0,0,0,0,0,0,no-external-public-links,0,0,0,0,no-external-public-links
f15e8ee8-c3ae-43e8-bc06-7cbd4adac70e,zh-tw,6979a86e-8439-443d-b8b3-b9e2ebfb0bd3,SV5M,異度審判,異度審判,71,97,Images incomplete,20.62,0,97,20,77,false,true,97,97,20,20,20,0,0,0,all-supabase-primary-objects-present,0,0,0,0,0,0,0,0,0,0,0,no-external-public-links,0,0,0,0,no-external-public-links
f15e8ee8-c3ae-43e8-bc06-7cbd4adac70e,zh-tw,b933f0ba-40ac-4846-80ee-74c4a2b1cf71,SV6,變幻假面,變幻假面,101,130,Images incomplete,15.38,0,130,20,110,false,true,130,130,20,20,20,0,0,0,all-supabase-primary-objects-present,0,0,0,0,0,0,0,0,0,0,0,no-external-public-links,0,0,0,0,no-external-public-links
f15e8ee8-c3ae-43e8-bc06-7cbd4adac70e,zh-tw,adcb6f6c-95f3-4a55-b9e5-464ed79a1ac3,SV6a,黑夜漫遊者,黑夜漫遊者,64,64,Images incomplete,0,0,64,0,64,false,true,64,64,0,0,0,0,0,0,no-current-public-asset-manifest-links,0,0,0,0,0,0,0,0,0,0,0,no-external-public-links,0,0,0,0,no-external-public-links
f15e8ee8-c3ae-43e8-bc06-7cbd4adac70e,zh-tw,bf50694e-8be5-4fa4-a77e-6fdb73ec17ac,SV7,星晶奇跡,星晶奇跡,102,132,Set art incomplete,100,0,132,132,0,false,true,132,132,132,132,132,0,0,0,all-supabase-primary-objects-present,0,0,0,0,0,0,0,0,0,0,0,no-external-public-links,0,0,0,0,no-external-public-links
f15e8ee8-c3ae-43e8-bc06-7cbd4adac70e,zh-tw,e044ea13-4498-4aa8-b46c-71bcc203bc89,SV7a,樂園騰龍,樂園騰龍,64,64,Set art incomplete,100,0,64,64,0,false,true,64,64,64,64,64,0,0,0,all-supabase-primary-objects-present,0,0,0,0,0,0,0,0,0,0,0,no-external-public-links,0,0,0,0,no-external-public-links
f15e8ee8-c3ae-43e8-bc06-7cbd4adac70e,zh-tw,05597373-2080-4842-bb67-c314e884f856,SV8,超電突圍,超電突圍,106,106,Set art incomplete,100,0,106,106,0,false,true,106,106,106,106,106,0,0,0,all-supabase-primary-objects-present,0,0,0,0,0,0,0,0,0,0,0,no-external-public-links,0,0,0,0,no-external-public-links
f15e8ee8-c3ae-43e8-bc06-7cbd4adac70e,zh-tw,d53eee17-75b8-48a8-bde5-50ac129a3558,SV8a,太晶慶典ex,太晶慶典ex,187,237,Set art incomplete,100,0,382,237,145,false,true,237,237,237,237,237,0,0,0,all-supabase-primary-objects-present,0,0,0,0,0,0,0,0,0,0,0,no-external-public-links,0,0,0,0,no-external-public-links
f15e8ee8-c3ae-43e8-bc06-7cbd4adac70e,zh-tw,cd44897f-ea2e-4f63-b662-e4ddce1ac7e7,SV9,對戰搭檔,對戰搭檔,100,100,Set art incomplete,100,0,100,100,0,false,true,100,100,100,100,100,0,0,0,all-supabase-primary-objects-present,0,0,0,0,0,0,0,0,0,0,0,no-external-public-links,0,0,0,0,no-external-public-links
f15e8ee8-c3ae-43e8-bc06-7cbd4adac70e,zh-tw,664d717f-745d-4178-ae4f-5863ae558a2f,SV9a,熱風競技場,熱風競技場,63,92,Set art incomplete,100,0,92,92,0,false,true,92,92,92,92,92,0,0,0,all-supabase-primary-objects-present,0,0,0,0,0,0,0,0,0,0,0,no-external-public-links,0,0,0,0,no-external-public-links
f15e8ee8-c3ae-43e8-bc06-7cbd4adac70e,zh-tw,bb1ba963-5030-4f3f-8f06-dee6c668fb05,SVAL,起始組合ex 呆火鱷&電龍 ex,起始組合ex 呆火鱷&電龍 ex,21,23,Images incomplete,86.96,0,23,20,3,false,true,23,23,20,20,20,0,0,0,all-supabase-primary-objects-present,0,0,0,0,0,0,0,0,0,0,0,no-external-public-links,0,0,0,0,no-external-public-links
f15e8ee8-c3ae-43e8-bc06-7cbd4adac70e,zh-tw,005e4850-7601-4765-b538-290882ded6d8,SVAM,起始組合ex 新葉喵&路卡利歐 ex,起始組合ex 新葉喵&路卡利歐 ex,23,25,Images incomplete,80,0,25,20,5,false,true,25,25,20,20,20,0,0,0,all-supabase-primary-objects-present,0,0,0,0,0,0,0,0,0,0,0,no-external-public-links,0,0,0,0,no-external-public-links
f15e8ee8-c3ae-43e8-bc06-7cbd4adac70e,zh-tw,2f9aa179-e91b-4643-84d6-968944833c66,SVAW,起始組合ex 潤水鴨&謎擬Ｑ ex,起始組合ex 潤水鴨&謎擬Ｑ ex,23,25,Images incomplete,80,0,25,20,5,false,true,25,25,20,20,20,0,0,0,all-supabase-primary-objects-present,0,0,0,0,0,0,0,0,0,0,0,no-external-public-links,0,0,0,0,no-external-public-links
f15e8ee8-c3ae-43e8-bc06-7cbd4adac70e,zh-tw,88d9f4ce-d66f-46c6-9c98-cadcdbe617ff,SVB,頂級訓練家收藏箱ex,頂級訓練家收藏箱ex,28,36,Images incomplete,55.56,0,36,20,16,false,true,36,36,20,20,20,0,0,0,all-supabase-primary-objects-present,0,0,0,0,0,0,0,0,0,0,0,no-external-public-links,0,0,0,0,no-external-public-links
f15e8ee8-c3ae-43e8-bc06-7cbd4adac70e,zh-tw,0c39417c-7e51-4c2e-83a4-e7180ff18ed1,SVC,皮卡丘特別組合,皮卡丘特別組合,21,22,Images incomplete,90.91,0,22,20,2,false,true,22,22,20,20,20,0,0,0,all-supabase-primary-objects-present,0,0,0,0,0,0,0,0,0,0,0,no-external-public-links,0,0,0,0,no-external-public-links
f15e8ee8-c3ae-43e8-bc06-7cbd4adac70e,zh-tw,aeacc226-2669-41be-87af-adb0792b6a26,SVD,ex初階牌組,ex初階牌組,139,147,Images incomplete,13.61,0,147,20,127,false,true,147,147,20,20,20,0,0,0,all-supabase-primary-objects-present,0,0,0,0,0,0,0,0,0,0,0,no-external-public-links,0,0,0,0,no-external-public-links
f15e8ee8-c3ae-43e8-bc06-7cbd4adac70e,zh-tw,471359a2-3314-463e-aea4-d5c302663333,SVEL,骨紋巨聲鱷ex,骨紋巨聲鱷ex,20,21,Images incomplete,95.24,0,21,20,1,false,true,21,21,20,20,20,0,0,0,all-supabase-primary-objects-present,0,0,0,0,0,0,0,0,0,0,0,no-external-public-links,0,0,0,0,no-external-public-links
f15e8ee8-c3ae-43e8-bc06-7cbd4adac70e,zh-tw,afefc691-41e8-4ac7-97d8-776ded533215,SVEM,超夢ex,超夢ex,20,21,Images incomplete,95.24,0,21,20,1,false,true,21,21,20,20,20,0,0,0,all-supabase-primary-objects-present,0,0,0,0,0,0,0,0,0,0,0,no-external-public-links,0,0,0,0,no-external-public-links
f15e8ee8-c3ae-43e8-bc06-7cbd4adac70e,zh-tw,319b65a2-a424-4273-bfff-6c18965ab00a,SVF,黯焰支配者,黯焰支配者,38,46,Images incomplete,43.48,0,46,20,26,false,true,46,46,20,20,20,0,0,0,all-supabase-primary-objects-present,0,0,0,0,0,0,0,0,0,0,0,no-external-public-links,0,0,0,0,no-external-public-links
f15e8ee8-c3ae-43e8-bc06-7cbd4adac70e,zh-tw,c1728b7e-684e-445f-a12b-4f7b2dcc8fba,SVHK,未來密勒頓ex,未來密勒頓ex,22,24,Images incomplete,83.33,0,24,20,4,false,true,24,24,20,20,20,0,0,0,all-supabase-primary-objects-present,0,0,0,0,0,0,0,0,0,0,0,no-external-public-links,0,0,0,0,no-external-public-links
f15e8ee8-c3ae-43e8-bc06-7cbd4adac70e,zh-tw,d72c9fe3-b3d5-4a4d-9fcc-eb7cca2a88bc,SVHM,閃色寶藏ex,閃色寶藏ex,22,24,Images incomplete,83.33,0,24,20,4,false,true,24,24,20,20,20,0,0,0,all-supabase-primary-objects-present,0,0,0,0,0,0,0,0,0,0,0,no-external-public-links,0,0,0,0,no-external-public-links
f15e8ee8-c3ae-43e8-bc06-7cbd4adac70e,zh-tw,34e5af6e-66d0-4fea-98ce-b1fa1ec1d1dd,SVP1,ex特別組合,ex特別組合,7,7,Set art incomplete,100,0,7,7,0,false,true,7,7,7,7,7,0,0,0,all-supabase-primary-objects-present,0,0,0,0,0,0,0,0,0,0,0,no-external-public-links,0,0,0,0,no-external-public-links
